solid OpenSCAD_Model
  facet normal 0.227272 -0.707109 0.669585
    outer loop
      vertex 0.877853 0.799999 6.27411
      vertex 0.645569 0 5.50812
      vertex 0.89296 0 5.42415
    endloop
  endfacet
  facet normal -0.653215 0.707114 0.270739
    outer loop
      vertex -2.22415 19.85 4.09296
      vertex -2.93323 19.05 4.47159
      vertex -2.20416 19.85 4.14119
    endloop
  endfacet
  facet normal -0.321429 0 0.946934
    outer loop
      vertex -1.17487 19.05 6.17329
      vertex -0.877853 0.799999 6.27411
      vertex -0.877853 19.05 6.27411
    endloop
  endfacet
  facet normal -0.321429 0 0.946934
    outer loop
      vertex -0.877853 0.799999 6.27411
      vertex -1.17487 19.05 6.17329
      vertex -1.17487 0.799999 6.17329
    endloop
  endfacet
  facet normal 0.0462416 0.707108 0.705591
    outer loop
      vertex 0.365433 19.05 6.37604
      vertex 0.0260773 19.85 5.59656
      vertex 0.0523224 19.05 6.39656
    endloop
  endfacet
  facet normal 0.442315 0 -0.89686
    outer loop
      vertex 2.70615 0.799999 0.0608978
      vertex 2.79999 0.892822 0.107178
      vertex 2.79999 0.799999 0.107178
    endloop
  endfacet
  facet normal 0.442315 0 -0.89686
    outer loop
      vertex 2.79999 0.892822 0.107178
      vertex 2.70615 0.799999 0.0608978
      vertex 2.70615 0.939102 0.0608978
    endloop
  endfacet
  facet normal 0.0462816 0.707116 0.705582
    outer loop
      vertex 0.286926 19.85 5.57945
      vertex 0.0260773 19.85 5.59656
      vertex 0.365433 19.05 6.37604
    endloop
  endfacet
  facet normal 0.182834 0.707116 0.683051
    outer loop
      vertex 0.645569 19.85 5.50812
      vertex 0.59491 19.85 5.52168
      vertex 0.776794 19.05 6.30118
    endloop
  endfacet
  facet normal 0.182957 -0.70711 0.683024
    outer loop
      vertex 0.776794 0.799999 6.30118
      vertex 0.645569 0 5.50812
      vertex 0.877853 0.799999 6.27411
    endloop
  endfacet
  facet normal 0.612377 -0.707103 0.353552
    outer loop
      vertex 2.74211 0.799999 4.84364
      vertex 2.08849 0 4.37576
      vertex 2.7944 0.799999 4.75307
    endloop
  endfacet
  facet normal -0.270727 0.70711 0.653225
    outer loop
      vertex -0.941193 19.85 5.40416
      vertex -1.27159 19.05 6.13322
      vertex -0.89296 19.85 5.42415
    endloop
  endfacet
  facet normal -0.466232 0.707106 0.531629
    outer loop
      vertex -1.67612 19.85 4.91312
      vertex -2.22331 19.05 5.4973
      vertex -1.9874 19.05 5.70419
    endloop
  endfacet
  facet normal -0.683024 -0.70711 0.182958
    outer loop
      vertex -2.30812 0 3.84557
      vertex -3.10118 0.799999 3.97679
      vertex -2.32169 0 3.79491
    endloop
  endfacet
  facet normal -0.0923452 -0.707116 0.701041
    outer loop
      vertex -0.286926 0 5.57945
      vertex -0.365433 0.799999 6.37604
      vertex -0.338928 0 5.5726
    endloop
  endfacet
  facet normal -0.705592 -0.707107 0.0462606
    outer loop
      vertex -2.37946 0 3.48695
      vertex -3.17603 0.799999 3.56544
      vertex -2.39914 0 3.18678
    endloop
  endfacet
  facet normal -0.137959 0.70711 0.693515
    outer loop
      vertex -0.59491 19.85 5.52168
      vertex -0.776794 19.05 6.30118
      vertex -0.469193 19.05 6.36237
    endloop
  endfacet
  facet normal 0.312763 -0.707106 0.634177
    outer loop
      vertex 1.27159 0.799999 6.13322
      vertex 1.17577 0 5.28848
      vertex 1.55307 0.799999 5.9944
    endloop
  endfacet
  facet normal -0.866028 0 0.499996
    outer loop
      vertex -2.7944 0.799999 4.75307
      vertex -2.74211 19.05 4.84364
      vertex -2.7944 19.05 4.75307
    endloop
  endfacet
  facet normal -0.866028 0 0.499996
    outer loop
      vertex -2.74211 19.05 4.84364
      vertex -2.7944 0.799999 4.75307
      vertex -2.74211 0.799999 4.84364
    endloop
  endfacet
  facet normal 0.560978 -0.707112 0.430461
    outer loop
      vertex 1.88542 0 4.67964
      vertex 2.56792 0.799999 5.10435
      vertex 2.5042 0.799999 5.18739
    endloop
  endfacet
  facet normal 0.560978 -0.707112 0.430461
    outer loop
      vertex 2.56792 0.799999 5.10435
      vertex 1.88542 0 4.67964
      vertex 1.91728 0 4.63812
    endloop
  endfacet
  facet normal -0.706725 -0.707109 0.0231579
    outer loop
      vertex -2.39914 0 3.18678
      vertex -3.2 0.799999 3.17375
      vertex -2.39999 0 3.16084
    endloop
  endfacet
  facet normal 0.466213 0.707109 0.53164
    outer loop
      vertex 1.67612 19.85 4.91312
      vertex 1.47964 19.85 5.08542
      vertex 1.9874 19.05 5.70419
    endloop
  endfacet
  facet normal -0.707107 0 0.707107
    outer loop
      vertex -2.2973 0.799999 5.42331
      vertex -2.22331 19.05 5.4973
      vertex -2.2973 19.05 5.42331
    endloop
  endfacet
  facet normal -0.707107 0 0.707107
    outer loop
      vertex -2.22331 19.05 5.4973
      vertex -2.2973 0.799999 5.42331
      vertex -2.22331 0.799999 5.4973
    endloop
  endfacet
  facet normal 0.227209 -0.707249 -0.669459
    outer loop
      vertex 2.70615 0.799999 0.0608978
      vertex 2.39839 0 0.801605
      vertex 2.60706 0.799999 0.0272675
    endloop
  endfacet
  facet normal 0.693503 -0.707121 0.137963
    outer loop
      vertex 3.10118 0.799999 3.97679
      vertex 3.00809 0.643718 3.64372
      vertex 3.13635 0.799999 3.8
    endloop
  endfacet
  facet normal 0.693519 -0.707107 0.137952
    outer loop
      vertex 3.00809 0.643718 3.64372
      vertex 3.10118 0.799999 3.97679
      vertex 2.37263 0 3.5388
    endloop
  endfacet
  facet normal 0.669586 -0.70711 0.227268
    outer loop
      vertex 2.9733 0.799999 4.37486
      vertex 2.22415 0 4.09296
      vertex 3.07411 0.799999 4.07785
    endloop
  endfacet
  facet normal 0.612295 -0.707111 0.35368
    outer loop
      vertex 2.74211 0.799999 4.84364
      vertex 2.06241 0 4.42091
      vertex 2.08849 0 4.37576
    endloop
  endfacet
  facet normal 0.321429 0 0.946934
    outer loop
      vertex 0.877853 19.05 6.27411
      vertex 1.17487 0.799999 6.17329
      vertex 1.17487 19.05 6.17329
    endloop
  endfacet
  facet normal 0.321429 0 0.946934
    outer loop
      vertex 1.17487 0.799999 6.17329
      vertex 0.877853 19.05 6.27411
      vertex 0.877853 0.799999 6.27411
    endloop
  endfacet
  facet normal 0.0653957 0 0.997859
    outer loop
      vertex 0.0523224 19.05 6.39656
      vertex 0.365433 0.799999 6.37604
      vertex 0.365433 19.05 6.37604
    endloop
  endfacet
  facet normal 0.0653957 0 0.997859
    outer loop
      vertex 0.365433 0.799999 6.37604
      vertex 0.0523224 19.05 6.39656
      vertex 0.0523224 0.799999 6.39656
    endloop
  endfacet
  facet normal -0.0923595 -0.707116 0.70104
    outer loop
      vertex -0.365433 0.799999 6.37604
      vertex -0.469193 0.799999 6.36237
      vertex -0.338928 0 5.5726
    endloop
  endfacet
  facet normal -0.182834 -0.707116 0.683051
    outer loop
      vertex -0.59491 0 5.52168
      vertex -0.776794 0.799999 6.30118
      vertex -0.645569 0 5.50812
    endloop
  endfacet
  facet normal -0.531626 0.707109 0.466231
    outer loop
      vertex -1.71312 19.85 4.87611
      vertex -2.5042 19.05 5.18739
      vertex -2.2973 19.05 5.42331
    endloop
  endfacet
  facet normal -0.227285 0.707107 0.669583
    outer loop
      vertex -0.89296 19.85 5.42415
      vertex -1.17487 19.05 6.17329
      vertex -0.877853 19.05 6.27411
    endloop
  endfacet
  facet normal -0.693523 -0.707105 0.137941
    outer loop
      vertex -2.32169 0 3.79491
      vertex -3.10118 0.799999 3.97679
      vertex -2.37263 0 3.5388
    endloop
  endfacet
  facet normal -0.442313 0 0.896861
    outer loop
      vertex -1.55307 19.05 5.9944
      vertex -1.27159 0.799999 6.13322
      vertex -1.27159 19.05 6.13322
    endloop
  endfacet
  facet normal -0.442313 0 0.896861
    outer loop
      vertex -1.27159 0.799999 6.13322
      vertex -1.55307 19.05 5.9944
      vertex -1.55307 0.799999 5.9944
    endloop
  endfacet
  facet normal 0.0461375 -0.707108 -0.705599
    outer loop
      vertex 2.39839 0 0.801605
      vertex 2.37389 0 0.800003
      vertex 2.39999 0.799999 0
    endloop
  endfacet
  facet normal -0.312763 0.707105 0.634178
    outer loop
      vertex -1.17577 19.85 5.28848
      vertex -1.55307 19.05 5.9944
      vertex -1.27159 19.05 6.13322
    endloop
  endfacet
  facet normal 0.612295 0.70711 0.35368
    outer loop
      vertex 2.08849 19.85 4.37576
      vertex 2.06241 19.85 4.42091
      vertex 2.74211 19.05 4.84364
    endloop
  endfacet
  facet normal -0.531625 -0.707109 0.466231
    outer loop
      vertex -2.2973 0.799999 5.42331
      vertex -2.5042 0.799999 5.18739
      vertex -1.71312 0 4.87611
    endloop
  endfacet
  facet normal -0.382743 0 0.923855
    outer loop
      vertex -1.27159 19.05 6.13322
      vertex -1.17487 0.799999 6.17329
      vertex -1.17487 19.05 6.17329
    endloop
  endfacet
  facet normal -0.382743 0 0.923855
    outer loop
      vertex -1.17487 0.799999 6.17329
      vertex -1.27159 19.05 6.13322
      vertex -1.27159 0.799999 6.13322
    endloop
  endfacet
  facet normal 0.896848 -0 0.442338
    outer loop
      vertex 2.7944 0.799999 4.75307
      vertex 2.93323 19.05 4.47159
      vertex 2.7944 19.05 4.75307
    endloop
  endfacet
  facet normal 0.896848 0 0.442338
    outer loop
      vertex 2.93323 19.05 4.47159
      vertex 2.7944 0.799999 4.75307
      vertex 2.93323 0.799999 4.47159
    endloop
  endfacet
  facet normal 0.0923595 -0.707116 0.70104
    outer loop
      vertex 0.365433 0.799999 6.37604
      vertex 0.338928 0 5.5726
      vertex 0.469193 0.799999 6.36237
    endloop
  endfacet
  facet normal -0.587941 -0.70711 0.392836
    outer loop
      vertex -1.91728 0 4.63812
      vertex -2.74211 0.799999 4.84364
      vertex -2.06241 0 4.42091
    endloop
  endfacet
  facet normal 0.182834 -0.707116 0.683051
    outer loop
      vertex 0.776794 0.799999 6.30118
      vertex 0.59491 0 5.52168
      vertex 0.645569 0 5.50812
    endloop
  endfacet
  facet normal 0.683025 -0.70711 0.182956
    outer loop
      vertex 3.07411 0.799999 4.07785
      vertex 2.30812 0 3.84557
      vertex 3.10118 0.799999 3.97679
    endloop
  endfacet
  facet normal -0.612377 -0.707103 0.353552
    outer loop
      vertex -2.74211 0.799999 4.84364
      vertex -2.7944 0.799999 4.75307
      vertex -2.08849 0 4.37576
    endloop
  endfacet
  facet normal 0.683024 -0.70711 0.182958
    outer loop
      vertex 3.10118 0.799999 3.97679
      vertex 2.30812 0 3.84557
      vertex 2.32169 0 3.79491
    endloop
  endfacet
  facet normal 0.705604 -0.707106 -0.0460882
    outer loop
      vertex 2.59758 0.198793 0.801207
      vertex 2.39839 0 0.801605
      vertex 2.6256 0.228703 0.771297
    endloop
  endfacet
  facet normal 0.587773 -0.707336 -0.392683
    outer loop
      vertex 2.7442 0.39838 0.60162
      vertex 2.39839 0 0.801605
      vertex 2.8038 0.509713 0.490287
    endloop
  endfacet
  facet normal -0.0654712 0 -0.997854
    outer loop
      vertex -2.50441 0.799999 0.0068512
      vertex -2.39999 19.05 0
      vertex -2.39999 0.799999 0
    endloop
  endfacet
  facet normal -0.0654712 0 -0.997854
    outer loop
      vertex -2.39999 19.05 0
      vertex -2.50441 0.799999 0.0068512
      vertex -2.50441 19.05 0.0068512
    endloop
  endfacet
  facet normal -0.634186 0.707114 0.312727
    outer loop
      vertex -2.20416 19.85 4.14119
      vertex -2.93323 19.05 4.47159
      vertex -2.08849 19.85 4.37576
    endloop
  endfacet
  facet normal 0.270727 0.70711 0.653225
    outer loop
      vertex 0.941193 19.85 5.40416
      vertex 0.89296 19.85 5.42415
      vertex 1.27159 19.05 6.13322
    endloop
  endfacet
  facet normal -0.312743 -0.707109 0.634183
    outer loop
      vertex -0.941193 0 5.40416
      vertex -1.27159 0.799999 6.13322
      vertex -1.17577 0 5.28848
    endloop
  endfacet
  facet normal -0.63417 0.707104 0.312782
    outer loop
      vertex -2.08849 19.85 4.37576
      vertex -2.93323 19.05 4.47159
      vertex -2.7944 19.05 4.75307
    endloop
  endfacet
  facet normal 0 0.707107 0.707107
    outer loop
      vertex 0.0260773 19.85 5.59656
      vertex -0.0523224 19.05 6.39656
      vertex 0.0523224 19.05 6.39656
    endloop
  endfacet
  facet normal 0 0.707107 0.707107
    outer loop
      vertex -0.0523224 19.05 6.39656
      vertex 0.0260773 19.85 5.59656
      vertex -0.0260773 19.85 5.59656
    endloop
  endfacet
  facet normal -0.707102 0.707111 0
    outer loop
      vertex -2.39999 19.85 0.826111
      vertex -3.2 19.05 3.17375
      vertex -2.39999 19.85 3.16084
    endloop
  endfacet
  facet normal -0.707102 0.707111 0
    outer loop
      vertex -3.2 19.05 3.17375
      vertex -2.39999 19.85 0.826111
      vertex -3.2 19.05 0.800003
    endloop
  endfacet
  facet normal -0.612378 0.707103 0.353552
    outer loop
      vertex -2.08849 19.85 4.37576
      vertex -2.7944 19.05 4.75307
      vertex -2.74211 19.05 4.84364
    endloop
  endfacet
  facet normal -0.0462416 0.707108 0.705591
    outer loop
      vertex -0.0260773 19.85 5.59656
      vertex -0.365433 19.05 6.37604
      vertex -0.0523224 19.05 6.39656
    endloop
  endfacet
  facet normal 0.693523 -0.707105 0.137941
    outer loop
      vertex 3.10118 0.799999 3.97679
      vertex 2.32169 0 3.79491
      vertex 2.37263 0 3.5388
    endloop
  endfacet
  facet normal 0.707097 -0.707117 0
    outer loop
      vertex 2.39999 0 1
      vertex 2.39999 0 0.826111
      vertex 2.57975 0.179755 0.820245
    endloop
  endfacet
  facet normal 0.707087 -0.707126 0
    outer loop
      vertex 2.39999 0 3.16084
      vertex 2.39999 0 3
      vertex 2.56348 0.163481 3.16348
    endloop
  endfacet
  facet normal -0.793348 0 0.608768
    outer loop
      vertex -2.56792 0.799999 5.10435
      vertex -2.5042 19.05 5.18739
      vertex -2.56792 19.05 5.10435
    endloop
  endfacet
  facet normal -0.793348 0 0.608768
    outer loop
      vertex -2.5042 19.05 5.18739
      vertex -2.56792 0.799999 5.10435
      vertex -2.5042 0.799999 5.18739
    endloop
  endfacet
  facet normal 0.669585 -0.707109 0.227273
    outer loop
      vertex 3.07411 0.799999 4.07785
      vertex 2.22415 0 4.09296
      vertex 2.30812 0 3.84557
    endloop
  endfacet
  facet normal -0.5 0.707107 0.5
    outer loop
      vertex -1.67612 19.85 4.91312
      vertex -2.2973 19.05 5.42331
      vertex -2.22331 19.05 5.4973
    endloop
  endfacet
  facet normal -0.500064 0.707111 0.499929
    outer loop
      vertex -2.2973 19.05 5.42331
      vertex -1.67612 19.85 4.91312
      vertex -1.71312 19.85 4.87611
    endloop
  endfacet
  facet normal -0.587945 -0.707112 0.392828
    outer loop
      vertex -2.56792 0.799999 5.10435
      vertex -2.74211 0.799999 4.84364
      vertex -1.91728 0 4.63812
    endloop
  endfacet
  facet normal 0.466107 -0.707352 -0.53141
    outer loop
      vertex 2.88701 0.799999 0.165314
      vertex 2.88203 0.682038 0.317962
      vertex 2.39839 0 0.801605
    endloop
  endfacet
  facet normal 0.466078 -0.707364 -0.531421
    outer loop
      vertex 2.88203 0.682038 0.317962
      vertex 2.88701 0.799999 0.165314
      vertex 2.92656 0.799999 0.200001
    endloop
  endfacet
  facet normal -0.0461375 -0.707108 -0.705599
    outer loop
      vertex -2.39839 0 0.801605
      vertex -2.39999 0.799999 0
      vertex -2.37389 0 0.800003
    endloop
  endfacet
  facet normal 0 -0.707109 -0.707105
    outer loop
      vertex -2.39999 0.799999 0
      vertex 2.37389 0 0.800003
      vertex -2.37389 0 0.800003
    endloop
  endfacet
  facet normal 0 -0.707109 -0.707105
    outer loop
      vertex 2.37389 0 0.800003
      vertex -2.39999 0.799999 0
      vertex 2.39999 0.799999 0
    endloop
  endfacet
  facet normal 0 -1 0
    outer loop
      vertex 0 0 4.50814
      vertex -0.0260773 0 5.59656
      vertex -0.286926 0 5.57945
    endloop
  endfacet
  facet normal 0 -1 0
    outer loop
      vertex -0.0260773 0 5.59656
      vertex 0 0 4.50814
      vertex 0.0260773 0 5.59656
    endloop
  endfacet
  facet normal 0 -1 0
    outer loop
      vertex 0 0 4.50814
      vertex -0.286926 0 5.57945
      vertex -0.338928 0 5.5726
    endloop
  endfacet
  facet normal 0 -1 -0
    outer loop
      vertex 0.0260773 0 5.59656
      vertex 0 0 4.50814
      vertex 0.286926 0 5.57945
    endloop
  endfacet
  facet normal 0 -1 0
    outer loop
      vertex 0 0 4.50814
      vertex -0.338928 0 5.5726
      vertex -0.59491 0 5.52168
    endloop
  endfacet
  facet normal 0 -1 -0
    outer loop
      vertex 0.286926 0 5.57945
      vertex 0 0 4.50814
      vertex 0.338928 0 5.5726
    endloop
  endfacet
  facet normal 0 -1 0
    outer loop
      vertex 0 0 4.50814
      vertex -0.59491 0 5.52168
      vertex -0.645569 0 5.50812
    endloop
  endfacet
  facet normal 0 -1 -0
    outer loop
      vertex 0.338928 0 5.5726
      vertex 0 0 4.50814
      vertex 0.59491 0 5.52168
    endloop
  endfacet
  facet normal 0 -1 0
    outer loop
      vertex 0 0 4.50814
      vertex -0.645569 0 5.50812
      vertex -0.89296 0 5.42415
    endloop
  endfacet
  facet normal 0 -1 -0
    outer loop
      vertex 0.59491 0 5.52168
      vertex 0 0 4.50814
      vertex 0.645569 0 5.50812
    endloop
  endfacet
  facet normal 0 -1 0
    outer loop
      vertex 0 0 4.50814
      vertex -0.89296 0 5.42415
      vertex -0.941193 0 5.40416
    endloop
  endfacet
  facet normal 0 -1 -0
    outer loop
      vertex 0.645569 0 5.50812
      vertex 0 0 4.50814
      vertex 0.89296 0 5.42415
    endloop
  endfacet
  facet normal 0 -1 0
    outer loop
      vertex 0 0 4.50814
      vertex -0.941193 0 5.40416
      vertex -1.17577 0 5.28848
    endloop
  endfacet
  facet normal 0 -1 -0
    outer loop
      vertex 0.89296 0 5.42415
      vertex 0 0 4.50814
      vertex 0.941193 0 5.40416
    endloop
  endfacet
  facet normal 0 -1 0
    outer loop
      vertex -0.654068 0 3.85407
      vertex -1.17577 0 5.28848
      vertex -1.22092 0 5.26241
    endloop
  endfacet
  facet normal 0 -1 -0
    outer loop
      vertex 0.941193 0 5.40416
      vertex 0 0 4.50814
      vertex 1.17577 0 5.28848
    endloop
  endfacet
  facet normal 0 -1 0
    outer loop
      vertex -0.654068 0 3.85407
      vertex -1.22092 0 5.26241
      vertex -1.43813 0 5.11728
    endloop
  endfacet
  facet normal 0 -1 0
    outer loop
      vertex 0.654068 0 3.85407
      vertex 1.17577 0 5.28848
      vertex 0 0 4.50814
    endloop
  endfacet
  facet normal 0 -1 0
    outer loop
      vertex -0.654068 0 3.85407
      vertex -1.43813 0 5.11728
      vertex -1.47964 0 5.08542
    endloop
  endfacet
  facet normal 0 -1 -0
    outer loop
      vertex 1.17577 0 5.28848
      vertex 0.654068 0 3.85407
      vertex 1.22092 0 5.26241
    endloop
  endfacet
  facet normal 0 -1 0
    outer loop
      vertex -0.654068 0 3.85407
      vertex -1.47964 0 5.08542
      vertex -1.67612 0 4.91312
    endloop
  endfacet
  facet normal 0 -1 -0
    outer loop
      vertex 1.22092 0 5.26241
      vertex 0.654068 0 3.85407
      vertex 1.43813 0 5.11728
    endloop
  endfacet
  facet normal 0 -1 0
    outer loop
      vertex -0.654068 0 3.85407
      vertex -1.67612 0 4.91312
      vertex -1.71312 0 4.87611
    endloop
  endfacet
  facet normal 0 -1 -0
    outer loop
      vertex 1.43813 0 5.11728
      vertex 0.654068 0 3.85407
      vertex 1.47964 0 5.08542
    endloop
  endfacet
  facet normal 0 -1 0
    outer loop
      vertex -0.654068 0 3.85407
      vertex -1.71312 0 4.87611
      vertex -1.88542 0 4.67964
    endloop
  endfacet
  facet normal 0 -1 -0
    outer loop
      vertex 1.47964 0 5.08542
      vertex 0.654068 0 3.85407
      vertex 1.67612 0 4.91312
    endloop
  endfacet
  facet normal 0 -1 0
    outer loop
      vertex -0.733841 0 3.76309
      vertex -1.88542 0 4.67964
      vertex -1.91728 0 4.63812
    endloop
  endfacet
  facet normal 0 -1 -0
    outer loop
      vertex 1.67612 0 4.91312
      vertex 0.654068 0 3.85407
      vertex 1.71312 0 4.87611
    endloop
  endfacet
  facet normal 0 -1 -0
    outer loop
      vertex 1.71312 0 4.87611
      vertex 0.654068 0 3.85407
      vertex 1.88542 0 4.67964
    endloop
  endfacet
  facet normal 0 -1 0
    outer loop
      vertex -0.733841 0 3.76309
      vertex -1.91728 0 4.63812
      vertex -2.06241 0 4.42091
    endloop
  endfacet
  facet normal 0 -1 0
    outer loop
      vertex -0.801071 0 3.66249
      vertex -2.06241 0 4.42091
      vertex -2.08849 0 4.37576
    endloop
  endfacet
  facet normal 0 -1 0
    outer loop
      vertex -0.801071 0 3.66249
      vertex -2.08849 0 4.37576
      vertex -2.20416 0 4.14119
    endloop
  endfacet
  facet normal 0 -1 0
    outer loop
      vertex -0.854584 0 3.55397
      vertex -2.20416 0 4.14119
      vertex -2.22415 0 4.09296
    endloop
  endfacet
  facet normal 0 -1 0
    outer loop
      vertex -1.17577 0 5.28848
      vertex -0.654068 0 3.85407
      vertex 0 0 4.50814
    endloop
  endfacet
  facet normal 0 -1 0
    outer loop
      vertex -0.854584 0 3.55397
      vertex -2.22415 0 4.09296
      vertex -2.30812 0 3.84557
    endloop
  endfacet
  facet normal 0 -1 0
    outer loop
      vertex -0.893478 0 3.43939
      vertex -2.30812 0 3.84557
      vertex -2.32169 0 3.79491
    endloop
  endfacet
  facet normal 0 -1 0
    outer loop
      vertex -1.88542 0 4.67964
      vertex -0.733841 0 3.76309
      vertex -0.654068 0 3.85407
    endloop
  endfacet
  facet normal 0 -1 0
    outer loop
      vertex -2.06241 0 4.42091
      vertex -0.801071 0 3.66249
      vertex -0.733841 0 3.76309
    endloop
  endfacet
  facet normal 0 -1 0
    outer loop
      vertex -2.20416 0 4.14119
      vertex -0.854584 0 3.55397
      vertex -0.801071 0 3.66249
    endloop
  endfacet
  facet normal 0 -1 0
    outer loop
      vertex -0.893478 0 3.43939
      vertex -2.32169 0 3.79491
      vertex -2.37263 0 3.5388
    endloop
  endfacet
  facet normal 0 -1 0
    outer loop
      vertex -0.917084 0 3.32073
      vertex -2.37263 0 3.5388
      vertex -2.37946 0 3.48695
    endloop
  endfacet
  facet normal 0 -1 0
    outer loop
      vertex -2.30812 0 3.84557
      vertex -0.893478 0 3.43939
      vertex -0.854584 0 3.55397
    endloop
  endfacet
  facet normal 0 -1 0
    outer loop
      vertex -2.37263 0 3.5388
      vertex -0.917084 0 3.32073
      vertex -0.893478 0 3.43939
    endloop
  endfacet
  facet normal 0 -1 0
    outer loop
      vertex -2.37946 0 3.48695
      vertex -0.924988 0 3.2
      vertex -0.917084 0 3.32073
    endloop
  endfacet
  facet normal 0 -1 0
    outer loop
      vertex -2.39914 0 3.18678
      vertex -0.924988 0 3.2
      vertex -2.37946 0 3.48695
    endloop
  endfacet
  facet normal 0 -1 0
    outer loop
      vertex -2.39999 0 3.16084
      vertex -0.924988 0 3.2
      vertex -2.39914 0 3.18678
    endloop
  endfacet
  facet normal 0 -1 0
    outer loop
      vertex -2.39999 0 3.16084
      vertex -0.917084 0 3.07927
      vertex -0.924988 0 3.2
    endloop
  endfacet
  facet normal 0 -1 0
    outer loop
      vertex -2.39999 0 3.16084
      vertex -0.893478 0 2.9606
      vertex -0.917084 0 3.07927
    endloop
  endfacet
  facet normal 0 -1 0
    outer loop
      vertex -2.39999 0 3.16084
      vertex -0.854584 0 2.84603
      vertex -0.893478 0 2.9606
    endloop
  endfacet
  facet normal 0 -1 0
    outer loop
      vertex -2.39999 0 3.16084
      vertex -0.801071 0 2.73751
      vertex -0.854584 0 2.84603
    endloop
  endfacet
  facet normal 0 -1 0
    outer loop
      vertex -2.39999 0 0.826111
      vertex -0.801071 0 2.73751
      vertex -2.39999 0 3.16084
    endloop
  endfacet
  facet normal 0 -1 -0
    outer loop
      vertex -0.801071 0 2.73751
      vertex -2.39999 0 0.826111
      vertex -0.733841 0 2.6369
    endloop
  endfacet
  facet normal 0 -1 -0
    outer loop
      vertex -0.733841 0 2.6369
      vertex -2.39999 0 0.826111
      vertex -0.654068 0 2.54593
    endloop
  endfacet
  facet normal 0 -1 0
    outer loop
      vertex -2.37389 0 0.800003
      vertex -0.654068 0 2.54593
      vertex -2.39999 0 0.826111
    endloop
  endfacet
  facet normal 0 -1 -0
    outer loop
      vertex -0.654068 0 2.54593
      vertex -2.37389 0 0.800003
      vertex -0.563095 0 2.46616
    endloop
  endfacet
  facet normal 0 -1 0
    outer loop
      vertex -2.37389 0 0.800003
      vertex 0 0 2.27501
      vertex -0.120728 0 2.28292
    endloop
  endfacet
  facet normal 0 -1 0
    outer loop
      vertex -2.37389 0 0.800003
      vertex -0.120728 0 2.28292
      vertex -0.239395 0 2.30652
    endloop
  endfacet
  facet normal 0 -1 0
    outer loop
      vertex -2.37389 0 0.800003
      vertex -0.239395 0 2.30652
      vertex -0.353973 0 2.34542
    endloop
  endfacet
  facet normal 0 -1 -0
    outer loop
      vertex -0.563095 0 2.46616
      vertex -2.37389 0 0.800003
      vertex -0.462494 0 2.39893
    endloop
  endfacet
  facet normal 0 -1 -0
    outer loop
      vertex -0.462494 0 2.39893
      vertex -2.37389 0 0.800003
      vertex -0.353973 0 2.34542
    endloop
  endfacet
  facet normal 0 -1 -0
    outer loop
      vertex 0 0 2.27501
      vertex -2.37389 0 0.800003
      vertex 2.37389 0 0.800003
    endloop
  endfacet
  facet normal 0 -1 0
    outer loop
      vertex -2.37389 0 0.800003
      vertex -2.39999 0 0.826111
      vertex -2.39839 0 0.801605
    endloop
  endfacet
  facet normal 0 -1 0
    outer loop
      vertex 0 0 2.27501
      vertex 2.37389 0 0.800003
      vertex 2.39999 0 1
    endloop
  endfacet
  facet normal 0 -1 -0
    outer loop
      vertex 2.39999 0 1
      vertex 2.37389 0 0.800003
      vertex 2.39999 0 0.826111
    endloop
  endfacet
  facet normal 0 -1 0
    outer loop
      vertex 2.39999 0 0.826111
      vertex 2.37389 0 0.800003
      vertex 2.39839 0 0.801605
    endloop
  endfacet
  facet normal 0 -1 0
    outer loop
      vertex 0.733841 0 3.76309
      vertex 1.88542 0 4.67964
      vertex 0.654068 0 3.85407
    endloop
  endfacet
  facet normal 0 -1 -0
    outer loop
      vertex 1.88542 0 4.67964
      vertex 0.733841 0 3.76309
      vertex 1.91728 0 4.63812
    endloop
  endfacet
  facet normal 0 -1 -0
    outer loop
      vertex 1.91728 0 4.63812
      vertex 0.733841 0 3.76309
      vertex 2.06241 0 4.42091
    endloop
  endfacet
  facet normal 0 -1 0
    outer loop
      vertex 0.801071 0 3.66249
      vertex 2.06241 0 4.42091
      vertex 0.733841 0 3.76309
    endloop
  endfacet
  facet normal 0 -1 -0
    outer loop
      vertex 2.06241 0 4.42091
      vertex 0.801071 0 3.66249
      vertex 2.08849 0 4.37576
    endloop
  endfacet
  facet normal 0 -1 -0
    outer loop
      vertex 2.08849 0 4.37576
      vertex 0.801071 0 3.66249
      vertex 2.20416 0 4.14119
    endloop
  endfacet
  facet normal 0 -1 0
    outer loop
      vertex 0.854584 0 3.55397
      vertex 2.20416 0 4.14119
      vertex 0.801071 0 3.66249
    endloop
  endfacet
  facet normal 0 -1 -0
    outer loop
      vertex 2.20416 0 4.14119
      vertex 0.854584 0 3.55397
      vertex 2.22415 0 4.09296
    endloop
  endfacet
  facet normal 0 -1 -0
    outer loop
      vertex 2.22415 0 4.09296
      vertex 0.854584 0 3.55397
      vertex 2.30812 0 3.84557
    endloop
  endfacet
  facet normal 0 -1 0
    outer loop
      vertex 0.893478 0 3.43939
      vertex 2.30812 0 3.84557
      vertex 0.854584 0 3.55397
    endloop
  endfacet
  facet normal 0 -1 -0
    outer loop
      vertex 2.30812 0 3.84557
      vertex 0.893478 0 3.43939
      vertex 2.32169 0 3.79491
    endloop
  endfacet
  facet normal 0 -1 -0
    outer loop
      vertex 2.32169 0 3.79491
      vertex 0.893478 0 3.43939
      vertex 2.37263 0 3.5388
    endloop
  endfacet
  facet normal 0 -1 0
    outer loop
      vertex 0.917084 0 3.32073
      vertex 2.37263 0 3.5388
      vertex 0.893478 0 3.43939
    endloop
  endfacet
  facet normal 0 -1 -0
    outer loop
      vertex 2.37263 0 3.5388
      vertex 0.917084 0 3.32073
      vertex 2.37946 0 3.48695
    endloop
  endfacet
  facet normal 0 -1 0
    outer loop
      vertex 0.924988 0 3.2
      vertex 2.37946 0 3.48695
      vertex 0.917084 0 3.32073
    endloop
  endfacet
  facet normal 0 -1 0
    outer loop
      vertex 0.924988 0 3.2
      vertex 2.39914 0 3.18678
      vertex 2.37946 0 3.48695
    endloop
  endfacet
  facet normal 0 -1 0
    outer loop
      vertex 0.924988 0 3.2
      vertex 2.39999 0 3.16084
      vertex 2.39914 0 3.18678
    endloop
  endfacet
  facet normal 0 -1 0
    outer loop
      vertex 0.917084 0 3.07927
      vertex 2.39999 0 3.16084
      vertex 0.924988 0 3.2
    endloop
  endfacet
  facet normal 0 -1 0
    outer loop
      vertex 0.917084 0 3.07927
      vertex 2.39999 0 3
      vertex 2.39999 0 3.16084
    endloop
  endfacet
  facet normal 0 -1 0
    outer loop
      vertex 0.893478 0 2.9606
      vertex 2.39999 0 3
      vertex 0.917084 0 3.07927
    endloop
  endfacet
  facet normal 0 -1 0
    outer loop
      vertex 0.854584 0 2.84603
      vertex 2.39999 0 3
      vertex 0.893478 0 2.9606
    endloop
  endfacet
  facet normal 0 -1 0
    outer loop
      vertex 0.801071 0 2.73751
      vertex 2.39999 0 3
      vertex 0.854584 0 2.84603
    endloop
  endfacet
  facet normal 0 -1 0
    outer loop
      vertex 0.733841 0 2.6369
      vertex 2.39999 0 3
      vertex 0.801071 0 2.73751
    endloop
  endfacet
  facet normal 0 -1 -0
    outer loop
      vertex 2.39999 0 3
      vertex 0.733841 0 2.6369
      vertex 2.39999 0 1
    endloop
  endfacet
  facet normal 0 -1 0
    outer loop
      vertex 2.39999 0 1
      vertex 0.733841 0 2.6369
      vertex 0.654068 0 2.54593
    endloop
  endfacet
  facet normal 0 -1 0
    outer loop
      vertex 2.39999 0 1
      vertex 0.654068 0 2.54593
      vertex 0.563095 0 2.46616
    endloop
  endfacet
  facet normal 0 -1 0
    outer loop
      vertex 2.39999 0 1
      vertex 0.563095 0 2.46616
      vertex 0.462494 0 2.39893
    endloop
  endfacet
  facet normal 0 -1 0
    outer loop
      vertex 2.39999 0 1
      vertex 0.462494 0 2.39893
      vertex 0.353973 0 2.34542
    endloop
  endfacet
  facet normal 0 -1 0
    outer loop
      vertex 2.39999 0 1
      vertex 0.353973 0 2.34542
      vertex 0.239395 0 2.30652
    endloop
  endfacet
  facet normal 0 -1 0
    outer loop
      vertex 2.39999 0 1
      vertex 0.239395 0 2.30652
      vertex 0.120728 0 2.28292
    endloop
  endfacet
  facet normal 0 -1 0
    outer loop
      vertex 2.39999 0 1
      vertex 0.120728 0 2.28292
      vertex 0 0 2.27501
    endloop
  endfacet
  facet normal 0 -1 0
    outer loop
      vertex 2.39999 0 3
      vertex 2.39999 0 1
      vertex 154 0 3
    endloop
  endfacet
  facet normal 0 -1 -0
    outer loop
      vertex 154 0 3
      vertex 2.39999 0 1
      vertex 154 0 1
    endloop
  endfacet
  facet normal 0.0462816 -0.707116 0.705581
    outer loop
      vertex 0.365433 0.799999 6.37604
      vertex 0.0260773 0 5.59656
      vertex 0.286926 0 5.57945
    endloop
  endfacet
  facet normal 0.608768 0 0.793348
    outer loop
      vertex 1.90436 19.05 5.76791
      vertex 1.9874 0.799999 5.70419
      vertex 1.9874 19.05 5.70419
    endloop
  endfacet
  facet normal 0.608768 0 0.793348
    outer loop
      vertex 1.9874 0.799999 5.70419
      vertex 1.90436 19.05 5.76791
      vertex 1.90436 0.799999 5.76791
    endloop
  endfacet
  facet normal 0.0462416 -0.707109 0.705591
    outer loop
      vertex 0.0523224 0.799999 6.39656
      vertex 0.0260773 0 5.59656
      vertex 0.365433 0.799999 6.37604
    endloop
  endfacet
  facet normal 0.137959 -0.70711 0.693515
    outer loop
      vertex 0.776794 0.799999 6.30118
      vertex 0.469193 0.799999 6.36237
      vertex 0.59491 0 5.52168
    endloop
  endfacet
  facet normal 0.923869 -0 0.382709
    outer loop
      vertex 2.93323 0.799999 4.47159
      vertex 2.9733 19.05 4.37486
      vertex 2.93323 19.05 4.47159
    endloop
  endfacet
  facet normal 0.923869 0 0.382709
    outer loop
      vertex 2.9733 19.05 4.37486
      vertex 2.93323 0.799999 4.47159
      vertex 2.9733 0.799999 4.37486
    endloop
  endfacet
  facet normal -0.705599 -0.707112 -0.0460687
    outer loop
      vertex -2.39999 0 0.826111
      vertex -3.2 0.799999 0.800003
      vertex -2.39839 0 0.801605
    endloop
  endfacet
  facet normal -0.653214 -0.707115 0.270739
    outer loop
      vertex -2.20416 0 4.14119
      vertex -2.93323 0.799999 4.47159
      vertex -2.22415 0 4.09296
    endloop
  endfacet
  facet normal -0.706724 -0.707104 0.0233594
    outer loop
      vertex -3.19827 0.799999 3.22609
      vertex -3.2 0.799999 3.17375
      vertex -2.39914 0 3.18678
    endloop
  endfacet
  facet normal 0.0923452 0.707116 0.701042
    outer loop
      vertex 0.338928 19.85 5.5726
      vertex 0.286926 19.85 5.57945
      vertex 0.365433 19.05 6.37604
    endloop
  endfacet
  facet normal -0.705599 0.707112 -0.0460687
    outer loop
      vertex -2.39839 19.85 0.801605
      vertex -3.2 19.05 0.800003
      vertex -2.39999 19.85 0.826111
    endloop
  endfacet
  facet normal -0.182957 0.70711 0.683024
    outer loop
      vertex -0.645569 19.85 5.50812
      vertex -0.877853 19.05 6.27411
      vertex -0.776794 19.05 6.30118
    endloop
  endfacet
  facet normal -0.182957 -0.70711 0.683024
    outer loop
      vertex -0.776794 0.799999 6.30118
      vertex -0.877853 0.799999 6.27411
      vertex -0.645569 0 5.50812
    endloop
  endfacet
  facet normal -0.312679 0.7073 -0.634002
    outer loop
      vertex -2.70615 19.05 0.0608978
      vertex -2.79999 19.05 0.107178
      vertex -2.39839 19.85 0.801605
    endloop
  endfacet
  facet normal -0.182834 0.707116 0.683051
    outer loop
      vertex -0.645569 19.85 5.50812
      vertex -0.776794 19.05 6.30118
      vertex -0.59491 19.85 5.52168
    endloop
  endfacet
  facet normal 0.137959 0.70711 0.693515
    outer loop
      vertex 0.59491 19.85 5.52168
      vertex 0.469193 19.05 6.36237
      vertex 0.776794 19.05 6.30118
    endloop
  endfacet
  facet normal -0.0461376 0.707107 -0.705599
    outer loop
      vertex -2.37389 19.85 0.800003
      vertex -2.39999 19.05 0
      vertex -2.39839 19.85 0.801605
    endloop
  endfacet
  facet normal -0.227272 0.707109 0.669585
    outer loop
      vertex -0.645569 19.85 5.50812
      vertex -0.89296 19.85 5.42415
      vertex -0.877853 19.05 6.27411
    endloop
  endfacet
  facet normal 0 0 -1
    outer loop
      vertex -2.39999 160.95 0
      vertex 1 179.05 0
      vertex 1 160.95 0
    endloop
  endfacet
  facet normal -0 0 -1
    outer loop
      vertex 1 179.05 0
      vertex -2.39999 160.95 0
      vertex -2.39999 179.05 0
    endloop
  endfacet
  facet normal 0 0 -1
    outer loop
      vertex -2.39999 120.95 0
      vertex 1 139.05 0
      vertex 1 120.95 0
    endloop
  endfacet
  facet normal -0 0 -1
    outer loop
      vertex 1 139.05 0
      vertex -2.39999 120.95 0
      vertex -2.39999 139.05 0
    endloop
  endfacet
  facet normal 0 0 -1
    outer loop
      vertex -2.39999 80.95 0
      vertex 1 99.05 0
      vertex 1 80.95 0
    endloop
  endfacet
  facet normal -0 0 -1
    outer loop
      vertex 1 99.05 0
      vertex -2.39999 80.95 0
      vertex -2.39999 99.05 0
    endloop
  endfacet
  facet normal 0 0 -1
    outer loop
      vertex -2.39999 40.95 0
      vertex 1 59.05 0
      vertex 1 40.95 0
    endloop
  endfacet
  facet normal -0 0 -1
    outer loop
      vertex 1 59.05 0
      vertex -2.39999 40.95 0
      vertex -2.39999 59.05 0
    endloop
  endfacet
  facet normal 0 0 -1
    outer loop
      vertex -2.39999 0.799999 0
      vertex 2.39999 1 0
      vertex 2.39999 0.799999 0
    endloop
  endfacet
  facet normal -0 0 -1
    outer loop
      vertex 2.39999 1 0
      vertex -2.39999 0.799999 0
      vertex 1 19.05 0
    endloop
  endfacet
  facet normal -0 0 -1
    outer loop
      vertex 1 19.05 0
      vertex -2.39999 0.799999 0
      vertex -2.39999 19.05 0
    endloop
  endfacet
  facet normal 0 0 -1
    outer loop
      vertex 1 160.95 0
      vertex 6.7 160.15 0
      vertex 1 160.15 0
    endloop
  endfacet
  facet normal 0 0 -1
    outer loop
      vertex 6.7 160.15 0
      vertex 1 160.95 0
      vertex 6.7 179.85 0
    endloop
  endfacet
  facet normal 0 0 -1
    outer loop
      vertex 1 179.05 0
      vertex 6.7 179.85 0
      vertex 1 160.95 0
    endloop
  endfacet
  facet normal -0 0 -1
    outer loop
      vertex 6.7 179.85 0
      vertex 1 179.05 0
      vertex 1 179.85 0
    endloop
  endfacet
  facet normal 0 0 -1
    outer loop
      vertex 1 120.95 0
      vertex 6.7 120.15 0
      vertex 1 120.15 0
    endloop
  endfacet
  facet normal 0 0 -1
    outer loop
      vertex 6.7 120.15 0
      vertex 1 120.95 0
      vertex 6.7 139.85 0
    endloop
  endfacet
  facet normal 0 0 -1
    outer loop
      vertex 1 139.05 0
      vertex 6.7 139.85 0
      vertex 1 120.95 0
    endloop
  endfacet
  facet normal -0 0 -1
    outer loop
      vertex 6.7 139.85 0
      vertex 1 139.05 0
      vertex 1 139.85 0
    endloop
  endfacet
  facet normal 0 0 -1
    outer loop
      vertex 1 80.95 0
      vertex 6.7 80.15 0
      vertex 1 80.15 0
    endloop
  endfacet
  facet normal 0 0 -1
    outer loop
      vertex 6.7 80.15 0
      vertex 1 80.95 0
      vertex 6.7 99.85 0
    endloop
  endfacet
  facet normal 0 0 -1
    outer loop
      vertex 1 99.05 0
      vertex 6.7 99.85 0
      vertex 1 80.95 0
    endloop
  endfacet
  facet normal -0 0 -1
    outer loop
      vertex 6.7 99.85 0
      vertex 1 99.05 0
      vertex 1 99.85 0
    endloop
  endfacet
  facet normal 0 0 -1
    outer loop
      vertex 1 40.95 0
      vertex 6.7 40.15 0
      vertex 1 40.15 0
    endloop
  endfacet
  facet normal 0 0 -1
    outer loop
      vertex 6.7 40.15 0
      vertex 1 40.95 0
      vertex 6.7 59.85 0
    endloop
  endfacet
  facet normal 0 0 -1
    outer loop
      vertex 1 59.05 0
      vertex 6.7 59.85 0
      vertex 1 40.95 0
    endloop
  endfacet
  facet normal -0 0 -1
    outer loop
      vertex 6.7 59.85 0
      vertex 1 59.05 0
      vertex 1 59.85 0
    endloop
  endfacet
  facet normal 0 0 -1
    outer loop
      vertex 153.967 1 0
      vertex 159 6.03285 0
      vertex 158.955 5.34763 0
    endloop
  endfacet
  facet normal 0 0 -1
    outer loop
      vertex 159 6.03285 0
      vertex 6.7 99.85 0
      vertex 159 213.967 0
    endloop
  endfacet
  facet normal 0 0 -1
    outer loop
      vertex 153.967 1 0
      vertex 158.955 5.34763 0
      vertex 158.828 4.70639 0
    endloop
  endfacet
  facet normal 0 0 -1
    outer loop
      vertex 6.7 120.15 0
      vertex 159 213.967 0
      vertex 6.7 99.85 0
    endloop
  endfacet
  facet normal 0 0 -1
    outer loop
      vertex 6.7 139.85 0
      vertex 159 213.967 0
      vertex 6.7 120.15 0
    endloop
  endfacet
  facet normal 0 0 -1
    outer loop
      vertex 153.967 1 0
      vertex 158.828 4.70639 0
      vertex 158.617 4.08739 0
    endloop
  endfacet
  facet normal 0 0 -1
    outer loop
      vertex 153.967 1 0
      vertex 158.617 4.08739 0
      vertex 158.328 3.5011 0
    endloop
  endfacet
  facet normal 0 0 -1
    outer loop
      vertex 6.7 160.15 0
      vertex 159 213.967 0
      vertex 6.7 139.85 0
    endloop
  endfacet
  facet normal 0 0 -1
    outer loop
      vertex 153.967 1 0
      vertex 158.328 3.5011 0
      vertex 157.965 2.95747 0
    endloop
  endfacet
  facet normal 0 0 -1
    outer loop
      vertex 159 213.967 0
      vertex 153.967 219 0
      vertex 158.955 214.652 0
    endloop
  endfacet
  facet normal 0 0 -1
    outer loop
      vertex 153.967 1 0
      vertex 157.965 2.95747 0
      vertex 157.534 2.46597 0
    endloop
  endfacet
  facet normal 0 0 -1
    outer loop
      vertex 158.955 214.652 0
      vertex 153.967 219 0
      vertex 158.828 215.294 0
    endloop
  endfacet
  facet normal 0 0 -1
    outer loop
      vertex 153.967 1 0
      vertex 157.534 2.46597 0
      vertex 157.043 2.03494 0
    endloop
  endfacet
  facet normal 0 0 -1
    outer loop
      vertex 158.617 215.913 0
      vertex 153.967 219 0
      vertex 158.328 216.499 0
    endloop
  endfacet
  facet normal 0 0 -1
    outer loop
      vertex 153.967 1 0
      vertex 157.043 2.03494 0
      vertex 156.499 1.67175 0
    endloop
  endfacet
  facet normal 0 0 -1
    outer loop
      vertex 6.7 59.85 0
      vertex 159 6.03285 0
      vertex 153.967 1 0
    endloop
  endfacet
  facet normal 0 0 -1
    outer loop
      vertex 153.967 1 0
      vertex 156.499 1.67175 0
      vertex 155.913 1.38254 0
    endloop
  endfacet
  facet normal 0 0 -1
    outer loop
      vertex 158.328 216.499 0
      vertex 153.967 219 0
      vertex 157.965 217.043 0
    endloop
  endfacet
  facet normal 0 0 -1
    outer loop
      vertex 153.967 1 0
      vertex 155.913 1.38254 0
      vertex 155.294 1.17245 0
    endloop
  endfacet
  facet normal 0 0 -1
    outer loop
      vertex 157.043 217.965 0
      vertex 153.967 219 0
      vertex 156.499 218.328 0
    endloop
  endfacet
  facet normal 0 0 -1
    outer loop
      vertex 153.967 1 0
      vertex 155.294 1.17245 0
      vertex 154.652 1.04491 0
    endloop
  endfacet
  facet normal 0 0 -1
    outer loop
      vertex 156.499 218.328 0
      vertex 153.967 219 0
      vertex 155.913 218.617 0
    endloop
  endfacet
  facet normal 0 0 -1
    outer loop
      vertex 155.913 218.617 0
      vertex 153.967 219 0
      vertex 155.294 218.828 0
    endloop
  endfacet
  facet normal 0 0 -1
    outer loop
      vertex 155.294 218.828 0
      vertex 153.967 219 0
      vertex 154.652 218.955 0
    endloop
  endfacet
  facet normal 0 0 -1
    outer loop
      vertex 6.7 40.15 0
      vertex 153.967 1 0
      vertex 6.7 19.85 0
    endloop
  endfacet
  facet normal 0 0 -1
    outer loop
      vertex 2.39999 1 0
      vertex 6.7 19.85 0
      vertex 153.967 1 0
    endloop
  endfacet
  facet normal 0 0 -1
    outer loop
      vertex 1 19.05 0
      vertex 6.7 19.85 0
      vertex 2.39999 1 0
    endloop
  endfacet
  facet normal -0 0 -1
    outer loop
      vertex 6.7 19.85 0
      vertex 1 19.05 0
      vertex 1 19.85 0
    endloop
  endfacet
  facet normal 0 0 -1
    outer loop
      vertex 6.7 59.85 0
      vertex 153.967 1 0
      vertex 6.7 40.15 0
    endloop
  endfacet
  facet normal 0 0 -1
    outer loop
      vertex 159 6.03285 0
      vertex 6.7 59.85 0
      vertex 6.7 80.15 0
    endloop
  endfacet
  facet normal 0 0 -1
    outer loop
      vertex 159 6.03285 0
      vertex 6.7 80.15 0
      vertex 6.7 99.85 0
    endloop
  endfacet
  facet normal 0 0 -1
    outer loop
      vertex 157.965 217.043 0
      vertex 153.967 219 0
      vertex 157.534 217.534 0
    endloop
  endfacet
  facet normal 0 0 -1
    outer loop
      vertex 157.534 217.534 0
      vertex 153.967 219 0
      vertex 157.043 217.965 0
    endloop
  endfacet
  facet normal 0 0 -1
    outer loop
      vertex 158.828 215.294 0
      vertex 153.967 219 0
      vertex 158.617 215.913 0
    endloop
  endfacet
  facet normal -0 0 -1
    outer loop
      vertex 159 213.967 0
      vertex 6.7 160.15 0
      vertex 153.967 219 0
    endloop
  endfacet
  facet normal 0 0 -1
    outer loop
      vertex 6.7 179.85 0
      vertex 153.967 219 0
      vertex 6.7 160.15 0
    endloop
  endfacet
  facet normal 0 0 -1
    outer loop
      vertex 6.7 200.15 0
      vertex 153.967 219 0
      vertex 6.7 179.85 0
    endloop
  endfacet
  facet normal 0 0 -1
    outer loop
      vertex 6.7 200.15 0
      vertex 2.39999 219 0
      vertex 153.967 219 0
    endloop
  endfacet
  facet normal 0 0 -1
    outer loop
      vertex 1 200.95 0
      vertex 6.7 200.15 0
      vertex 1 200.15 0
    endloop
  endfacet
  facet normal 0 0 -1
    outer loop
      vertex 6.7 200.15 0
      vertex 1 200.95 0
      vertex 2.39999 219 0
    endloop
  endfacet
  facet normal 0 0 -1
    outer loop
      vertex -2.39999 219.2 0
      vertex 2.39999 219 0
      vertex 1 200.95 0
    endloop
  endfacet
  facet normal 0 0 -1
    outer loop
      vertex -2.39999 219.2 0
      vertex 1 200.95 0
      vertex -2.39999 200.95 0
    endloop
  endfacet
  facet normal 0 0 -1
    outer loop
      vertex 2.39999 219 0
      vertex -2.39999 219.2 0
      vertex 2.39999 219.2 0
    endloop
  endfacet
  facet normal 0.0462954 -0.707103 -0.705594
    outer loop
      vertex 2.50441 0.799999 0.0068512
      vertex 2.39839 0 0.801605
      vertex 2.39999 0.799999 0
    endloop
  endfacet
  facet normal -0.270727 -0.70711 0.653225
    outer loop
      vertex -0.89296 0 5.42415
      vertex -1.27159 0.799999 6.13322
      vertex -0.941193 0 5.40416
    endloop
  endfacet
  facet normal -0.227209 -0.707249 -0.669459
    outer loop
      vertex -2.39839 0 0.801605
      vertex -2.70615 0.799999 0.0608978
      vertex -2.60706 0.799999 0.0272675
    endloop
  endfacet
  facet normal -0.701051 -0.707106 0.0923467
    outer loop
      vertex -2.37263 0 3.5388
      vertex -3.17603 0.799999 3.56544
      vertex -2.37946 0 3.48695
    endloop
  endfacet
  facet normal -0.392846 0.707108 0.587938
    outer loop
      vertex -1.43813 19.85 5.11728
      vertex -1.90436 19.05 5.76791
      vertex -1.64365 19.05 5.94211
    endloop
  endfacet
  facet normal -0.701055 -0.707109 0.0923027
    outer loop
      vertex -3.16237 0.799999 3.66919
      vertex -3.17603 0.799999 3.56544
      vertex -2.37263 0 3.5388
    endloop
  endfacet
  facet normal -0.693524 0.707105 0.137941
    outer loop
      vertex -2.37263 19.85 3.5388
      vertex -3.10118 19.05 3.97679
      vertex -2.32169 19.85 3.79491
    endloop
  endfacet
  facet normal -0.683025 -0.70711 0.182956
    outer loop
      vertex -3.07411 0.799999 4.07785
      vertex -3.10118 0.799999 3.97679
      vertex -2.30812 0 3.84557
    endloop
  endfacet
  facet normal -0.634186 -0.707114 0.312727
    outer loop
      vertex -2.08849 0 4.37576
      vertex -2.93323 0.799999 4.47159
      vertex -2.20416 0 4.14119
    endloop
  endfacet
  facet normal 0.312743 0.707109 0.634183
    outer loop
      vertex 1.17577 19.85 5.28848
      vertex 0.941193 19.85 5.40416
      vertex 1.27159 19.05 6.13322
    endloop
  endfacet
  facet normal -0.634005 0.7073 -0.312672
    outer loop
      vertex -3.09282 19.05 0.400009
      vertex -3.1391 19.05 0.493851
      vertex -2.39839 19.85 0.801605
    endloop
  endfacet
  facet normal -0.587945 0.707111 0.392828
    outer loop
      vertex -1.91728 19.85 4.63812
      vertex -2.74211 19.05 4.84364
      vertex -2.56792 19.05 5.10435
    endloop
  endfacet
  facet normal 0.587945 -0.707112 0.392828
    outer loop
      vertex 2.56792 0.799999 5.10435
      vertex 1.91728 0 4.63812
      vertex 2.74211 0.799999 4.84364
    endloop
  endfacet
  facet normal 0.587941 -0.70711 0.392836
    outer loop
      vertex 2.74211 0.799999 4.84364
      vertex 1.91728 0 4.63812
      vertex 2.06241 0 4.42091
    endloop
  endfacet
  facet normal -0.896848 0 0.442338
    outer loop
      vertex -2.93323 0.799999 4.47159
      vertex -2.7944 19.05 4.75307
      vertex -2.93323 19.05 4.47159
    endloop
  endfacet
  facet normal -0.896848 0 0.442338
    outer loop
      vertex -2.7944 19.05 4.75307
      vertex -2.93323 0.799999 4.47159
      vertex -2.7944 0.799999 4.75307
    endloop
  endfacet
  facet normal -0.555568 0 0.831471
    outer loop
      vertex -1.90436 19.05 5.76791
      vertex -1.64365 0.799999 5.94211
      vertex -1.64365 19.05 5.94211
    endloop
  endfacet
  facet normal -0.555568 0 0.831471
    outer loop
      vertex -1.64365 0.799999 5.94211
      vertex -1.90436 19.05 5.76791
      vertex -1.90436 0.799999 5.76791
    endloop
  endfacet
  facet normal -0.751834 0 0.659353
    outer loop
      vertex -2.5042 0.799999 5.18739
      vertex -2.2973 19.05 5.42331
      vertex -2.5042 19.05 5.18739
    endloop
  endfacet
  facet normal -0.751834 0 0.659353
    outer loop
      vertex -2.2973 19.05 5.42331
      vertex -2.5042 0.799999 5.18739
      vertex -2.2973 0.799999 5.42331
    endloop
  endfacet
  facet normal -0.227272 -0.707109 0.669585
    outer loop
      vertex -0.877853 0.799999 6.27411
      vertex -0.89296 0 5.42415
      vertex -0.645569 0 5.50812
    endloop
  endfacet
  facet normal -0.63417 -0.707104 0.312782
    outer loop
      vertex -2.7944 0.799999 4.75307
      vertex -2.93323 0.799999 4.47159
      vertex -2.08849 0 4.37576
    endloop
  endfacet
  facet normal 0.6695 -0.707249 -0.227088
    outer loop
      vertex 2.65818 0.268402 0.731598
      vertex 2.39839 0 0.801605
      vertex 2.69693 0.322432 0.677568
    endloop
  endfacet
  facet normal -0.705592 0.707105 -0.0462889
    outer loop
      vertex -3.19315 19.05 0.695587
      vertex -3.2 19.05 0.800003
      vertex -2.39839 19.85 0.801605
    endloop
  endfacet
  facet normal 0.392845 -0.707108 0.587937
    outer loop
      vertex 1.64365 0.799999 5.94211
      vertex 1.43813 0 5.11728
      vertex 1.90436 0.799999 5.76791
    endloop
  endfacet
  facet normal -0.707102 -0.707112 0
    outer loop
      vertex -3.2 0.799999 3.17375
      vertex -2.39999 0 0.826111
      vertex -2.39999 0 3.16084
    endloop
  endfacet
  facet normal -0.707102 -0.707112 0
    outer loop
      vertex -2.39999 0 0.826111
      vertex -3.2 0.799999 3.17375
      vertex -3.2 0.799999 0.800003
    endloop
  endfacet
  facet normal -0.0653957 0 0.997859
    outer loop
      vertex -0.365433 19.05 6.37604
      vertex -0.0523224 0.799999 6.39656
      vertex -0.0523224 19.05 6.39656
    endloop
  endfacet
  facet normal -0.0653957 0 0.997859
    outer loop
      vertex -0.0523224 0.799999 6.39656
      vertex -0.365433 19.05 6.37604
      vertex -0.365433 0.799999 6.37604
    endloop
  endfacet
  facet normal 0.137954 -0.707111 0.693515
    outer loop
      vertex 0.469193 0.799999 6.36237
      vertex 0.338928 0 5.5726
      vertex 0.59491 0 5.52168
    endloop
  endfacet
  facet normal 0.27064 -0.707105 0.653265
    outer loop
      vertex 1.17487 0.799999 6.17329
      vertex 0.89296 0 5.42415
      vertex 1.27159 0.799999 6.13322
    endloop
  endfacet
  facet normal 0.353522 -0.707105 0.612392
    outer loop
      vertex 1.55307 0.799999 5.9944
      vertex 1.17577 0 5.28848
      vertex 1.64365 0.799999 5.94211
    endloop
  endfacet
  facet normal -0.353522 -0.707105 0.612392
    outer loop
      vertex -1.55307 0.799999 5.9944
      vertex -1.64365 0.799999 5.94211
      vertex -1.17577 0 5.28848
    endloop
  endfacet
  facet normal -0.466213 0.707109 0.53164
    outer loop
      vertex -1.67612 19.85 4.91312
      vertex -1.9874 19.05 5.70419
      vertex -1.47964 19.85 5.08542
    endloop
  endfacet
  facet normal 0.137954 0.70711 0.693515
    outer loop
      vertex 0.59491 19.85 5.52168
      vertex 0.338928 19.85 5.5726
      vertex 0.469193 19.05 6.36237
    endloop
  endfacet
  facet normal 0.793348 -0 0.608768
    outer loop
      vertex 2.5042 0.799999 5.18739
      vertex 2.56792 19.05 5.10435
      vertex 2.5042 19.05 5.18739
    endloop
  endfacet
  facet normal 0.793348 0 0.608768
    outer loop
      vertex 2.56792 19.05 5.10435
      vertex 2.5042 0.799999 5.18739
      vertex 2.56792 0.799999 5.10435
    endloop
  endfacet
  facet normal 0.430463 -0.707108 0.560981
    outer loop
      vertex 1.43813 0 5.11728
      vertex 1.9874 0.799999 5.70419
      vertex 1.90436 0.799999 5.76791
    endloop
  endfacet
  facet normal 0.430526 -0.707112 0.560927
    outer loop
      vertex 1.9874 0.799999 5.70419
      vertex 1.43813 0 5.11728
      vertex 1.47964 0 5.08542
    endloop
  endfacet
  facet normal -0.560978 -0.707112 0.430461
    outer loop
      vertex -2.56792 0.799999 5.10435
      vertex -1.88542 0 4.67964
      vertex -2.5042 0.799999 5.18739
    endloop
  endfacet
  facet normal -0.560978 -0.707112 0.430461
    outer loop
      vertex -1.88542 0 4.67964
      vertex -2.56792 0.799999 5.10435
      vertex -1.91728 0 4.63812
    endloop
  endfacet
  facet normal 0.531625 -0.707109 0.466231
    outer loop
      vertex 2.2973 0.799999 5.42331
      vertex 1.71312 0 4.87611
      vertex 2.5042 0.799999 5.18739
    endloop
  endfacet
  facet normal -0.130618 0 0.991433
    outer loop
      vertex -0.469193 19.05 6.36237
      vertex -0.365433 0.799999 6.37604
      vertex -0.365433 19.05 6.37604
    endloop
  endfacet
  facet normal -0.130618 0 0.991433
    outer loop
      vertex -0.365433 0.799999 6.37604
      vertex -0.469193 19.05 6.36237
      vertex -0.469193 0.799999 6.36237
    endloop
  endfacet
  facet normal 0.392836 0.70711 0.587942
    outer loop
      vertex 1.43813 19.85 5.11728
      vertex 1.22092 19.85 5.26241
      vertex 1.64365 19.05 5.94211
    endloop
  endfacet
  facet normal -0.0923452 0.707116 0.701042
    outer loop
      vertex -0.338928 19.85 5.5726
      vertex -0.365433 19.05 6.37604
      vertex -0.286926 19.85 5.57945
    endloop
  endfacet
  facet normal -0.137954 -0.707111 0.693515
    outer loop
      vertex -0.469193 0.799999 6.36237
      vertex -0.59491 0 5.52168
      vertex -0.338928 0 5.5726
    endloop
  endfacet
  facet normal -0.258742 0 0.965947
    outer loop
      vertex -0.877853 19.05 6.27411
      vertex -0.776794 0.799999 6.30118
      vertex -0.776794 19.05 6.30118
    endloop
  endfacet
  facet normal -0.258742 0 0.965947
    outer loop
      vertex -0.776794 0.799999 6.30118
      vertex -0.877853 19.05 6.27411
      vertex -0.877853 0.799999 6.27411
    endloop
  endfacet
  facet normal 0.270641 0.707105 0.653266
    outer loop
      vertex 1.27159 19.05 6.13322
      vertex 0.89296 19.85 5.42415
      vertex 1.17487 19.05 6.17329
    endloop
  endfacet
  facet normal -0.0462816 0.707116 0.705582
    outer loop
      vertex -0.286926 19.85 5.57945
      vertex -0.365433 19.05 6.37604
      vertex -0.0260773 19.85 5.59656
    endloop
  endfacet
  facet normal 0.965956 0 0.258705
    outer loop
      vertex 3.07411 19.05 4.07785
      vertex 3.09496 1 4
      vertex 3.09496 19.05 4
    endloop
  endfacet
  facet normal 0.965956 -0 0.258705
    outer loop
      vertex 3.07411 0.799999 4.07785
      vertex 3.09496 1 4
      vertex 3.07411 19.05 4.07785
    endloop
  endfacet
  facet normal 0.965928 4.47102e-05 0.258812
    outer loop
      vertex 3.07411 0.799999 4.07785
      vertex 3.10118 0.976791 3.97679
      vertex 3.09496 1 4
    endloop
  endfacet
  facet normal 0.965947 0 0.258739
    outer loop
      vertex 3.10118 0.976791 3.97679
      vertex 3.07411 0.799999 4.07785
      vertex 3.10118 0.799999 3.97679
    endloop
  endfacet
  facet normal -0.430464 0.707108 0.560981
    outer loop
      vertex -1.43813 19.85 5.11728
      vertex -1.9874 19.05 5.70419
      vertex -1.90436 19.05 5.76791
    endloop
  endfacet
  facet normal -0.430527 0.707112 0.560928
    outer loop
      vertex -1.9874 19.05 5.70419
      vertex -1.43813 19.85 5.11728
      vertex -1.47964 19.85 5.08542
    endloop
  endfacet
  facet normal -0.560978 0.707111 0.430462
    outer loop
      vertex -1.88542 19.85 4.67964
      vertex -2.56792 19.05 5.10435
      vertex -2.5042 19.05 5.18739
    endloop
  endfacet
  facet normal -0.560978 0.707111 0.430462
    outer loop
      vertex -2.56792 19.05 5.10435
      vertex -1.88542 19.85 4.67964
      vertex -1.91728 19.85 4.63812
    endloop
  endfacet
  facet normal -0.392845 -0.707108 0.587937
    outer loop
      vertex -1.64365 0.799999 5.94211
      vertex -1.90436 0.799999 5.76791
      vertex -1.43813 0 5.11728
    endloop
  endfacet
  facet normal 0.706715 -0.707104 0.0235923
    outer loop
      vertex 2.59536 0.196434 3.19643
      vertex 2.39914 0 3.18678
      vertex 2.58313 0.183789 3.18379
    endloop
  endfacet
  facet normal 0.0654712 0 -0.997854
    outer loop
      vertex 2.39999 0.799999 0
      vertex 2.50441 0.993149 0.0068512
      vertex 2.50441 0.799999 0.0068512
    endloop
  endfacet
  facet normal 0.0654712 0 -0.997854
    outer loop
      vertex 2.50441 0.993149 0.0068512
      vertex 2.39999 0.799999 0
      vertex 2.39999 1 0
    endloop
  endfacet
  facet normal -0.0462954 0.707102 -0.705594
    outer loop
      vertex -2.39999 19.05 0
      vertex -2.50441 19.05 0.0068512
      vertex -2.39839 19.85 0.801605
    endloop
  endfacet
  facet normal 0.705594 -0.707117 -0.0460683
    outer loop
      vertex 2.39839 0 0.801605
      vertex 2.57975 0.179755 0.820245
      vertex 2.39999 0 0.826111
    endloop
  endfacet
  facet normal 0.705598 -0.7071 -0.0462734
    outer loop
      vertex 2.57975 0.179755 0.820245
      vertex 2.39839 0 0.801605
      vertex 2.59758 0.198793 0.801207
    endloop
  endfacet
  facet normal -0.466232 -0.707106 0.531629
    outer loop
      vertex -1.9874 0.799999 5.70419
      vertex -2.22331 0.799999 5.4973
      vertex -1.67612 0 4.91312
    endloop
  endfacet
  facet normal -0.531628 0.70711 0.466227
    outer loop
      vertex -1.88542 19.85 4.67964
      vertex -2.5042 19.05 5.18739
      vertex -1.71312 19.85 4.87611
    endloop
  endfacet
  facet normal -0.312743 0.707109 0.634183
    outer loop
      vertex -1.17577 19.85 5.28848
      vertex -1.27159 19.05 6.13322
      vertex -0.941193 19.85 5.40416
    endloop
  endfacet
  facet normal -0.612295 0.70711 0.35368
    outer loop
      vertex -2.08849 19.85 4.37576
      vertex -2.74211 19.05 4.84364
      vertex -2.06241 19.85 4.42091
    endloop
  endfacet
  facet normal -0.701051 0.707106 0.0923468
    outer loop
      vertex -2.37946 19.85 3.48695
      vertex -3.17603 19.05 3.56544
      vertex -2.37263 19.85 3.5388
    endloop
  endfacet
  facet normal -0.669586 -0.70711 0.227268
    outer loop
      vertex -2.9733 0.799999 4.37486
      vertex -3.07411 0.799999 4.07785
      vertex -2.22415 0 4.09296
    endloop
  endfacet
  facet normal -0.653273 0.707108 0.270616
    outer loop
      vertex -2.22415 19.85 4.09296
      vertex -2.9733 19.05 4.37486
      vertex -2.93323 19.05 4.47159
    endloop
  endfacet
  facet normal -0.270641 0.707105 0.653266
    outer loop
      vertex -0.89296 19.85 5.42415
      vertex -1.27159 19.05 6.13322
      vertex -1.17487 19.05 6.17329
    endloop
  endfacet
  facet normal -0.353579 0.707108 0.612356
    outer loop
      vertex -1.22092 19.85 5.26241
      vertex -1.64365 19.05 5.94211
      vertex -1.17577 19.85 5.28848
    endloop
  endfacet
  facet normal 0.182957 0.70711 0.683024
    outer loop
      vertex 0.877853 19.05 6.27411
      vertex 0.645569 19.85 5.50812
      vertex 0.776794 19.05 6.30118
    endloop
  endfacet
  facet normal -0.608768 0 0.793348
    outer loop
      vertex -1.9874 19.05 5.70419
      vertex -1.90436 0.799999 5.76791
      vertex -1.90436 19.05 5.76791
    endloop
  endfacet
  facet normal -0.608768 0 0.793348
    outer loop
      vertex -1.90436 0.799999 5.76791
      vertex -1.9874 19.05 5.70419
      vertex -1.9874 0.799999 5.70419
    endloop
  endfacet
  facet normal -0.5 -0.707107 0.5
    outer loop
      vertex -2.2973 0.799999 5.42331
      vertex -1.67612 0 4.91312
      vertex -2.22331 0.799999 5.4973
    endloop
  endfacet
  facet normal -0.500064 -0.707112 0.499929
    outer loop
      vertex -1.67612 0 4.91312
      vertex -2.2973 0.799999 5.42331
      vertex -1.71312 0 4.87611
    endloop
  endfacet
  facet normal 0.531628 -0.70711 0.466226
    outer loop
      vertex 2.5042 0.799999 5.18739
      vertex 1.71312 0 4.87611
      vertex 1.88542 0 4.67964
    endloop
  endfacet
  facet normal 0.312743 -0.707109 0.634183
    outer loop
      vertex 1.27159 0.799999 6.13322
      vertex 0.941193 0 5.40416
      vertex 1.17577 0 5.28848
    endloop
  endfacet
  facet normal -0.831486 0 0.555546
    outer loop
      vertex -2.74211 0.799999 4.84364
      vertex -2.56792 19.05 5.10435
      vertex -2.74211 19.05 4.84364
    endloop
  endfacet
  facet normal -0.831486 0 0.555546
    outer loop
      vertex -2.56792 19.05 5.10435
      vertex -2.74211 0.799999 4.84364
      vertex -2.56792 0.799999 5.10435
    endloop
  endfacet
  facet normal 0.392679 -0.707335 -0.587776
    outer loop
      vertex 2.88701 0.799999 0.165314
      vertex 2.39839 0 0.801605
      vertex 2.79999 0.799999 0.107178
    endloop
  endfacet
  facet normal 0.312678 -0.7073 -0.634002
    outer loop
      vertex 2.79999 0.799999 0.107178
      vertex 2.39839 0 0.801605
      vertex 2.70615 0.799999 0.0608978
    endloop
  endfacet
  facet normal 0.531408 -0.707352 -0.46611
    outer loop
      vertex 2.8038 0.509713 0.490287
      vertex 2.39839 0 0.801605
      vertex 2.88203 0.682038 0.317962
    endloop
  endfacet
  facet normal 0.633983 -0.707303 -0.312712
    outer loop
      vertex 2.69693 0.322432 0.677568
      vertex 2.39839 0 0.801605
      vertex 2.7442 0.39838 0.60162
    endloop
  endfacet
  facet normal 0.693407 -0.707184 -0.138122
    outer loop
      vertex 2.6256 0.228703 0.771297
      vertex 2.39839 0 0.801605
      vertex 2.65818 0.268402 0.731598
    endloop
  endfacet
  facet normal 0.195104 0 0.980783
    outer loop
      vertex 0.469193 19.05 6.36237
      vertex 0.776794 0.799999 6.30118
      vertex 0.776794 19.05 6.30118
    endloop
  endfacet
  facet normal 0.195104 0 0.980783
    outer loop
      vertex 0.776794 0.799999 6.30118
      vertex 0.469193 19.05 6.36237
      vertex 0.469193 0.799999 6.36237
    endloop
  endfacet
  facet normal -0.705593 0.707106 0.0462607
    outer loop
      vertex -2.39914 19.85 3.18678
      vertex -3.17603 19.05 3.56544
      vertex -2.37946 19.85 3.48695
    endloop
  endfacet
  facet normal 0.831486 -0 0.555546
    outer loop
      vertex 2.56792 0.799999 5.10435
      vertex 2.74211 19.05 4.84364
      vertex 2.56792 19.05 5.10435
    endloop
  endfacet
  facet normal 0.831486 0 0.555546
    outer loop
      vertex 2.74211 19.05 4.84364
      vertex 2.56792 0.799999 5.10435
      vertex 2.74211 0.799999 4.84364
    endloop
  endfacet
  facet normal 0 0.707108 -0.707105
    outer loop
      vertex -2.39999 19.05 0
      vertex 0.199997 19.85 0.800003
      vertex 1 19.05 0
    endloop
  endfacet
  facet normal 0 0.707108 -0.707105
    outer loop
      vertex 0.199997 19.85 0.800003
      vertex -2.39999 19.05 0
      vertex -2.37389 19.85 0.800003
    endloop
  endfacet
  facet normal 0 -0.707107 0.707106
    outer loop
      vertex -0.0260773 0 5.59656
      vertex 0.0523224 0.799999 6.39656
      vertex -0.0523224 0.799999 6.39656
    endloop
  endfacet
  facet normal 0 -0.707107 0.707106
    outer loop
      vertex 0.0523224 0.799999 6.39656
      vertex -0.0260773 0 5.59656
      vertex 0.0260773 0 5.59656
    endloop
  endfacet
  facet normal 0.653214 -0.707115 0.270739
    outer loop
      vertex 2.93323 0.799999 4.47159
      vertex 2.20416 0 4.14119
      vertex 2.22415 0 4.09296
    endloop
  endfacet
  facet normal 0.63417 -0.707104 0.312782
    outer loop
      vertex 2.7944 0.799999 4.75307
      vertex 2.08849 0 4.37576
      vertex 2.93323 0.799999 4.47159
    endloop
  endfacet
  facet normal 0.669609 0.707136 0.227119
    outer loop
      vertex 2.81739 19.3181 4
      vertex 2.22415 19.85 4.09296
      vertex 3.07411 19.05 4.07785
    endloop
  endfacet
  facet normal 0.669599 0.707101 0.227257
    outer loop
      vertex 2.22415 19.85 4.09296
      vertex 2.81739 19.3181 4
      vertex 2.2557 19.85 4
    endloop
  endfacet
  facet normal -0.312763 -0.707106 0.634177
    outer loop
      vertex -1.27159 0.799999 6.13322
      vertex -1.55307 0.799999 5.9944
      vertex -1.17577 0 5.28848
    endloop
  endfacet
  facet normal 0.0923452 -0.707116 0.701041
    outer loop
      vertex 0.365433 0.799999 6.37604
      vertex 0.286926 0 5.57945
      vertex 0.338928 0 5.5726
    endloop
  endfacet
  facet normal 0.227284 -0.707107 0.669583
    outer loop
      vertex 1.17487 0.799999 6.17329
      vertex 0.877853 0.799999 6.27411
      vertex 0.89296 0 5.42415
    endloop
  endfacet
  facet normal 0.258742 0 0.965947
    outer loop
      vertex 0.776794 19.05 6.30118
      vertex 0.877853 0.799999 6.27411
      vertex 0.877853 19.05 6.27411
    endloop
  endfacet
  facet normal 0.258742 0 0.965947
    outer loop
      vertex 0.877853 0.799999 6.27411
      vertex 0.776794 19.05 6.30118
      vertex 0.776794 0.799999 6.30118
    endloop
  endfacet
  facet normal 0.227285 0.707107 0.669583
    outer loop
      vertex 0.89296 19.85 5.42415
      vertex 0.877853 19.05 6.27411
      vertex 1.17487 19.05 6.17329
    endloop
  endfacet
  facet normal -0.227209 0.707249 -0.669459
    outer loop
      vertex -2.60706 19.05 0.0272675
      vertex -2.70615 19.05 0.0608978
      vertex -2.39839 19.85 0.801605
    endloop
  endfacet
  facet normal -0.392679 0.707335 -0.587776
    outer loop
      vertex -2.79999 19.05 0.107178
      vertex -2.88701 19.05 0.165314
      vertex -2.39839 19.85 0.801605
    endloop
  endfacet
  facet normal -0 0 1
    outer loop
      vertex -0.0523224 19.05 6.39656
      vertex 0.0523224 0.799999 6.39656
      vertex 0.0523224 19.05 6.39656
    endloop
  endfacet
  facet normal 0 0 1
    outer loop
      vertex 0.0523224 0.799999 6.39656
      vertex -0.0523224 19.05 6.39656
      vertex -0.0523224 0.799999 6.39656
    endloop
  endfacet
  facet normal 0.634186 -0.707114 0.312727
    outer loop
      vertex 2.93323 0.799999 4.47159
      vertex 2.08849 0 4.37576
      vertex 2.20416 0 4.14119
    endloop
  endfacet
  facet normal 0.653273 -0.707108 0.270616
    outer loop
      vertex 2.93323 0.799999 4.47159
      vertex 2.22415 0 4.09296
      vertex 2.9733 0.799999 4.37486
    endloop
  endfacet
  facet normal 0.392836 -0.70711 0.587941
    outer loop
      vertex 1.64365 0.799999 5.94211
      vertex 1.22092 0 5.26241
      vertex 1.43813 0 5.11728
    endloop
  endfacet
  facet normal -0.392836 -0.70711 0.587941
    outer loop
      vertex -1.22092 0 5.26241
      vertex -1.64365 0.799999 5.94211
      vertex -1.43813 0 5.11728
    endloop
  endfacet
  facet normal -0.0462816 -0.707116 0.705581
    outer loop
      vertex -0.0260773 0 5.59656
      vertex -0.365433 0.799999 6.37604
      vertex -0.286926 0 5.57945
    endloop
  endfacet
  facet normal -0.0462416 -0.707109 0.705591
    outer loop
      vertex -0.0523224 0.799999 6.39656
      vertex -0.365433 0.799999 6.37604
      vertex -0.0260773 0 5.59656
    endloop
  endfacet
  facet normal 0.705598 -0.707101 0.0462463
    outer loop
      vertex 2.74354 0.354647 3.35465
      vertex 2.39914 0 3.18678
      vertex 2.59536 0.196434 3.19643
    endloop
  endfacet
  facet normal -0.227284 -0.707107 0.669583
    outer loop
      vertex -0.877853 0.799999 6.27411
      vertex -1.17487 0.799999 6.17329
      vertex -0.89296 0 5.42415
    endloop
  endfacet
  facet normal -0.27064 -0.707105 0.653265
    outer loop
      vertex -1.17487 0.799999 6.17329
      vertex -1.27159 0.799999 6.13322
      vertex -0.89296 0 5.42415
    endloop
  endfacet
  facet normal -0.706726 0.707108 0.0231579
    outer loop
      vertex -2.39999 19.85 3.16084
      vertex -3.2 19.05 3.17375
      vertex -2.39914 19.85 3.18678
    endloop
  endfacet
  facet normal -0.137922 0.707181 -0.69345
    outer loop
      vertex -2.50441 19.05 0.0068512
      vertex -2.60706 19.05 0.0272675
      vertex -2.39839 19.85 0.801605
    endloop
  endfacet
  facet normal -0.0923595 0.707115 0.701041
    outer loop
      vertex -0.338928 19.85 5.5726
      vertex -0.469193 19.05 6.36237
      vertex -0.365433 19.05 6.37604
    endloop
  endfacet
  facet normal -0.137954 0.70711 0.693515
    outer loop
      vertex -0.338928 19.85 5.5726
      vertex -0.59491 19.85 5.52168
      vertex -0.469193 19.05 6.36237
    endloop
  endfacet
  facet normal 0.430464 0.707108 0.560981
    outer loop
      vertex 1.9874 19.05 5.70419
      vertex 1.43813 19.85 5.11728
      vertex 1.90436 19.05 5.76791
    endloop
  endfacet
  facet normal 0.430527 0.707112 0.560928
    outer loop
      vertex 1.43813 19.85 5.11728
      vertex 1.9874 19.05 5.70419
      vertex 1.47964 19.85 5.08542
    endloop
  endfacet
  facet normal 0.706718 -0.707112 0.0232901
    outer loop
      vertex 2.39914 0 3.18678
      vertex 2.56348 0.163481 3.16348
      vertex 2.58313 0.183789 3.18379
    endloop
  endfacet
  facet normal 0.706711 -0.707124 0.0231574
    outer loop
      vertex 2.56348 0.163481 3.16348
      vertex 2.39914 0 3.18678
      vertex 2.39999 0 3.16084
    endloop
  endfacet
  facet normal 0.5 -0.707107 0.5
    outer loop
      vertex 1.67612 0 4.91312
      vertex 2.2973 0.799999 5.42331
      vertex 2.22331 0.799999 5.4973
    endloop
  endfacet
  facet normal 0.500064 -0.707112 0.499929
    outer loop
      vertex 2.2973 0.799999 5.42331
      vertex 1.67612 0 4.91312
      vertex 1.71312 0 4.87611
    endloop
  endfacet
  facet normal -0.612295 -0.707111 0.35368
    outer loop
      vertex -2.06241 0 4.42091
      vertex -2.74211 0.799999 4.84364
      vertex -2.08849 0 4.37576
    endloop
  endfacet
  facet normal -0.555511 0 -0.831509
    outer loop
      vertex -2.88701 0.799999 0.165314
      vertex -2.79999 19.05 0.107178
      vertex -2.79999 0.799999 0.107178
    endloop
  endfacet
  facet normal -0.555511 0 -0.831509
    outer loop
      vertex -2.79999 19.05 0.107178
      vertex -2.88701 0.799999 0.165314
      vertex -2.88701 19.05 0.165314
    endloop
  endfacet
  facet normal -0.0462954 -0.707103 -0.705594
    outer loop
      vertex -2.39839 0 0.801605
      vertex -2.50441 0.799999 0.0068512
      vertex -2.39999 0.799999 0
    endloop
  endfacet
  facet normal 0.137922 -0.707181 -0.69345
    outer loop
      vertex 2.60706 0.799999 0.0272675
      vertex 2.39839 0 0.801605
      vertex 2.50441 0.799999 0.0068512
    endloop
  endfacet
  facet normal 0.321386 0 -0.946948
    outer loop
      vertex 2.60706 0.799999 0.0272675
      vertex 2.70615 0.939102 0.0608978
      vertex 2.70615 0.799999 0.0608978
    endloop
  endfacet
  facet normal 0.321386 0 -0.946948
    outer loop
      vertex 2.70615 0.939102 0.0608978
      vertex 2.60706 0.799999 0.0272675
      vertex 2.60706 0.972733 0.0272675
    endloop
  endfacet
  facet normal 0.683008 0.707134 0.182925
    outer loop
      vertex 3.09496 19.05 4
      vertex 2.81739 19.3181 4
      vertex 3.07411 19.05 4.07785
    endloop
  endfacet
  facet normal 0.587942 0.70711 0.392836
    outer loop
      vertex 2.06241 19.85 4.42091
      vertex 1.91728 19.85 4.63812
      vertex 2.74211 19.05 4.84364
    endloop
  endfacet
  facet normal 0.531626 0.707109 0.466231
    outer loop
      vertex 2.5042 19.05 5.18739
      vertex 1.71312 19.85 4.87611
      vertex 2.2973 19.05 5.42331
    endloop
  endfacet
  facet normal 0.353579 -0.707109 0.612355
    outer loop
      vertex 1.64365 0.799999 5.94211
      vertex 1.17577 0 5.28848
      vertex 1.22092 0 5.26241
    endloop
  endfacet
  facet normal -0.693442 -0.707183 -0.137951
    outer loop
      vertex -2.39839 0 0.801605
      vertex -3.19315 0.799999 0.695587
      vertex -3.17273 0.799999 0.592941
    endloop
  endfacet
  facet normal -1 0 0
    outer loop
      vertex -3.2 0.799999 0.800003
      vertex -3.2 19.05 3.17375
      vertex -3.2 19.05 0.800003
    endloop
  endfacet
  facet normal -1 -0 0
    outer loop
      vertex -3.2 19.05 3.17375
      vertex -3.2 0.799999 0.800003
      vertex -3.2 0.799999 3.17375
    endloop
  endfacet
  facet normal -0.466097 -0.707353 -0.531419
    outer loop
      vertex -2.39839 0 0.801605
      vertex -2.96568 0.799999 0.234314
      vertex -2.88701 0.799999 0.165314
    endloop
  endfacet
  facet normal -0.466213 -0.70711 0.53164
    outer loop
      vertex -1.47964 0 5.08542
      vertex -1.9874 0.799999 5.70419
      vertex -1.67612 0 4.91312
    endloop
  endfacet
  facet normal -0.430463 -0.707108 0.560981
    outer loop
      vertex -1.9874 0.799999 5.70419
      vertex -1.43813 0 5.11728
      vertex -1.90436 0.799999 5.76791
    endloop
  endfacet
  facet normal -0.430526 -0.707112 0.560927
    outer loop
      vertex -1.43813 0 5.11728
      vertex -1.9874 0.799999 5.70419
      vertex -1.47964 0 5.08542
    endloop
  endfacet
  facet normal -0.669459 -0.707249 -0.227207
    outer loop
      vertex -2.39839 0 0.801605
      vertex -3.17273 0.799999 0.592941
      vertex -3.1391 0.799999 0.493851
    endloop
  endfacet
  facet normal -0.896864 0 -0.442306
    outer loop
      vertex -3.09282 0.799999 0.400009
      vertex -3.1391 19.05 0.493851
      vertex -3.09282 19.05 0.400009
    endloop
  endfacet
  facet normal -0.896864 -0 -0.442306
    outer loop
      vertex -3.1391 19.05 0.493851
      vertex -3.09282 0.799999 0.400009
      vertex -3.1391 0.799999 0.493851
    endloop
  endfacet
  facet normal -0.587942 0.70711 0.392836
    outer loop
      vertex -2.06241 19.85 4.42091
      vertex -2.74211 19.05 4.84364
      vertex -1.91728 19.85 4.63812
    endloop
  endfacet
  facet normal -0.705597 -0.707103 0.0462428
    outer loop
      vertex -3.17603 0.799999 3.56544
      vertex -3.19827 0.799999 3.22609
      vertex -2.39914 0 3.18678
    endloop
  endfacet
  facet normal -0.669585 -0.707109 0.227273
    outer loop
      vertex -2.22415 0 4.09296
      vertex -3.07411 0.799999 4.07785
      vertex -2.30812 0 3.84557
    endloop
  endfacet
  facet normal -0.669585 0.707108 0.227273
    outer loop
      vertex -2.30812 19.85 3.84557
      vertex -3.07411 19.05 4.07785
      vertex -2.22415 19.85 4.09296
    endloop
  endfacet
  facet normal -0.683025 0.707109 0.182956
    outer loop
      vertex -2.30812 19.85 3.84557
      vertex -3.10118 19.05 3.97679
      vertex -3.07411 19.05 4.07785
    endloop
  endfacet
  facet normal -0.353522 0.707105 0.612393
    outer loop
      vertex -1.17577 19.85 5.28848
      vertex -1.64365 19.05 5.94211
      vertex -1.55307 19.05 5.9944
    endloop
  endfacet
  facet normal -0.65935 0 0.751836
    outer loop
      vertex -2.22331 19.05 5.4973
      vertex -1.9874 0.799999 5.70419
      vertex -1.9874 19.05 5.70419
    endloop
  endfacet
  facet normal -0.65935 0 0.751836
    outer loop
      vertex -1.9874 0.799999 5.70419
      vertex -2.22331 19.05 5.4973
      vertex -2.22331 0.799999 5.4973
    endloop
  endfacet
  facet normal 0.705594 -0.707104 0.0462609
    outer loop
      vertex 2.37946 0 3.48695
      vertex 2.74354 0.354647 3.35465
      vertex 2.91707 0.539928 3.53993
    endloop
  endfacet
  facet normal 0.705594 -0.707104 0.0462608
    outer loop
      vertex 2.74354 0.354647 3.35465
      vertex 2.37946 0 3.48695
      vertex 2.39914 0 3.18678
    endloop
  endfacet
  facet normal -0.531628 -0.70711 0.466226
    outer loop
      vertex -1.71312 0 4.87611
      vertex -2.5042 0.799999 5.18739
      vertex -1.88542 0 4.67964
    endloop
  endfacet
  facet normal 0.560978 0.707111 0.430462
    outer loop
      vertex 2.56792 19.05 5.10435
      vertex 1.88542 19.85 4.67964
      vertex 2.5042 19.05 5.18739
    endloop
  endfacet
  facet normal 0.560978 0.707111 0.430462
    outer loop
      vertex 1.88542 19.85 4.67964
      vertex 2.56792 19.05 5.10435
      vertex 1.91728 19.85 4.63812
    endloop
  endfacet
  facet normal 0.382743 0 0.923855
    outer loop
      vertex 1.17487 19.05 6.17329
      vertex 1.27159 0.799999 6.13322
      vertex 1.27159 19.05 6.13322
    endloop
  endfacet
  facet normal 0.382743 0 0.923855
    outer loop
      vertex 1.27159 0.799999 6.13322
      vertex 1.17487 19.05 6.17329
      vertex 1.17487 0.799999 6.17329
    endloop
  endfacet
  facet normal 0.707107 -0 0.707107
    outer loop
      vertex 2.22331 0.799999 5.4973
      vertex 2.2973 19.05 5.42331
      vertex 2.22331 19.05 5.4973
    endloop
  endfacet
  facet normal 0.707107 0 0.707107
    outer loop
      vertex 2.2973 19.05 5.42331
      vertex 2.22331 0.799999 5.4973
      vertex 2.2973 0.799999 5.42331
    endloop
  endfacet
  facet normal 0.531628 0.70711 0.466227
    outer loop
      vertex 1.88542 19.85 4.67964
      vertex 1.71312 19.85 4.87611
      vertex 2.5042 19.05 5.18739
    endloop
  endfacet
  facet normal 0.0923595 0.707115 0.701041
    outer loop
      vertex 0.469193 19.05 6.36237
      vertex 0.338928 19.85 5.5726
      vertex 0.365433 19.05 6.37604
    endloop
  endfacet
  facet normal 0.587945 0.707111 0.392828
    outer loop
      vertex 2.74211 19.05 4.84364
      vertex 1.91728 19.85 4.63812
      vertex 2.56792 19.05 5.10435
    endloop
  endfacet
  facet normal 0.701049 -0.707101 0.0924084
    outer loop
      vertex 2.37263 0 3.5388
      vertex 2.91707 0.539928 3.53993
      vertex 2.93236 0.557365 3.55736
    endloop
  endfacet
  facet normal 0.701053 -0.707105 0.092347
    outer loop
      vertex 2.91707 0.539928 3.53993
      vertex 2.37263 0 3.5388
      vertex 2.37946 0 3.48695
    endloop
  endfacet
  facet normal 0.353579 0.707108 0.612356
    outer loop
      vertex 1.22092 19.85 5.26241
      vertex 1.17577 19.85 5.28848
      vertex 1.64365 19.05 5.94211
    endloop
  endfacet
  facet normal -0.353579 -0.707109 0.612355
    outer loop
      vertex -1.17577 0 5.28848
      vertex -1.64365 0.799999 5.94211
      vertex -1.22092 0 5.26241
    endloop
  endfacet
  facet normal 0.466213 -0.70711 0.53164
    outer loop
      vertex 1.9874 0.799999 5.70419
      vertex 1.47964 0 5.08542
      vertex 1.67612 0 4.91312
    endloop
  endfacet
  facet normal 0.442313 0 0.896861
    outer loop
      vertex 1.27159 19.05 6.13322
      vertex 1.55307 0.799999 5.9944
      vertex 1.55307 19.05 5.9944
    endloop
  endfacet
  facet normal 0.442313 0 0.896861
    outer loop
      vertex 1.55307 0.799999 5.9944
      vertex 1.27159 19.05 6.13322
      vertex 1.27159 0.799999 6.13322
    endloop
  endfacet
  facet normal 0.270727 -0.70711 0.653225
    outer loop
      vertex 1.27159 0.799999 6.13322
      vertex 0.89296 0 5.42415
      vertex 0.941193 0 5.40416
    endloop
  endfacet
  facet normal 0.130618 0 0.991433
    outer loop
      vertex 0.365433 19.05 6.37604
      vertex 0.469193 0.799999 6.36237
      vertex 0.469193 19.05 6.36237
    endloop
  endfacet
  facet normal 0.130618 0 0.991433
    outer loop
      vertex 0.469193 0.799999 6.36237
      vertex 0.365433 19.05 6.37604
      vertex 0.365433 0.799999 6.37604
    endloop
  endfacet
  facet normal -0.195104 0 0.980783
    outer loop
      vertex -0.776794 19.05 6.30118
      vertex -0.469193 0.799999 6.36237
      vertex -0.469193 19.05 6.36237
    endloop
  endfacet
  facet normal -0.195104 0 0.980783
    outer loop
      vertex -0.469193 0.799999 6.36237
      vertex -0.776794 19.05 6.30118
      vertex -0.776794 0.799999 6.30118
    endloop
  endfacet
  facet normal -0.137959 -0.70711 0.693515
    outer loop
      vertex -0.469193 0.799999 6.36237
      vertex -0.776794 0.799999 6.30118
      vertex -0.59491 0 5.52168
    endloop
  endfacet
  facet normal -0.392836 0.70711 0.587942
    outer loop
      vertex -1.43813 19.85 5.11728
      vertex -1.64365 19.05 5.94211
      vertex -1.22092 19.85 5.26241
    endloop
  endfacet
  facet normal 0.227272 0.707109 0.669585
    outer loop
      vertex 0.89296 19.85 5.42415
      vertex 0.645569 19.85 5.50812
      vertex 0.877853 19.05 6.27411
    endloop
  endfacet
  facet normal 0.701059 -0.707107 0.0922833
    outer loop
      vertex 3.00809 0.643718 3.64372
      vertex 2.37263 0 3.5388
      vertex 2.93236 0.557365 3.55736
    endloop
  endfacet
  facet normal 0.195071 0 -0.980789
    outer loop
      vertex 2.50441 0.799999 0.0068512
      vertex 2.60706 0.972733 0.0272675
      vertex 2.60706 0.799999 0.0272675
    endloop
  endfacet
  facet normal 0.195071 0 -0.980789
    outer loop
      vertex 2.60706 0.972733 0.0272675
      vertex 2.50441 0.799999 0.0068512
      vertex 2.50441 0.993149 0.0068512
    endloop
  endfacet
  facet normal -0.705597 0.707102 0.0462428
    outer loop
      vertex -2.39914 19.85 3.18678
      vertex -3.19827 19.05 3.22609
      vertex -3.17603 19.05 3.56544
    endloop
  endfacet
  facet normal -0.321386 0 -0.946948
    outer loop
      vertex -2.70615 0.799999 0.0608978
      vertex -2.60706 19.05 0.0272675
      vertex -2.60706 0.799999 0.0272675
    endloop
  endfacet
  facet normal -0.321386 0 -0.946948
    outer loop
      vertex -2.60706 19.05 0.0272675
      vertex -2.70615 0.799999 0.0608978
      vertex -2.70615 19.05 0.0608978
    endloop
  endfacet
  facet normal -0.466098 0.707352 -0.531419
    outer loop
      vertex -2.88701 19.05 0.165314
      vertex -2.96568 19.05 0.234314
      vertex -2.39839 19.85 0.801605
    endloop
  endfacet
  facet normal -0.65939 0 -0.751801
    outer loop
      vertex -2.96568 0.799999 0.234314
      vertex -2.88701 19.05 0.165314
      vertex -2.88701 0.799999 0.165314
    endloop
  endfacet
  facet normal -0.65939 0 -0.751801
    outer loop
      vertex -2.88701 19.05 0.165314
      vertex -2.96568 0.799999 0.234314
      vertex -2.96568 19.05 0.234314
    endloop
  endfacet
  facet normal -0.693443 0.707182 -0.137951
    outer loop
      vertex -3.17273 19.05 0.592941
      vertex -3.19315 19.05 0.695587
      vertex -2.39839 19.85 0.801605
    endloop
  endfacet
  facet normal -0.669459 0.707249 -0.227207
    outer loop
      vertex -3.1391 19.05 0.493851
      vertex -3.17273 19.05 0.592941
      vertex -2.39839 19.85 0.801605
    endloop
  endfacet
  facet normal -0.706724 0.707103 0.0233594
    outer loop
      vertex -2.39914 19.85 3.18678
      vertex -3.2 19.05 3.17375
      vertex -3.19827 19.05 3.22609
    endloop
  endfacet
  facet normal -0.997859 0 0.0653968
    outer loop
      vertex -3.19827 0.799999 3.22609
      vertex -3.17603 19.05 3.56544
      vertex -3.19827 19.05 3.22609
    endloop
  endfacet
  facet normal -0.997859 0 0.0653968
    outer loop
      vertex -3.17603 19.05 3.56544
      vertex -3.19827 0.799999 3.22609
      vertex -3.17603 0.799999 3.56544
    endloop
  endfacet
  facet normal -0.683025 0.707109 0.182958
    outer loop
      vertex -2.32169 19.85 3.79491
      vertex -3.10118 19.05 3.97679
      vertex -2.30812 19.85 3.84557
    endloop
  endfacet
  facet normal 0.499954 0 0.866052
    outer loop
      vertex 1.55307 19.05 5.9944
      vertex 1.64365 0.799999 5.94211
      vertex 1.64365 19.05 5.94211
    endloop
  endfacet
  facet normal 0.499954 0 0.866052
    outer loop
      vertex 1.64365 0.799999 5.94211
      vertex 1.55307 19.05 5.9944
      vertex 1.55307 0.799999 5.9944
    endloop
  endfacet
  facet normal -0.965947 0 0.258739
    outer loop
      vertex -3.10118 0.799999 3.97679
      vertex -3.07411 19.05 4.07785
      vertex -3.10118 19.05 3.97679
    endloop
  endfacet
  facet normal -0.965947 0 0.258739
    outer loop
      vertex -3.07411 19.05 4.07785
      vertex -3.10118 0.799999 3.97679
      vertex -3.07411 0.799999 4.07785
    endloop
  endfacet
  facet normal -0.669586 0.707109 0.227268
    outer loop
      vertex -2.22415 19.85 4.09296
      vertex -3.07411 19.05 4.07785
      vertex -2.9733 19.05 4.37486
    endloop
  endfacet
  facet normal -0.499954 0 0.866052
    outer loop
      vertex -1.64365 19.05 5.94211
      vertex -1.55307 0.799999 5.9944
      vertex -1.55307 19.05 5.9944
    endloop
  endfacet
  facet normal -0.499954 0 0.866052
    outer loop
      vertex -1.55307 0.799999 5.9944
      vertex -1.64365 19.05 5.94211
      vertex -1.64365 0.799999 5.94211
    endloop
  endfacet
  facet normal 0.980781 0 0.195113
    outer loop
      vertex 3.10118 0.976791 3.97679
      vertex 3.10118 0.799999 3.97679
      vertex 3.13635 0.799999 3.8
    endloop
  endfacet
  facet normal 0 1 -0
    outer loop
      vertex 6.7 19.85 0
      vertex 2.2557 19.85 4
      vertex 6.7 19.85 4
    endloop
  endfacet
  facet normal 0 1 0
    outer loop
      vertex 2.2557 19.85 4
      vertex 0.733841 19.85 3.76309
      vertex 0.654068 19.85 3.85407
    endloop
  endfacet
  facet normal 0 1 0
    outer loop
      vertex 2.2557 19.85 4
      vertex 0.801071 19.85 3.66249
      vertex 0.733841 19.85 3.76309
    endloop
  endfacet
  facet normal 0 1 0
    outer loop
      vertex 2.2557 19.85 4
      vertex 0.854584 19.85 3.55397
      vertex 0.801071 19.85 3.66249
    endloop
  endfacet
  facet normal 0 1 0
    outer loop
      vertex 2.2557 19.85 4
      vertex 0.893478 19.85 3.43939
      vertex 0.854584 19.85 3.55397
    endloop
  endfacet
  facet normal 0 1 0
    outer loop
      vertex 2.2557 19.85 4
      vertex 0.917084 19.85 3.32073
      vertex 0.893478 19.85 3.43939
    endloop
  endfacet
  facet normal 0 1 0
    outer loop
      vertex 2.2557 19.85 4
      vertex 0.924988 19.85 3.2
      vertex 0.917084 19.85 3.32073
    endloop
  endfacet
  facet normal 0 1 0
    outer loop
      vertex 2.2557 19.85 4
      vertex 0.917084 19.85 3.07927
      vertex 0.924988 19.85 3.2
    endloop
  endfacet
  facet normal 0 1 0
    outer loop
      vertex 2.2557 19.85 4
      vertex 0.893478 19.85 2.9606
      vertex 0.917084 19.85 3.07927
    endloop
  endfacet
  facet normal 0 1 0
    outer loop
      vertex 1 19.85 0
      vertex 2.2557 19.85 4
      vertex 6.7 19.85 0
    endloop
  endfacet
  facet normal 0 1 0
    outer loop
      vertex 2.2557 19.85 4
      vertex 0.854584 19.85 2.84603
      vertex 0.893478 19.85 2.9606
    endloop
  endfacet
  facet normal -0 1 0
    outer loop
      vertex 0.801071 19.85 2.73751
      vertex 2.2557 19.85 4
      vertex 1 19.85 0
    endloop
  endfacet
  facet normal 0 1 0
    outer loop
      vertex 2.2557 19.85 4
      vertex 0.801071 19.85 2.73751
      vertex 0.854584 19.85 2.84603
    endloop
  endfacet
  facet normal 0 1 0
    outer loop
      vertex 0.801071 19.85 2.73751
      vertex 1 19.85 0
      vertex 0.733841 19.85 2.6369
    endloop
  endfacet
  facet normal 0 1 0
    outer loop
      vertex 0.733841 19.85 2.6369
      vertex 1 19.85 0
      vertex 0.654068 19.85 2.54593
    endloop
  endfacet
  facet normal 0 1 0
    outer loop
      vertex 0.654068 19.85 2.54593
      vertex 1 19.85 0
      vertex 0.563095 19.85 2.46616
    endloop
  endfacet
  facet normal 0 1 0
    outer loop
      vertex 0.563095 19.85 2.46616
      vertex 0.199997 19.85 0.800003
      vertex 0.462494 19.85 2.39893
    endloop
  endfacet
  facet normal 0 1 0
    outer loop
      vertex 0.199997 19.85 0.800003
      vertex 0 19.85 2.27501
      vertex 0.120728 19.85 2.28292
    endloop
  endfacet
  facet normal 0 1 -0
    outer loop
      vertex 0.199997 19.85 0.800003
      vertex 0.120728 19.85 2.28292
      vertex 0.239395 19.85 2.30652
    endloop
  endfacet
  facet normal 0 1 0
    outer loop
      vertex 0.462494 19.85 2.39893
      vertex 0.199997 19.85 0.800003
      vertex 0.353973 19.85 2.34542
    endloop
  endfacet
  facet normal 0 1 0
    outer loop
      vertex 0 19.85 2.27501
      vertex 0.199997 19.85 0.800003
      vertex -2.37389 19.85 0.800003
    endloop
  endfacet
  facet normal 0 1 0
    outer loop
      vertex 0 19.85 2.27501
      vertex -2.37389 19.85 0.800003
      vertex -2.39999 19.85 0.826111
    endloop
  endfacet
  facet normal -0 1 0
    outer loop
      vertex 0.199997 19.85 0.800003
      vertex 0.563095 19.85 2.46616
      vertex 1 19.85 0
    endloop
  endfacet
  facet normal 0 1 0
    outer loop
      vertex 0.353973 19.85 2.34542
      vertex 0.199997 19.85 0.800003
      vertex 0.239395 19.85 2.30652
    endloop
  endfacet
  facet normal 0 1 0
    outer loop
      vertex 0 19.85 4.50814
      vertex 0.0260773 19.85 5.59656
      vertex 0.286926 19.85 5.57945
    endloop
  endfacet
  facet normal 0 1 0
    outer loop
      vertex 0.0260773 19.85 5.59656
      vertex 0 19.85 4.50814
      vertex -0.0260773 19.85 5.59656
    endloop
  endfacet
  facet normal 0 1 0
    outer loop
      vertex 0 19.85 4.50814
      vertex 0.286926 19.85 5.57945
      vertex 0.338928 19.85 5.5726
    endloop
  endfacet
  facet normal 0 1 0
    outer loop
      vertex -0.0260773 19.85 5.59656
      vertex 0 19.85 4.50814
      vertex -0.286926 19.85 5.57945
    endloop
  endfacet
  facet normal 0 1 0
    outer loop
      vertex 0 19.85 4.50814
      vertex 0.338928 19.85 5.5726
      vertex 0.59491 19.85 5.52168
    endloop
  endfacet
  facet normal 0 1 0
    outer loop
      vertex -0.286926 19.85 5.57945
      vertex 0 19.85 4.50814
      vertex -0.338928 19.85 5.5726
    endloop
  endfacet
  facet normal 0 1 0
    outer loop
      vertex 0 19.85 4.50814
      vertex 0.59491 19.85 5.52168
      vertex 0.645569 19.85 5.50812
    endloop
  endfacet
  facet normal 0 1 0
    outer loop
      vertex -0.338928 19.85 5.5726
      vertex 0 19.85 4.50814
      vertex -0.59491 19.85 5.52168
    endloop
  endfacet
  facet normal 0 1 0
    outer loop
      vertex 0 19.85 4.50814
      vertex 0.645569 19.85 5.50812
      vertex 0.89296 19.85 5.42415
    endloop
  endfacet
  facet normal 0 1 0
    outer loop
      vertex -0.59491 19.85 5.52168
      vertex 0 19.85 4.50814
      vertex -0.645569 19.85 5.50812
    endloop
  endfacet
  facet normal 0 1 0
    outer loop
      vertex 0 19.85 4.50814
      vertex 0.89296 19.85 5.42415
      vertex 0.941193 19.85 5.40416
    endloop
  endfacet
  facet normal 0 1 0
    outer loop
      vertex -0.645569 19.85 5.50812
      vertex 0 19.85 4.50814
      vertex -0.89296 19.85 5.42415
    endloop
  endfacet
  facet normal 0 1 0
    outer loop
      vertex 0 19.85 4.50814
      vertex 0.941193 19.85 5.40416
      vertex 1.17577 19.85 5.28848
    endloop
  endfacet
  facet normal 0 1 0
    outer loop
      vertex -0.89296 19.85 5.42415
      vertex 0 19.85 4.50814
      vertex -0.941193 19.85 5.40416
    endloop
  endfacet
  facet normal 0 1 0
    outer loop
      vertex 0.654068 19.85 3.85407
      vertex 1.17577 19.85 5.28848
      vertex 1.22092 19.85 5.26241
    endloop
  endfacet
  facet normal 0 1 0
    outer loop
      vertex -0.941193 19.85 5.40416
      vertex 0 19.85 4.50814
      vertex -1.17577 19.85 5.28848
    endloop
  endfacet
  facet normal 0 1 0
    outer loop
      vertex 0.654068 19.85 3.85407
      vertex 1.22092 19.85 5.26241
      vertex 1.43813 19.85 5.11728
    endloop
  endfacet
  facet normal 0 1 -0
    outer loop
      vertex -0.654068 19.85 3.85407
      vertex -1.17577 19.85 5.28848
      vertex 0 19.85 4.50814
    endloop
  endfacet
  facet normal 0 1 0
    outer loop
      vertex 0.654068 19.85 3.85407
      vertex 1.43813 19.85 5.11728
      vertex 1.47964 19.85 5.08542
    endloop
  endfacet
  facet normal 0 1 0
    outer loop
      vertex -1.17577 19.85 5.28848
      vertex -0.654068 19.85 3.85407
      vertex -1.22092 19.85 5.26241
    endloop
  endfacet
  facet normal 0 1 0
    outer loop
      vertex 0.654068 19.85 3.85407
      vertex 1.47964 19.85 5.08542
      vertex 1.67612 19.85 4.91312
    endloop
  endfacet
  facet normal 0 1 0
    outer loop
      vertex -1.22092 19.85 5.26241
      vertex -0.654068 19.85 3.85407
      vertex -1.43813 19.85 5.11728
    endloop
  endfacet
  facet normal 0 1 0
    outer loop
      vertex 0.654068 19.85 3.85407
      vertex 1.67612 19.85 4.91312
      vertex 1.71312 19.85 4.87611
    endloop
  endfacet
  facet normal 0 1 0
    outer loop
      vertex -1.43813 19.85 5.11728
      vertex -0.654068 19.85 3.85407
      vertex -1.47964 19.85 5.08542
    endloop
  endfacet
  facet normal 0 1 0
    outer loop
      vertex 0.654068 19.85 3.85407
      vertex 1.71312 19.85 4.87611
      vertex 1.88542 19.85 4.67964
    endloop
  endfacet
  facet normal 0 1 0
    outer loop
      vertex -1.47964 19.85 5.08542
      vertex -0.654068 19.85 3.85407
      vertex -1.67612 19.85 4.91312
    endloop
  endfacet
  facet normal 0 1 0
    outer loop
      vertex 0.654068 19.85 3.85407
      vertex 1.88542 19.85 4.67964
      vertex 1.91728 19.85 4.63812
    endloop
  endfacet
  facet normal 0 1 0
    outer loop
      vertex -1.67612 19.85 4.91312
      vertex -0.654068 19.85 3.85407
      vertex -1.71312 19.85 4.87611
    endloop
  endfacet
  facet normal 0 1 0
    outer loop
      vertex -1.71312 19.85 4.87611
      vertex -0.654068 19.85 3.85407
      vertex -1.88542 19.85 4.67964
    endloop
  endfacet
  facet normal 0 1 0
    outer loop
      vertex 0.654068 19.85 3.85407
      vertex 1.91728 19.85 4.63812
      vertex 2.06241 19.85 4.42091
    endloop
  endfacet
  facet normal 0 1 0
    outer loop
      vertex 0.654068 19.85 3.85407
      vertex 2.06241 19.85 4.42091
      vertex 2.08849 19.85 4.37576
    endloop
  endfacet
  facet normal 0 1 0
    outer loop
      vertex 0.654068 19.85 3.85407
      vertex 2.08849 19.85 4.37576
      vertex 2.20416 19.85 4.14119
    endloop
  endfacet
  facet normal 0 1 0
    outer loop
      vertex 0.654068 19.85 3.85407
      vertex 2.20416 19.85 4.14119
      vertex 2.22415 19.85 4.09296
    endloop
  endfacet
  facet normal 0 1 0
    outer loop
      vertex 0.654068 19.85 3.85407
      vertex 2.22415 19.85 4.09296
      vertex 2.2557 19.85 4
    endloop
  endfacet
  facet normal 0 1 0
    outer loop
      vertex 1.17577 19.85 5.28848
      vertex 0.654068 19.85 3.85407
      vertex 0 19.85 4.50814
    endloop
  endfacet
  facet normal 0 1 -0
    outer loop
      vertex -0.733841 19.85 3.76309
      vertex -1.88542 19.85 4.67964
      vertex -0.654068 19.85 3.85407
    endloop
  endfacet
  facet normal 0 1 0
    outer loop
      vertex -1.88542 19.85 4.67964
      vertex -0.733841 19.85 3.76309
      vertex -1.91728 19.85 4.63812
    endloop
  endfacet
  facet normal 0 1 0
    outer loop
      vertex -1.91728 19.85 4.63812
      vertex -0.733841 19.85 3.76309
      vertex -2.06241 19.85 4.42091
    endloop
  endfacet
  facet normal 0 1 -0
    outer loop
      vertex -0.801071 19.85 3.66249
      vertex -2.06241 19.85 4.42091
      vertex -0.733841 19.85 3.76309
    endloop
  endfacet
  facet normal 0 1 0
    outer loop
      vertex -2.06241 19.85 4.42091
      vertex -0.801071 19.85 3.66249
      vertex -2.08849 19.85 4.37576
    endloop
  endfacet
  facet normal 0 1 0
    outer loop
      vertex -2.08849 19.85 4.37576
      vertex -0.801071 19.85 3.66249
      vertex -2.20416 19.85 4.14119
    endloop
  endfacet
  facet normal 0 1 -0
    outer loop
      vertex -0.854584 19.85 3.55397
      vertex -2.20416 19.85 4.14119
      vertex -0.801071 19.85 3.66249
    endloop
  endfacet
  facet normal 0 1 0
    outer loop
      vertex -2.20416 19.85 4.14119
      vertex -0.854584 19.85 3.55397
      vertex -2.22415 19.85 4.09296
    endloop
  endfacet
  facet normal 0 1 0
    outer loop
      vertex -2.22415 19.85 4.09296
      vertex -0.854584 19.85 3.55397
      vertex -2.30812 19.85 3.84557
    endloop
  endfacet
  facet normal 0 1 -0
    outer loop
      vertex -0.893478 19.85 3.43939
      vertex -2.30812 19.85 3.84557
      vertex -0.854584 19.85 3.55397
    endloop
  endfacet
  facet normal 0 1 0
    outer loop
      vertex -2.30812 19.85 3.84557
      vertex -0.893478 19.85 3.43939
      vertex -2.32169 19.85 3.79491
    endloop
  endfacet
  facet normal 0 1 0
    outer loop
      vertex -2.32169 19.85 3.79491
      vertex -0.893478 19.85 3.43939
      vertex -2.37263 19.85 3.5388
    endloop
  endfacet
  facet normal 0 1 -0
    outer loop
      vertex -0.917084 19.85 3.32073
      vertex -2.37263 19.85 3.5388
      vertex -0.893478 19.85 3.43939
    endloop
  endfacet
  facet normal 0 1 0
    outer loop
      vertex -2.37263 19.85 3.5388
      vertex -0.917084 19.85 3.32073
      vertex -2.37946 19.85 3.48695
    endloop
  endfacet
  facet normal 0 1 -0
    outer loop
      vertex -0.924988 19.85 3.2
      vertex -2.37946 19.85 3.48695
      vertex -0.917084 19.85 3.32073
    endloop
  endfacet
  facet normal 0 1 0
    outer loop
      vertex -0.924988 19.85 3.2
      vertex -2.39914 19.85 3.18678
      vertex -2.37946 19.85 3.48695
    endloop
  endfacet
  facet normal 0 1 0
    outer loop
      vertex -0.924988 19.85 3.2
      vertex -2.39999 19.85 3.16084
      vertex -2.39914 19.85 3.18678
    endloop
  endfacet
  facet normal 0 1 0
    outer loop
      vertex -0.917084 19.85 3.07927
      vertex -2.39999 19.85 3.16084
      vertex -0.924988 19.85 3.2
    endloop
  endfacet
  facet normal 0 1 0
    outer loop
      vertex -0.893478 19.85 2.9606
      vertex -2.39999 19.85 3.16084
      vertex -0.917084 19.85 3.07927
    endloop
  endfacet
  facet normal 0 1 0
    outer loop
      vertex -0.854584 19.85 2.84603
      vertex -2.39999 19.85 3.16084
      vertex -0.893478 19.85 2.9606
    endloop
  endfacet
  facet normal 0 1 0
    outer loop
      vertex -0.801071 19.85 2.73751
      vertex -2.39999 19.85 3.16084
      vertex -0.854584 19.85 2.84603
    endloop
  endfacet
  facet normal 0 1 0
    outer loop
      vertex -2.39999 19.85 0.826111
      vertex -0.801071 19.85 2.73751
      vertex -0.733841 19.85 2.6369
    endloop
  endfacet
  facet normal 0 1 0
    outer loop
      vertex -2.39999 19.85 0.826111
      vertex -0.733841 19.85 2.6369
      vertex -0.654068 19.85 2.54593
    endloop
  endfacet
  facet normal 0 1 0
    outer loop
      vertex -2.39999 19.85 0.826111
      vertex -0.654068 19.85 2.54593
      vertex -0.563095 19.85 2.46616
    endloop
  endfacet
  facet normal 0 1 0
    outer loop
      vertex -2.39999 19.85 0.826111
      vertex -0.563095 19.85 2.46616
      vertex -0.462494 19.85 2.39893
    endloop
  endfacet
  facet normal 0 1 0
    outer loop
      vertex -2.39999 19.85 0.826111
      vertex -0.462494 19.85 2.39893
      vertex -0.353973 19.85 2.34542
    endloop
  endfacet
  facet normal 0 1 0
    outer loop
      vertex -0.801071 19.85 2.73751
      vertex -2.39999 19.85 0.826111
      vertex -2.39999 19.85 3.16084
    endloop
  endfacet
  facet normal 0 1 0
    outer loop
      vertex -0.239395 19.85 2.30652
      vertex -2.39999 19.85 0.826111
      vertex -0.353973 19.85 2.34542
    endloop
  endfacet
  facet normal 0 1 0
    outer loop
      vertex -0.120728 19.85 2.28292
      vertex -2.39999 19.85 0.826111
      vertex -0.239395 19.85 2.30652
    endloop
  endfacet
  facet normal 0 1 0
    outer loop
      vertex -2.39999 19.85 0.826111
      vertex -0.120728 19.85 2.28292
      vertex 0 19.85 2.27501
    endloop
  endfacet
  facet normal 0 1 0
    outer loop
      vertex -2.39999 19.85 0.826111
      vertex -2.37389 19.85 0.800003
      vertex -2.39839 19.85 0.801605
    endloop
  endfacet
  facet normal 0.634186 0.707114 0.312727
    outer loop
      vertex 2.20416 19.85 4.14119
      vertex 2.08849 19.85 4.37576
      vertex 2.93323 19.05 4.47159
    endloop
  endfacet
  facet normal 0.63417 0.707104 0.312782
    outer loop
      vertex 2.93323 19.05 4.47159
      vertex 2.08849 19.85 4.37576
      vertex 2.7944 19.05 4.75307
    endloop
  endfacet
  facet normal 0.751834 -0 0.659353
    outer loop
      vertex 2.2973 0.799999 5.42331
      vertex 2.5042 19.05 5.18739
      vertex 2.2973 19.05 5.42331
    endloop
  endfacet
  facet normal 0.751834 0 0.659353
    outer loop
      vertex 2.5042 19.05 5.18739
      vertex 2.2973 0.799999 5.42331
      vertex 2.5042 0.799999 5.18739
    endloop
  endfacet
  facet normal 0.466232 -0.707106 0.531629
    outer loop
      vertex 1.9874 0.799999 5.70419
      vertex 1.67612 0 4.91312
      vertex 2.22331 0.799999 5.4973
    endloop
  endfacet
  facet normal 0.312763 0.707105 0.634178
    outer loop
      vertex 1.55307 19.05 5.9944
      vertex 1.17577 19.85 5.28848
      vertex 1.27159 19.05 6.13322
    endloop
  endfacet
  facet normal 0.612378 0.707103 0.353552
    outer loop
      vertex 2.7944 19.05 4.75307
      vertex 2.08849 19.85 4.37576
      vertex 2.74211 19.05 4.84364
    endloop
  endfacet
  facet normal 0.659374 0 -0.751815
    outer loop
      vertex 2.92656 0.799999 0.200001
      vertex 2.88701 0.799999 0.165314
      vertex 2.88701 0.834686 0.165314
    endloop
  endfacet
  facet normal 0.669586 0.707109 0.227268
    outer loop
      vertex 3.07411 19.05 4.07785
      vertex 2.22415 19.85 4.09296
      vertex 2.9733 19.05 4.37486
    endloop
  endfacet
  facet normal 0.946941 -0 0.321407
    outer loop
      vertex 2.9733 0.799999 4.37486
      vertex 3.07411 19.05 4.07785
      vertex 2.9733 19.05 4.37486
    endloop
  endfacet
  facet normal 0.946941 0 0.321407
    outer loop
      vertex 3.07411 19.05 4.07785
      vertex 2.9733 0.799999 4.37486
      vertex 3.07411 0.799999 4.07785
    endloop
  endfacet
  facet normal 0.555511 0 -0.831509
    outer loop
      vertex 2.79999 0.799999 0.107178
      vertex 2.88701 0.834686 0.165314
      vertex 2.88701 0.799999 0.165314
    endloop
  endfacet
  facet normal 0.555511 0 -0.831509
    outer loop
      vertex 2.88701 0.834686 0.165314
      vertex 2.79999 0.799999 0.107178
      vertex 2.79999 0.892822 0.107178
    endloop
  endfacet
  facet normal -0.999454 0 0.0330351
    outer loop
      vertex -3.2 0.799999 3.17375
      vertex -3.19827 19.05 3.22609
      vertex -3.2 19.05 3.17375
    endloop
  endfacet
  facet normal -0.999454 0 0.0330351
    outer loop
      vertex -3.19827 19.05 3.22609
      vertex -3.2 0.799999 3.17375
      vertex -3.19827 0.799999 3.22609
    endloop
  endfacet
  facet normal -0.923869 0 0.382709
    outer loop
      vertex -2.9733 0.799999 4.37486
      vertex -2.93323 19.05 4.47159
      vertex -2.9733 19.05 4.37486
    endloop
  endfacet
  facet normal -0.923869 0 0.382709
    outer loop
      vertex -2.93323 19.05 4.47159
      vertex -2.9733 0.799999 4.37486
      vertex -2.93323 0.799999 4.47159
    endloop
  endfacet
  facet normal -0.693516 -0.707108 0.137959
    outer loop
      vertex -3.10118 0.799999 3.97679
      vertex -3.16237 0.799999 3.66919
      vertex -2.37263 0 3.5388
    endloop
  endfacet
  facet normal -0.312678 -0.7073 -0.634002
    outer loop
      vertex -2.39839 0 0.801605
      vertex -2.79999 0.799999 0.107178
      vertex -2.70615 0.799999 0.0608978
    endloop
  endfacet
  facet normal -0.442315 0 -0.89686
    outer loop
      vertex -2.79999 0.799999 0.107178
      vertex -2.70615 19.05 0.0608978
      vertex -2.70615 0.799999 0.0608978
    endloop
  endfacet
  facet normal -0.442315 0 -0.89686
    outer loop
      vertex -2.70615 19.05 0.0608978
      vertex -2.79999 0.799999 0.107178
      vertex -2.79999 19.05 0.107178
    endloop
  endfacet
  facet normal -0.392679 -0.707335 -0.587776
    outer loop
      vertex -2.39839 0 0.801605
      vertex -2.88701 0.799999 0.165314
      vertex -2.79999 0.799999 0.107178
    endloop
  endfacet
  facet normal -0.980781 0 -0.195113
    outer loop
      vertex -3.17273 0.799999 0.592941
      vertex -3.19315 19.05 0.695587
      vertex -3.17273 19.05 0.592941
    endloop
  endfacet
  facet normal -0.980781 -0 -0.195113
    outer loop
      vertex -3.19315 19.05 0.695587
      vertex -3.17273 0.799999 0.592941
      vertex -3.19315 0.799999 0.695587
    endloop
  endfacet
  facet normal -0.634005 -0.707301 -0.312672
    outer loop
      vertex -2.39839 0 0.801605
      vertex -3.1391 0.799999 0.493851
      vertex -3.09282 0.799999 0.400009
    endloop
  endfacet
  facet normal -0.137922 -0.707181 -0.69345
    outer loop
      vertex -2.39839 0 0.801605
      vertex -2.60706 0.799999 0.0272675
      vertex -2.50441 0.799999 0.0068512
    endloop
  endfacet
  facet normal -0.195071 0 -0.980789
    outer loop
      vertex -2.60706 0.799999 0.0272675
      vertex -2.50441 19.05 0.0068512
      vertex -2.50441 0.799999 0.0068512
    endloop
  endfacet
  facet normal -0.195071 0 -0.980789
    outer loop
      vertex -2.50441 19.05 0.0068512
      vertex -2.60706 0.799999 0.0272675
      vertex -2.60706 19.05 0.0272675
    endloop
  endfacet
  facet normal 0.392846 0.707108 0.587938
    outer loop
      vertex 1.90436 19.05 5.76791
      vertex 1.43813 19.85 5.11728
      vertex 1.64365 19.05 5.94211
    endloop
  endfacet
  facet normal 0.353522 0.707105 0.612393
    outer loop
      vertex 1.64365 19.05 5.94211
      vertex 1.17577 19.85 5.28848
      vertex 1.55307 19.05 5.9944
    endloop
  endfacet
  facet normal 0.466232 0.707106 0.531629
    outer loop
      vertex 2.22331 19.05 5.4973
      vertex 1.67612 19.85 4.91312
      vertex 1.9874 19.05 5.70419
    endloop
  endfacet
  facet normal 0.65935 0 0.751836
    outer loop
      vertex 1.9874 19.05 5.70419
      vertex 2.22331 0.799999 5.4973
      vertex 2.22331 19.05 5.4973
    endloop
  endfacet
  facet normal 0.65935 0 0.751836
    outer loop
      vertex 2.22331 0.799999 5.4973
      vertex 1.9874 19.05 5.70419
      vertex 1.9874 0.799999 5.70419
    endloop
  endfacet
  facet normal 0.653273 0.707108 0.270616
    outer loop
      vertex 2.9733 19.05 4.37486
      vertex 2.22415 19.85 4.09296
      vertex 2.93323 19.05 4.47159
    endloop
  endfacet
  facet normal 0.653215 0.707114 0.270739
    outer loop
      vertex 2.22415 19.85 4.09296
      vertex 2.20416 19.85 4.14119
      vertex 2.93323 19.05 4.47159
    endloop
  endfacet
  facet normal 0.555568 0 0.831471
    outer loop
      vertex 1.64365 19.05 5.94211
      vertex 1.90436 0.799999 5.76791
      vertex 1.90436 19.05 5.76791
    endloop
  endfacet
  facet normal 0.555568 0 0.831471
    outer loop
      vertex 1.90436 0.799999 5.76791
      vertex 1.64365 19.05 5.94211
      vertex 1.64365 0.799999 5.94211
    endloop
  endfacet
  facet normal -0.980783 0 0.195104
    outer loop
      vertex -3.16237 0.799999 3.66919
      vertex -3.10118 19.05 3.97679
      vertex -3.16237 19.05 3.66919
    endloop
  endfacet
  facet normal -0.980783 0 0.195104
    outer loop
      vertex -3.10118 19.05 3.97679
      vertex -3.16237 0.799999 3.66919
      vertex -3.10118 0.799999 3.97679
    endloop
  endfacet
  facet normal -0.991444 0 0.130536
    outer loop
      vertex -3.17603 0.799999 3.56544
      vertex -3.16237 19.05 3.66919
      vertex -3.17603 19.05 3.56544
    endloop
  endfacet
  facet normal -0.991444 0 0.130536
    outer loop
      vertex -3.16237 19.05 3.66919
      vertex -3.17603 0.799999 3.56544
      vertex -3.16237 0.799999 3.66919
    endloop
  endfacet
  facet normal -0.946941 0 0.321407
    outer loop
      vertex -3.07411 0.799999 4.07785
      vertex -2.9733 19.05 4.37486
      vertex -3.07411 19.05 4.07785
    endloop
  endfacet
  facet normal -0.946941 0 0.321407
    outer loop
      vertex -2.9733 19.05 4.37486
      vertex -3.07411 0.799999 4.07785
      vertex -2.9733 0.799999 4.37486
    endloop
  endfacet
  facet normal -0.751817 0 -0.659371
    outer loop
      vertex -2.96568 0.799999 0.234314
      vertex -3.03468 19.05 0.312988
      vertex -2.96568 19.05 0.234314
    endloop
  endfacet
  facet normal -0.751817 -0 -0.659371
    outer loop
      vertex -3.03468 19.05 0.312988
      vertex -2.96568 0.799999 0.234314
      vertex -3.03468 0.799999 0.312988
    endloop
  endfacet
  facet normal -0.531431 -0.707352 -0.466084
    outer loop
      vertex -2.39839 0 0.801605
      vertex -3.03468 0.799999 0.312988
      vertex -2.96568 0.799999 0.234314
    endloop
  endfacet
  facet normal -0.587766 -0.707335 -0.392695
    outer loop
      vertex -2.39839 0 0.801605
      vertex -3.09282 0.799999 0.400009
      vertex -3.03468 0.799999 0.312988
    endloop
  endfacet
  facet normal -0.946949 0 -0.321384
    outer loop
      vertex -3.1391 0.799999 0.493851
      vertex -3.17273 19.05 0.592941
      vertex -3.1391 19.05 0.493851
    endloop
  endfacet
  facet normal -0.946949 -0 -0.321384
    outer loop
      vertex -3.17273 19.05 0.592941
      vertex -3.1391 0.799999 0.493851
      vertex -3.17273 0.799999 0.592941
    endloop
  endfacet
  facet normal -0.705592 -0.707105 -0.0462889
    outer loop
      vertex -2.39839 0 0.801605
      vertex -3.2 0.799999 0.800003
      vertex -3.19315 0.799999 0.695587
    endloop
  endfacet
  facet normal -0.997855 0 -0.0654623
    outer loop
      vertex -3.19315 0.799999 0.695587
      vertex -3.2 19.05 0.800003
      vertex -3.19315 19.05 0.695587
    endloop
  endfacet
  facet normal -0.997855 -0 -0.0654623
    outer loop
      vertex -3.2 19.05 0.800003
      vertex -3.19315 0.799999 0.695587
      vertex -3.2 0.799999 0.800003
    endloop
  endfacet
  facet normal 0.5 0.707107 0.5
    outer loop
      vertex 2.2973 19.05 5.42331
      vertex 1.67612 19.85 4.91312
      vertex 2.22331 19.05 5.4973
    endloop
  endfacet
  facet normal 0.500064 0.707111 0.499929
    outer loop
      vertex 1.67612 19.85 4.91312
      vertex 2.2973 19.05 5.42331
      vertex 1.71312 19.85 4.87611
    endloop
  endfacet
  facet normal 0.866028 -0 0.499996
    outer loop
      vertex 2.74211 0.799999 4.84364
      vertex 2.7944 19.05 4.75307
      vertex 2.74211 19.05 4.84364
    endloop
  endfacet
  facet normal 0.866028 0 0.499996
    outer loop
      vertex 2.7944 19.05 4.75307
      vertex 2.74211 0.799999 4.84364
      vertex 2.7944 0.799999 4.75307
    endloop
  endfacet
  facet normal -0.693517 0.707108 0.137959
    outer loop
      vertex -2.37263 19.85 3.5388
      vertex -3.16237 19.05 3.66919
      vertex -3.10118 19.05 3.97679
    endloop
  endfacet
  facet normal -0.701055 0.707108 0.0923028
    outer loop
      vertex -2.37263 19.85 3.5388
      vertex -3.17603 19.05 3.56544
      vertex -3.16237 19.05 3.66919
    endloop
  endfacet
  facet normal -0.653273 -0.707108 0.270616
    outer loop
      vertex -2.93323 0.799999 4.47159
      vertex -2.9733 0.799999 4.37486
      vertex -2.22415 0 4.09296
    endloop
  endfacet
  facet normal -0.831494 0 -0.555533
    outer loop
      vertex -3.03468 0.799999 0.312988
      vertex -3.09282 19.05 0.400009
      vertex -3.03468 19.05 0.312988
    endloop
  endfacet
  facet normal -0.831494 -0 -0.555533
    outer loop
      vertex -3.09282 19.05 0.400009
      vertex -3.03468 0.799999 0.312988
      vertex -3.09282 0.799999 0.400009
    endloop
  endfacet
  facet normal -0.587766 0.707334 -0.392695
    outer loop
      vertex -3.03468 19.05 0.312988
      vertex -3.09282 19.05 0.400009
      vertex -2.39839 19.85 0.801605
    endloop
  endfacet
  facet normal -0.531431 0.707351 -0.466085
    outer loop
      vertex -2.96568 19.05 0.234314
      vertex -3.03468 19.05 0.312988
      vertex -2.39839 19.85 0.801605
    endloop
  endfacet
  facet normal 0.587942 -0.70711 0.392836
    outer loop
      vertex 2.74211 40.95 4.84364
      vertex 1.91728 40.15 4.63812
      vertex 2.06241 40.15 4.42091
    endloop
  endfacet
  facet normal -0.0923595 0.707115 0.701041
    outer loop
      vertex -0.338928 59.85 5.5726
      vertex -0.469193 59.05 6.36237
      vertex -0.365433 59.05 6.37604
    endloop
  endfacet
  facet normal 0.612378 -0.707103 0.353552
    outer loop
      vertex 2.74211 40.95 4.84364
      vertex 2.08849 40.15 4.37576
      vertex 2.7944 40.95 4.75307
    endloop
  endfacet
  facet normal -0.693443 0.707182 -0.137951
    outer loop
      vertex -3.17273 59.05 0.592941
      vertex -3.19315 59.05 0.695587
      vertex -2.39839 59.85 0.801605
    endloop
  endfacet
  facet normal -0.701051 0.707106 0.0923468
    outer loop
      vertex -2.37946 59.85 3.48695
      vertex -3.17603 59.05 3.56544
      vertex -2.37263 59.85 3.5388
    endloop
  endfacet
  facet normal -0 0 1
    outer loop
      vertex -0.0523224 59.05 6.39656
      vertex 0.0523224 40.95 6.39656
      vertex 0.0523224 59.05 6.39656
    endloop
  endfacet
  facet normal 0 0 1
    outer loop
      vertex 0.0523224 40.95 6.39656
      vertex -0.0523224 59.05 6.39656
      vertex -0.0523224 40.95 6.39656
    endloop
  endfacet
  facet normal 0 0.707108 -0.707105
    outer loop
      vertex -2.39999 59.05 0
      vertex 0.199997 59.85 0.800003
      vertex 1 59.05 0
    endloop
  endfacet
  facet normal 0 0.707108 -0.707105
    outer loop
      vertex 0.199997 59.85 0.800003
      vertex -2.39999 59.05 0
      vertex -2.37389 59.85 0.800003
    endloop
  endfacet
  facet normal -0.946941 0 0.321407
    outer loop
      vertex -3.07411 40.95 4.07785
      vertex -2.9733 59.05 4.37486
      vertex -3.07411 59.05 4.07785
    endloop
  endfacet
  facet normal -0.946941 0 0.321407
    outer loop
      vertex -2.9733 59.05 4.37486
      vertex -3.07411 40.95 4.07785
      vertex -2.9733 40.95 4.37486
    endloop
  endfacet
  facet normal 0.946941 -0 0.321407
    outer loop
      vertex 2.9733 40.95 4.37486
      vertex 3.07411 59.05 4.07785
      vertex 2.9733 59.05 4.37486
    endloop
  endfacet
  facet normal 0.946941 0 0.321407
    outer loop
      vertex 3.07411 59.05 4.07785
      vertex 2.9733 40.95 4.37486
      vertex 3.07411 40.95 4.07785
    endloop
  endfacet
  facet normal -0.137954 0.70711 0.693515
    outer loop
      vertex -0.338928 59.85 5.5726
      vertex -0.59491 59.85 5.52168
      vertex -0.469193 59.05 6.36237
    endloop
  endfacet
  facet normal -0.0462816 0.707116 0.705582
    outer loop
      vertex -0.286926 59.85 5.57945
      vertex -0.365433 59.05 6.37604
      vertex -0.0260773 59.85 5.59656
    endloop
  endfacet
  facet normal 0.392846 0.707108 0.587938
    outer loop
      vertex 1.90436 59.05 5.76791
      vertex 1.43813 59.85 5.11728
      vertex 1.64365 59.05 5.94211
    endloop
  endfacet
  facet normal -0.321386 0 -0.946948
    outer loop
      vertex -2.70615 40.95 0.0608978
      vertex -2.60706 59.05 0.0272675
      vertex -2.60706 40.95 0.0272675
    endloop
  endfacet
  facet normal -0.321386 0 -0.946948
    outer loop
      vertex -2.60706 59.05 0.0272675
      vertex -2.70615 40.95 0.0608978
      vertex -2.70615 59.05 0.0608978
    endloop
  endfacet
  facet normal 0.707107 -0 0.707107
    outer loop
      vertex 2.22331 40.95 5.4973
      vertex 2.2973 59.05 5.42331
      vertex 2.22331 59.05 5.4973
    endloop
  endfacet
  facet normal 0.707107 0 0.707107
    outer loop
      vertex 2.2973 59.05 5.42331
      vertex 2.22331 40.95 5.4973
      vertex 2.2973 40.95 5.42331
    endloop
  endfacet
  facet normal -0.227209 0.707249 -0.669459
    outer loop
      vertex -2.60706 59.05 0.0272675
      vertex -2.70615 59.05 0.0608978
      vertex -2.39839 59.85 0.801605
    endloop
  endfacet
  facet normal 0.312763 0.707105 0.634178
    outer loop
      vertex 1.55307 59.05 5.9944
      vertex 1.17577 59.85 5.28848
      vertex 1.27159 59.05 6.13322
    endloop
  endfacet
  facet normal -0.587766 0.707334 -0.392695
    outer loop
      vertex -3.03468 59.05 0.312988
      vertex -3.09282 59.05 0.400009
      vertex -2.39839 59.85 0.801605
    endloop
  endfacet
  facet normal -0.137922 -0.707181 -0.69345
    outer loop
      vertex -2.39839 40.15 0.801605
      vertex -2.60706 40.95 0.0272675
      vertex -2.50441 40.95 0.0068512
    endloop
  endfacet
  facet normal -0.706724 -0.707103 0.0233594
    outer loop
      vertex -3.19827 40.95 3.22609
      vertex -3.2 40.95 3.17375
      vertex -2.39914 40.15 3.18678
    endloop
  endfacet
  facet normal -0.634186 0.707114 0.312727
    outer loop
      vertex -2.20416 59.85 4.14119
      vertex -2.93323 59.05 4.47159
      vertex -2.08849 59.85 4.37576
    endloop
  endfacet
  facet normal -0.997859 0 0.0653968
    outer loop
      vertex -3.19827 40.95 3.22609
      vertex -3.17603 59.05 3.56544
      vertex -3.19827 59.05 3.22609
    endloop
  endfacet
  facet normal -0.997859 0 0.0653968
    outer loop
      vertex -3.17603 59.05 3.56544
      vertex -3.19827 40.95 3.22609
      vertex -3.17603 40.95 3.56544
    endloop
  endfacet
  facet normal -0.0923452 0.707116 0.701042
    outer loop
      vertex -0.338928 59.85 5.5726
      vertex -0.365433 59.05 6.37604
      vertex -0.286926 59.85 5.57945
    endloop
  endfacet
  facet normal 0.669586 0.707109 0.227268
    outer loop
      vertex 3.07411 59.05 4.07785
      vertex 2.22415 59.85 4.09296
      vertex 2.9733 59.05 4.37486
    endloop
  endfacet
  facet normal 0.866028 -0 0.499996
    outer loop
      vertex 2.74211 40.95 4.84364
      vertex 2.7944 59.05 4.75307
      vertex 2.74211 59.05 4.84364
    endloop
  endfacet
  facet normal 0.866028 0 0.499996
    outer loop
      vertex 2.7944 59.05 4.75307
      vertex 2.74211 40.95 4.84364
      vertex 2.7944 40.95 4.75307
    endloop
  endfacet
  facet normal 0.312763 -0.707105 0.634178
    outer loop
      vertex 1.27159 40.95 6.13322
      vertex 1.17577 40.15 5.28848
      vertex 1.55307 40.95 5.9944
    endloop
  endfacet
  facet normal -0.227272 -0.707109 0.669585
    outer loop
      vertex -0.877853 40.95 6.27411
      vertex -0.89296 40.15 5.42415
      vertex -0.645569 40.15 5.50812
    endloop
  endfacet
  facet normal 0.466232 -0.707106 0.531629
    outer loop
      vertex 1.9874 40.95 5.70419
      vertex 1.67612 40.15 4.91312
      vertex 2.22331 40.95 5.4973
    endloop
  endfacet
  facet normal -0.270641 0.707105 0.653266
    outer loop
      vertex -0.89296 59.85 5.42415
      vertex -1.27159 59.05 6.13322
      vertex -1.17487 59.05 6.17329
    endloop
  endfacet
  facet normal 0 -0.707108 -0.707105
    outer loop
      vertex -2.39999 40.95 0
      vertex 0.199997 40.15 0.800003
      vertex -2.37389 40.15 0.800003
    endloop
  endfacet
  facet normal 0 -0.707108 -0.707105
    outer loop
      vertex 0.199997 40.15 0.800003
      vertex -2.39999 40.95 0
      vertex 1 40.95 0
    endloop
  endfacet
  facet normal 0.63417 0.707104 0.312782
    outer loop
      vertex 2.93323 59.05 4.47159
      vertex 2.08849 59.85 4.37576
      vertex 2.7944 59.05 4.75307
    endloop
  endfacet
  facet normal 0.353522 0.707105 0.612393
    outer loop
      vertex 1.64365 59.05 5.94211
      vertex 1.17577 59.85 5.28848
      vertex 1.55307 59.05 5.9944
    endloop
  endfacet
  facet normal 0.137959 0.70711 0.693515
    outer loop
      vertex 0.59491 59.85 5.52168
      vertex 0.469193 59.05 6.36237
      vertex 0.776794 59.05 6.30118
    endloop
  endfacet
  facet normal -0.965947 0 0.258739
    outer loop
      vertex -3.10118 40.95 3.97679
      vertex -3.07411 59.05 4.07785
      vertex -3.10118 59.05 3.97679
    endloop
  endfacet
  facet normal -0.965947 0 0.258739
    outer loop
      vertex -3.07411 59.05 4.07785
      vertex -3.10118 40.95 3.97679
      vertex -3.07411 40.95 4.07785
    endloop
  endfacet
  facet normal -0.466213 0.707109 0.53164
    outer loop
      vertex -1.67612 59.85 4.91312
      vertex -1.9874 59.05 5.70419
      vertex -1.47964 59.85 5.08542
    endloop
  endfacet
  facet normal -0.392679 0.707335 -0.587776
    outer loop
      vertex -2.79999 59.05 0.107178
      vertex -2.88701 59.05 0.165314
      vertex -2.39839 59.85 0.801605
    endloop
  endfacet
  facet normal 0.587942 0.70711 0.392836
    outer loop
      vertex 2.06241 59.85 4.42091
      vertex 1.91728 59.85 4.63812
      vertex 2.74211 59.05 4.84364
    endloop
  endfacet
  facet normal 0.0462816 0.707116 0.705582
    outer loop
      vertex 0.286926 59.85 5.57945
      vertex 0.0260773 59.85 5.59656
      vertex 0.365433 59.05 6.37604
    endloop
  endfacet
  facet normal -0.705597 0.707102 0.0462428
    outer loop
      vertex -2.39914 59.85 3.18678
      vertex -3.19827 59.05 3.22609
      vertex -3.17603 59.05 3.56544
    endloop
  endfacet
  facet normal 0.653215 0.707114 0.270739
    outer loop
      vertex 2.22415 59.85 4.09296
      vertex 2.20416 59.85 4.14119
      vertex 2.93323 59.05 4.47159
    endloop
  endfacet
  facet normal -0.466232 -0.707106 0.531629
    outer loop
      vertex -1.9874 40.95 5.70419
      vertex -2.22331 40.95 5.4973
      vertex -1.67612 40.15 4.91312
    endloop
  endfacet
  facet normal -0.705593 0.707106 0.0462607
    outer loop
      vertex -2.39914 59.85 3.18678
      vertex -3.17603 59.05 3.56544
      vertex -2.37946 59.85 3.48695
    endloop
  endfacet
  facet normal -0.653215 0.707114 0.270739
    outer loop
      vertex -2.22415 59.85 4.09296
      vertex -2.93323 59.05 4.47159
      vertex -2.20416 59.85 4.14119
    endloop
  endfacet
  facet normal 0.634186 -0.707114 0.312727
    outer loop
      vertex 2.93323 40.95 4.47159
      vertex 2.08849 40.15 4.37576
      vertex 2.20416 40.15 4.14119
    endloop
  endfacet
  facet normal -0.991444 0 0.130536
    outer loop
      vertex -3.17603 40.95 3.56544
      vertex -3.16237 59.05 3.66919
      vertex -3.17603 59.05 3.56544
    endloop
  endfacet
  facet normal -0.991444 0 0.130536
    outer loop
      vertex -3.16237 59.05 3.66919
      vertex -3.17603 40.95 3.56544
      vertex -3.16237 40.95 3.66919
    endloop
  endfacet
  facet normal 0.669599 -0.707101 0.227257
    outer loop
      vertex 2.81739 40.6819 4
      vertex 2.22415 40.15 4.09296
      vertex 2.2557 40.15 4
    endloop
  endfacet
  facet normal 0.669609 -0.707136 0.227119
    outer loop
      vertex 2.22415 40.15 4.09296
      vertex 2.81739 40.6819 4
      vertex 3.07411 40.95 4.07785
    endloop
  endfacet
  facet normal 0.0462816 -0.707116 0.705582
    outer loop
      vertex 0.365433 40.95 6.37604
      vertex 0.0260773 40.15 5.59656
      vertex 0.286926 40.15 5.57945
    endloop
  endfacet
  facet normal -0.312763 -0.707105 0.634178
    outer loop
      vertex -1.27159 40.95 6.13322
      vertex -1.55307 40.95 5.9944
      vertex -1.17577 40.15 5.28848
    endloop
  endfacet
  facet normal -0.683025 0.707109 0.182958
    outer loop
      vertex -2.32169 59.85 3.79491
      vertex -3.10118 59.05 3.97679
      vertex -2.30812 59.85 3.84557
    endloop
  endfacet
  facet normal -0.65939 0 -0.751801
    outer loop
      vertex -2.96568 40.95 0.234314
      vertex -2.88701 59.05 0.165314
      vertex -2.88701 40.95 0.165314
    endloop
  endfacet
  facet normal -0.65939 0 -0.751801
    outer loop
      vertex -2.88701 59.05 0.165314
      vertex -2.96568 40.95 0.234314
      vertex -2.96568 59.05 0.234314
    endloop
  endfacet
  facet normal -0.0923452 -0.707116 0.701042
    outer loop
      vertex -0.286926 40.15 5.57945
      vertex -0.365433 40.95 6.37604
      vertex -0.338928 40.15 5.5726
    endloop
  endfacet
  facet normal -0.353522 0.707105 0.612393
    outer loop
      vertex -1.17577 59.85 5.28848
      vertex -1.64365 59.05 5.94211
      vertex -1.55307 59.05 5.9944
    endloop
  endfacet
  facet normal 0.182957 0.70711 0.683024
    outer loop
      vertex 0.877853 59.05 6.27411
      vertex 0.645569 59.85 5.50812
      vertex 0.776794 59.05 6.30118
    endloop
  endfacet
  facet normal -0.312763 0.707105 0.634178
    outer loop
      vertex -1.17577 59.85 5.28848
      vertex -1.55307 59.05 5.9944
      vertex -1.27159 59.05 6.13322
    endloop
  endfacet
  facet normal -0.130618 0 0.991433
    outer loop
      vertex -0.469193 59.05 6.36237
      vertex -0.365433 40.95 6.37604
      vertex -0.365433 59.05 6.37604
    endloop
  endfacet
  facet normal -0.130618 0 0.991433
    outer loop
      vertex -0.365433 40.95 6.37604
      vertex -0.469193 59.05 6.36237
      vertex -0.469193 40.95 6.36237
    endloop
  endfacet
  facet normal -0.705599 0.707112 -0.0460687
    outer loop
      vertex -2.39839 59.85 0.801605
      vertex -3.2 59.05 0.800003
      vertex -2.39999 59.85 0.826111
    endloop
  endfacet
  facet normal 0.831486 -0 0.555546
    outer loop
      vertex 2.56792 40.95 5.10435
      vertex 2.74211 59.05 4.84364
      vertex 2.56792 59.05 5.10435
    endloop
  endfacet
  facet normal 0.831486 0 0.555546
    outer loop
      vertex 2.74211 59.05 4.84364
      vertex 2.56792 40.95 5.10435
      vertex 2.74211 40.95 4.84364
    endloop
  endfacet
  facet normal 0 0.707107 0.707107
    outer loop
      vertex 0.0260773 59.85 5.59656
      vertex -0.0523224 59.05 6.39656
      vertex 0.0523224 59.05 6.39656
    endloop
  endfacet
  facet normal 0 0.707107 0.707107
    outer loop
      vertex -0.0523224 59.05 6.39656
      vertex 0.0260773 59.85 5.59656
      vertex -0.0260773 59.85 5.59656
    endloop
  endfacet
  facet normal -0.980781 0 -0.195113
    outer loop
      vertex -3.17273 40.95 0.592941
      vertex -3.19315 59.05 0.695587
      vertex -3.17273 59.05 0.592941
    endloop
  endfacet
  facet normal -0.980781 -0 -0.195113
    outer loop
      vertex -3.19315 59.05 0.695587
      vertex -3.17273 40.95 0.592941
      vertex -3.19315 40.95 0.695587
    endloop
  endfacet
  facet normal -0.946949 0 -0.321384
    outer loop
      vertex -3.1391 40.95 0.493851
      vertex -3.17273 59.05 0.592941
      vertex -3.1391 59.05 0.493851
    endloop
  endfacet
  facet normal -0.946949 -0 -0.321384
    outer loop
      vertex -3.17273 59.05 0.592941
      vertex -3.1391 40.95 0.493851
      vertex -3.17273 40.95 0.592941
    endloop
  endfacet
  facet normal 0.195104 0 0.980783
    outer loop
      vertex 0.469193 59.05 6.36237
      vertex 0.776794 40.95 6.30118
      vertex 0.776794 59.05 6.30118
    endloop
  endfacet
  facet normal 0.195104 0 0.980783
    outer loop
      vertex 0.776794 40.95 6.30118
      vertex 0.469193 59.05 6.36237
      vertex 0.469193 40.95 6.36237
    endloop
  endfacet
  facet normal 0.182834 0.707116 0.683051
    outer loop
      vertex 0.645569 59.85 5.50812
      vertex 0.59491 59.85 5.52168
      vertex 0.776794 59.05 6.30118
    endloop
  endfacet
  facet normal 0.442313 0 0.896861
    outer loop
      vertex 1.27159 59.05 6.13322
      vertex 1.55307 40.95 5.9944
      vertex 1.55307 59.05 5.9944
    endloop
  endfacet
  facet normal 0.442313 0 0.896861
    outer loop
      vertex 1.55307 40.95 5.9944
      vertex 1.27159 59.05 6.13322
      vertex 1.27159 40.95 6.13322
    endloop
  endfacet
  facet normal -0.587945 -0.707111 0.392828
    outer loop
      vertex -2.56792 40.95 5.10435
      vertex -2.74211 40.95 4.84364
      vertex -1.91728 40.15 4.63812
    endloop
  endfacet
  facet normal -0.587945 0.707111 0.392828
    outer loop
      vertex -1.91728 59.85 4.63812
      vertex -2.74211 59.05 4.84364
      vertex -2.56792 59.05 5.10435
    endloop
  endfacet
  facet normal 0.353579 -0.707108 0.612356
    outer loop
      vertex 1.64365 40.95 5.94211
      vertex 1.17577 40.15 5.28848
      vertex 1.22092 40.15 5.26241
    endloop
  endfacet
  facet normal 0.0653957 0 0.997859
    outer loop
      vertex 0.0523224 59.05 6.39656
      vertex 0.365433 40.95 6.37604
      vertex 0.365433 59.05 6.37604
    endloop
  endfacet
  facet normal 0.0653957 0 0.997859
    outer loop
      vertex 0.365433 40.95 6.37604
      vertex 0.0523224 59.05 6.39656
      vertex 0.0523224 40.95 6.39656
    endloop
  endfacet
  facet normal -0.669585 -0.707108 0.227273
    outer loop
      vertex -2.22415 40.15 4.09296
      vertex -3.07411 40.95 4.07785
      vertex -2.30812 40.15 3.84557
    endloop
  endfacet
  facet normal -0.227285 0.707107 0.669583
    outer loop
      vertex -0.89296 59.85 5.42415
      vertex -1.17487 59.05 6.17329
      vertex -0.877853 59.05 6.27411
    endloop
  endfacet
  facet normal 0.321429 0 0.946934
    outer loop
      vertex 0.877853 59.05 6.27411
      vertex 1.17487 40.95 6.17329
      vertex 1.17487 59.05 6.17329
    endloop
  endfacet
  facet normal 0.321429 0 0.946934
    outer loop
      vertex 1.17487 40.95 6.17329
      vertex 0.877853 59.05 6.27411
      vertex 0.877853 40.95 6.27411
    endloop
  endfacet
  facet normal -0.669586 -0.707109 0.227268
    outer loop
      vertex -2.9733 40.95 4.37486
      vertex -3.07411 40.95 4.07785
      vertex -2.22415 40.15 4.09296
    endloop
  endfacet
  facet normal 0.270641 -0.707105 0.653266
    outer loop
      vertex 1.17487 40.95 6.17329
      vertex 0.89296 40.15 5.42415
      vertex 1.27159 40.95 6.13322
    endloop
  endfacet
  facet normal 0.555568 0 0.831471
    outer loop
      vertex 1.64365 59.05 5.94211
      vertex 1.90436 40.95 5.76791
      vertex 1.90436 59.05 5.76791
    endloop
  endfacet
  facet normal 0.555568 0 0.831471
    outer loop
      vertex 1.90436 40.95 5.76791
      vertex 1.64365 59.05 5.94211
      vertex 1.64365 40.95 5.94211
    endloop
  endfacet
  facet normal -0.634005 -0.7073 -0.312672
    outer loop
      vertex -2.39839 40.15 0.801605
      vertex -3.1391 40.95 0.493851
      vertex -3.09282 40.95 0.400009
    endloop
  endfacet
  facet normal -0.442315 0 -0.89686
    outer loop
      vertex -2.79999 40.95 0.107178
      vertex -2.70615 59.05 0.0608978
      vertex -2.70615 40.95 0.0608978
    endloop
  endfacet
  facet normal -0.442315 0 -0.89686
    outer loop
      vertex -2.70615 59.05 0.0608978
      vertex -2.79999 40.95 0.107178
      vertex -2.79999 59.05 0.107178
    endloop
  endfacet
  facet normal -0.270641 -0.707105 0.653266
    outer loop
      vertex -1.17487 40.95 6.17329
      vertex -1.27159 40.95 6.13322
      vertex -0.89296 40.15 5.42415
    endloop
  endfacet
  facet normal -1 0 0
    outer loop
      vertex -3.2 40.95 0.800003
      vertex -3.2 59.05 3.17375
      vertex -3.2 59.05 0.800003
    endloop
  endfacet
  facet normal -1 -0 0
    outer loop
      vertex -3.2 59.05 3.17375
      vertex -3.2 40.95 0.800003
      vertex -3.2 40.95 3.17375
    endloop
  endfacet
  facet normal 0.65935 0 0.751836
    outer loop
      vertex 1.9874 59.05 5.70419
      vertex 2.22331 40.95 5.4973
      vertex 2.22331 59.05 5.4973
    endloop
  endfacet
  facet normal 0.65935 0 0.751836
    outer loop
      vertex 2.22331 40.95 5.4973
      vertex 1.9874 59.05 5.70419
      vertex 1.9874 40.95 5.70419
    endloop
  endfacet
  facet normal -0.65935 0 0.751836
    outer loop
      vertex -2.22331 59.05 5.4973
      vertex -1.9874 40.95 5.70419
      vertex -1.9874 59.05 5.70419
    endloop
  endfacet
  facet normal -0.65935 0 0.751836
    outer loop
      vertex -1.9874 40.95 5.70419
      vertex -2.22331 59.05 5.4973
      vertex -2.22331 40.95 5.4973
    endloop
  endfacet
  facet normal -0.706724 0.707103 0.0233594
    outer loop
      vertex -2.39914 59.85 3.18678
      vertex -3.2 59.05 3.17375
      vertex -3.19827 59.05 3.22609
    endloop
  endfacet
  facet normal -0.137922 0.707181 -0.69345
    outer loop
      vertex -2.50441 59.05 0.0068512
      vertex -2.60706 59.05 0.0272675
      vertex -2.39839 59.85 0.801605
    endloop
  endfacet
  facet normal -0.0462954 -0.707102 -0.705594
    outer loop
      vertex -2.39839 40.15 0.801605
      vertex -2.50441 40.95 0.0068512
      vertex -2.39999 40.95 0
    endloop
  endfacet
  facet normal -0.321429 0 0.946934
    outer loop
      vertex -1.17487 59.05 6.17329
      vertex -0.877853 40.95 6.27411
      vertex -0.877853 59.05 6.27411
    endloop
  endfacet
  facet normal -0.321429 0 0.946934
    outer loop
      vertex -0.877853 40.95 6.27411
      vertex -1.17487 59.05 6.17329
      vertex -1.17487 40.95 6.17329
    endloop
  endfacet
  facet normal -0.63417 0.707104 0.312782
    outer loop
      vertex -2.08849 59.85 4.37576
      vertex -2.93323 59.05 4.47159
      vertex -2.7944 59.05 4.75307
    endloop
  endfacet
  facet normal -0.997855 0 -0.0654623
    outer loop
      vertex -3.19315 40.95 0.695587
      vertex -3.2 59.05 0.800003
      vertex -3.19315 59.05 0.695587
    endloop
  endfacet
  facet normal -0.997855 -0 -0.0654623
    outer loop
      vertex -3.2 59.05 0.800003
      vertex -3.19315 40.95 0.695587
      vertex -3.2 40.95 0.800003
    endloop
  endfacet
  facet normal 0.63417 -0.707104 0.312782
    outer loop
      vertex 2.7944 40.95 4.75307
      vertex 2.08849 40.15 4.37576
      vertex 2.93323 40.95 4.47159
    endloop
  endfacet
  facet normal 0.965956 -0 0.258705
    outer loop
      vertex 3.07411 40.95 4.07785
      vertex 3.09496 59.05 4
      vertex 3.07411 59.05 4.07785
    endloop
  endfacet
  facet normal 0.965956 0 0.258705
    outer loop
      vertex 3.09496 59.05 4
      vertex 3.07411 40.95 4.07785
      vertex 3.09496 40.95 4
    endloop
  endfacet
  facet normal -0.706726 0.707108 0.0231579
    outer loop
      vertex -2.39999 59.85 3.16084
      vertex -3.2 59.05 3.17375
      vertex -2.39914 59.85 3.18678
    endloop
  endfacet
  facet normal -0.831486 0 0.555546
    outer loop
      vertex -2.74211 40.95 4.84364
      vertex -2.56792 59.05 5.10435
      vertex -2.74211 59.05 4.84364
    endloop
  endfacet
  facet normal -0.831486 0 0.555546
    outer loop
      vertex -2.56792 59.05 5.10435
      vertex -2.74211 40.95 4.84364
      vertex -2.56792 40.95 5.10435
    endloop
  endfacet
  facet normal -0.466098 0.707352 -0.531419
    outer loop
      vertex -2.88701 59.05 0.165314
      vertex -2.96568 59.05 0.234314
      vertex -2.39839 59.85 0.801605
    endloop
  endfacet
  facet normal 0.258742 0 0.965947
    outer loop
      vertex 0.776794 59.05 6.30118
      vertex 0.877853 40.95 6.27411
      vertex 0.877853 59.05 6.27411
    endloop
  endfacet
  facet normal 0.258742 0 0.965947
    outer loop
      vertex 0.877853 40.95 6.27411
      vertex 0.776794 59.05 6.30118
      vertex 0.776794 40.95 6.30118
    endloop
  endfacet
  facet normal -0.705599 -0.707112 -0.0460687
    outer loop
      vertex -2.39999 40.15 0.826111
      vertex -3.2 40.95 0.800003
      vertex -2.39839 40.15 0.801605
    endloop
  endfacet
  facet normal -0.0462416 0.707108 0.705591
    outer loop
      vertex -0.0260773 59.85 5.59656
      vertex -0.365433 59.05 6.37604
      vertex -0.0523224 59.05 6.39656
    endloop
  endfacet
  facet normal -0.0653957 0 0.997859
    outer loop
      vertex -0.365433 59.05 6.37604
      vertex -0.0523224 40.95 6.39656
      vertex -0.0523224 59.05 6.39656
    endloop
  endfacet
  facet normal -0.0653957 0 0.997859
    outer loop
      vertex -0.0523224 40.95 6.39656
      vertex -0.365433 59.05 6.37604
      vertex -0.365433 40.95 6.37604
    endloop
  endfacet
  facet normal -0.227272 0.707109 0.669585
    outer loop
      vertex -0.645569 59.85 5.50812
      vertex -0.89296 59.85 5.42415
      vertex -0.877853 59.05 6.27411
    endloop
  endfacet
  facet normal 0.130618 0 0.991433
    outer loop
      vertex 0.365433 59.05 6.37604
      vertex 0.469193 40.95 6.36237
      vertex 0.469193 59.05 6.36237
    endloop
  endfacet
  facet normal 0.130618 0 0.991433
    outer loop
      vertex 0.469193 40.95 6.36237
      vertex 0.365433 59.05 6.37604
      vertex 0.365433 40.95 6.37604
    endloop
  endfacet
  facet normal -0.466213 -0.707109 0.53164
    outer loop
      vertex -1.47964 40.15 5.08542
      vertex -1.9874 40.95 5.70419
      vertex -1.67612 40.15 4.91312
    endloop
  endfacet
  facet normal 0.382743 0 0.923855
    outer loop
      vertex 1.17487 59.05 6.17329
      vertex 1.27159 40.95 6.13322
      vertex 1.27159 59.05 6.13322
    endloop
  endfacet
  facet normal 0.382743 0 0.923855
    outer loop
      vertex 1.27159 40.95 6.13322
      vertex 1.17487 59.05 6.17329
      vertex 1.17487 40.95 6.17329
    endloop
  endfacet
  facet normal -0.227209 -0.707249 -0.669459
    outer loop
      vertex -2.39839 40.15 0.801605
      vertex -2.70615 40.95 0.0608978
      vertex -2.60706 40.95 0.0272675
    endloop
  endfacet
  facet normal -0.705592 -0.707105 -0.0462889
    outer loop
      vertex -2.39839 40.15 0.801605
      vertex -3.2 40.95 0.800003
      vertex -3.19315 40.95 0.695587
    endloop
  endfacet
  facet normal 0.499954 0 0.866052
    outer loop
      vertex 1.55307 59.05 5.9944
      vertex 1.64365 40.95 5.94211
      vertex 1.64365 59.05 5.94211
    endloop
  endfacet
  facet normal 0.499954 0 0.866052
    outer loop
      vertex 1.64365 40.95 5.94211
      vertex 1.55307 59.05 5.9944
      vertex 1.55307 40.95 5.9944
    endloop
  endfacet
  facet normal -0.653273 0.707108 0.270616
    outer loop
      vertex -2.22415 59.85 4.09296
      vertex -2.9733 59.05 4.37486
      vertex -2.93323 59.05 4.47159
    endloop
  endfacet
  facet normal -0.182834 0.707116 0.683051
    outer loop
      vertex -0.645569 59.85 5.50812
      vertex -0.776794 59.05 6.30118
      vertex -0.59491 59.85 5.52168
    endloop
  endfacet
  facet normal 0.612378 0.707103 0.353552
    outer loop
      vertex 2.7944 59.05 4.75307
      vertex 2.08849 59.85 4.37576
      vertex 2.74211 59.05 4.84364
    endloop
  endfacet
  facet normal 0.683008 0.707134 0.182925
    outer loop
      vertex 3.09496 59.05 4
      vertex 2.81739 59.3181 4
      vertex 3.07411 59.05 4.07785
    endloop
  endfacet
  facet normal -0.466098 -0.707352 -0.531419
    outer loop
      vertex -2.39839 40.15 0.801605
      vertex -2.96568 40.95 0.234314
      vertex -2.88701 40.95 0.165314
    endloop
  endfacet
  facet normal -0.0462954 0.707102 -0.705594
    outer loop
      vertex -2.39999 59.05 0
      vertex -2.50441 59.05 0.0068512
      vertex -2.39839 59.85 0.801605
    endloop
  endfacet
  facet normal -0.392679 -0.707335 -0.587776
    outer loop
      vertex -2.39839 40.15 0.801605
      vertex -2.88701 40.95 0.165314
      vertex -2.79999 40.95 0.107178
    endloop
  endfacet
  facet normal -0.705593 -0.707106 0.0462607
    outer loop
      vertex -2.37946 40.15 3.48695
      vertex -3.17603 40.95 3.56544
      vertex -2.39914 40.15 3.18678
    endloop
  endfacet
  facet normal -0.195071 0 -0.980789
    outer loop
      vertex -2.60706 40.95 0.0272675
      vertex -2.50441 59.05 0.0068512
      vertex -2.50441 40.95 0.0068512
    endloop
  endfacet
  facet normal -0.195071 0 -0.980789
    outer loop
      vertex -2.50441 59.05 0.0068512
      vertex -2.60706 40.95 0.0272675
      vertex -2.60706 59.05 0.0272675
    endloop
  endfacet
  facet normal -0.555511 0 -0.831509
    outer loop
      vertex -2.88701 40.95 0.165314
      vertex -2.79999 59.05 0.107178
      vertex -2.79999 40.95 0.107178
    endloop
  endfacet
  facet normal -0.555511 0 -0.831509
    outer loop
      vertex -2.79999 59.05 0.107178
      vertex -2.88701 40.95 0.165314
      vertex -2.88701 59.05 0.165314
    endloop
  endfacet
  facet normal -0.258742 0 0.965947
    outer loop
      vertex -0.877853 59.05 6.27411
      vertex -0.776794 40.95 6.30118
      vertex -0.776794 59.05 6.30118
    endloop
  endfacet
  facet normal -0.258742 0 0.965947
    outer loop
      vertex -0.776794 40.95 6.30118
      vertex -0.877853 59.05 6.27411
      vertex -0.877853 40.95 6.27411
    endloop
  endfacet
  facet normal 0.466232 0.707106 0.531629
    outer loop
      vertex 2.22331 59.05 5.4973
      vertex 1.67612 59.85 4.91312
      vertex 1.9874 59.05 5.70419
    endloop
  endfacet
  facet normal -0.442313 0 0.896861
    outer loop
      vertex -1.55307 59.05 5.9944
      vertex -1.27159 40.95 6.13322
      vertex -1.27159 59.05 6.13322
    endloop
  endfacet
  facet normal -0.442313 0 0.896861
    outer loop
      vertex -1.27159 40.95 6.13322
      vertex -1.55307 59.05 5.9944
      vertex -1.55307 40.95 5.9944
    endloop
  endfacet
  facet normal -0.751834 0 0.659353
    outer loop
      vertex -2.5042 40.95 5.18739
      vertex -2.2973 59.05 5.42331
      vertex -2.5042 59.05 5.18739
    endloop
  endfacet
  facet normal -0.751834 0 0.659353
    outer loop
      vertex -2.2973 59.05 5.42331
      vertex -2.5042 40.95 5.18739
      vertex -2.2973 40.95 5.42331
    endloop
  endfacet
  facet normal -0.866028 0 0.499996
    outer loop
      vertex -2.7944 40.95 4.75307
      vertex -2.74211 59.05 4.84364
      vertex -2.7944 59.05 4.75307
    endloop
  endfacet
  facet normal -0.866028 0 0.499996
    outer loop
      vertex -2.74211 59.05 4.84364
      vertex -2.7944 40.95 4.75307
      vertex -2.74211 40.95 4.84364
    endloop
  endfacet
  facet normal 0.531628 0.70711 0.466227
    outer loop
      vertex 1.88542 59.85 4.67964
      vertex 1.71312 59.85 4.87611
      vertex 2.5042 59.05 5.18739
    endloop
  endfacet
  facet normal -0.0461376 0.707107 -0.705599
    outer loop
      vertex -2.37389 59.85 0.800003
      vertex -2.39999 59.05 0
      vertex -2.39839 59.85 0.801605
    endloop
  endfacet
  facet normal -0.751817 0 -0.659371
    outer loop
      vertex -2.96568 40.95 0.234314
      vertex -3.03468 59.05 0.312988
      vertex -2.96568 59.05 0.234314
    endloop
  endfacet
  facet normal -0.751817 -0 -0.659371
    outer loop
      vertex -3.03468 59.05 0.312988
      vertex -2.96568 40.95 0.234314
      vertex -3.03468 40.95 0.312988
    endloop
  endfacet
  facet normal -0.560978 0.707111 0.430462
    outer loop
      vertex -1.88542 59.85 4.67964
      vertex -2.56792 59.05 5.10435
      vertex -2.5042 59.05 5.18739
    endloop
  endfacet
  facet normal -0.560978 0.707111 0.430462
    outer loop
      vertex -2.56792 59.05 5.10435
      vertex -1.88542 59.85 4.67964
      vertex -1.91728 59.85 4.63812
    endloop
  endfacet
  facet normal -0.270727 0.70711 0.653225
    outer loop
      vertex -0.941193 59.85 5.40416
      vertex -1.27159 59.05 6.13322
      vertex -0.89296 59.85 5.42415
    endloop
  endfacet
  facet normal 0.270727 -0.70711 0.653225
    outer loop
      vertex 1.27159 40.95 6.13322
      vertex 0.89296 40.15 5.42415
      vertex 0.941193 40.15 5.40416
    endloop
  endfacet
  facet normal -0.531628 0.70711 0.466227
    outer loop
      vertex -1.88542 59.85 4.67964
      vertex -2.5042 59.05 5.18739
      vertex -1.71312 59.85 4.87611
    endloop
  endfacet
  facet normal 0.430464 0.707108 0.560981
    outer loop
      vertex 1.9874 59.05 5.70419
      vertex 1.43813 59.85 5.11728
      vertex 1.90436 59.05 5.76791
    endloop
  endfacet
  facet normal 0.430527 0.707112 0.560928
    outer loop
      vertex 1.43813 59.85 5.11728
      vertex 1.9874 59.05 5.70419
      vertex 1.47964 59.85 5.08542
    endloop
  endfacet
  facet normal -0.653273 -0.707108 0.270616
    outer loop
      vertex -2.93323 40.95 4.47159
      vertex -2.9733 40.95 4.37486
      vertex -2.22415 40.15 4.09296
    endloop
  endfacet
  facet normal -0.634005 0.7073 -0.312672
    outer loop
      vertex -3.09282 59.05 0.400009
      vertex -3.1391 59.05 0.493851
      vertex -2.39839 59.85 0.801605
    endloop
  endfacet
  facet normal 0.793348 -0 0.608768
    outer loop
      vertex 2.5042 40.95 5.18739
      vertex 2.56792 59.05 5.10435
      vertex 2.5042 59.05 5.18739
    endloop
  endfacet
  facet normal 0.793348 0 0.608768
    outer loop
      vertex 2.56792 59.05 5.10435
      vertex 2.5042 40.95 5.18739
      vertex 2.56792 40.95 5.10435
    endloop
  endfacet
  facet normal 0.669609 0.707136 0.227119
    outer loop
      vertex 2.81739 59.3181 4
      vertex 2.22415 59.85 4.09296
      vertex 3.07411 59.05 4.07785
    endloop
  endfacet
  facet normal 0.669599 0.707101 0.227257
    outer loop
      vertex 2.22415 59.85 4.09296
      vertex 2.81739 59.3181 4
      vertex 2.2557 59.85 4
    endloop
  endfacet
  facet normal -0.612378 0.707103 0.353552
    outer loop
      vertex -2.08849 59.85 4.37576
      vertex -2.7944 59.05 4.75307
      vertex -2.74211 59.05 4.84364
    endloop
  endfacet
  facet normal 0.751834 -0 0.659353
    outer loop
      vertex 2.2973 40.95 5.42331
      vertex 2.5042 59.05 5.18739
      vertex 2.2973 59.05 5.42331
    endloop
  endfacet
  facet normal 0.751834 0 0.659353
    outer loop
      vertex 2.5042 59.05 5.18739
      vertex 2.2973 40.95 5.42331
      vertex 2.5042 40.95 5.18739
    endloop
  endfacet
  facet normal 0.923869 -0 0.382709
    outer loop
      vertex 2.93323 40.95 4.47159
      vertex 2.9733 59.05 4.37486
      vertex 2.93323 59.05 4.47159
    endloop
  endfacet
  facet normal 0.923869 0 0.382709
    outer loop
      vertex 2.9733 59.05 4.37486
      vertex 2.93323 40.95 4.47159
      vertex 2.9733 40.95 4.37486
    endloop
  endfacet
  facet normal -0.669459 0.707249 -0.227207
    outer loop
      vertex -3.1391 59.05 0.493851
      vertex -3.17273 59.05 0.592941
      vertex -2.39839 59.85 0.801605
    endloop
  endfacet
  facet normal -0.137959 -0.70711 0.693515
    outer loop
      vertex -0.469193 40.95 6.36237
      vertex -0.776794 40.95 6.30118
      vertex -0.59491 40.15 5.52168
    endloop
  endfacet
  facet normal -0.0923595 -0.707115 0.701041
    outer loop
      vertex -0.365433 40.95 6.37604
      vertex -0.469193 40.95 6.36237
      vertex -0.338928 40.15 5.5726
    endloop
  endfacet
  facet normal -0.683025 -0.707109 0.182956
    outer loop
      vertex -3.07411 40.95 4.07785
      vertex -3.10118 40.95 3.97679
      vertex -2.30812 40.15 3.84557
    endloop
  endfacet
  facet normal -0.693517 -0.707108 0.137959
    outer loop
      vertex -3.10118 40.95 3.97679
      vertex -3.16237 40.95 3.66919
      vertex -2.37263 40.15 3.5388
    endloop
  endfacet
  facet normal -0.0654712 0 -0.997854
    outer loop
      vertex -2.50441 40.95 0.0068512
      vertex -2.39999 59.05 0
      vertex -2.39999 40.95 0
    endloop
  endfacet
  facet normal -0.0654712 0 -0.997854
    outer loop
      vertex -2.39999 59.05 0
      vertex -2.50441 40.95 0.0068512
      vertex -2.50441 59.05 0.0068512
    endloop
  endfacet
  facet normal -0.195104 0 0.980783
    outer loop
      vertex -0.776794 59.05 6.30118
      vertex -0.469193 40.95 6.36237
      vertex -0.469193 59.05 6.36237
    endloop
  endfacet
  facet normal -0.195104 0 0.980783
    outer loop
      vertex -0.469193 40.95 6.36237
      vertex -0.776794 59.05 6.30118
      vertex -0.776794 40.95 6.30118
    endloop
  endfacet
  facet normal -0.499954 0 0.866052
    outer loop
      vertex -1.64365 59.05 5.94211
      vertex -1.55307 40.95 5.9944
      vertex -1.55307 59.05 5.9944
    endloop
  endfacet
  facet normal -0.499954 0 0.866052
    outer loop
      vertex -1.55307 40.95 5.9944
      vertex -1.64365 59.05 5.94211
      vertex -1.64365 40.95 5.94211
    endloop
  endfacet
  facet normal 0.5 0.707107 0.5
    outer loop
      vertex 2.2973 59.05 5.42331
      vertex 1.67612 59.85 4.91312
      vertex 2.22331 59.05 5.4973
    endloop
  endfacet
  facet normal 0.500064 0.707111 0.499929
    outer loop
      vertex 1.67612 59.85 4.91312
      vertex 2.2973 59.05 5.42331
      vertex 1.71312 59.85 4.87611
    endloop
  endfacet
  facet normal -0.707107 0 0.707107
    outer loop
      vertex -2.2973 40.95 5.42331
      vertex -2.22331 59.05 5.4973
      vertex -2.2973 59.05 5.42331
    endloop
  endfacet
  facet normal -0.707107 0 0.707107
    outer loop
      vertex -2.22331 59.05 5.4973
      vertex -2.2973 40.95 5.42331
      vertex -2.22331 40.95 5.4973
    endloop
  endfacet
  facet normal -0.466232 0.707106 0.531629
    outer loop
      vertex -1.67612 59.85 4.91312
      vertex -2.22331 59.05 5.4973
      vertex -1.9874 59.05 5.70419
    endloop
  endfacet
  facet normal 0.653273 0.707108 0.270616
    outer loop
      vertex 2.9733 59.05 4.37486
      vertex 2.22415 59.85 4.09296
      vertex 2.93323 59.05 4.47159
    endloop
  endfacet
  facet normal -0.793348 0 0.608768
    outer loop
      vertex -2.56792 40.95 5.10435
      vertex -2.5042 59.05 5.18739
      vertex -2.56792 59.05 5.10435
    endloop
  endfacet
  facet normal -0.793348 0 0.608768
    outer loop
      vertex -2.5042 59.05 5.18739
      vertex -2.56792 40.95 5.10435
      vertex -2.5042 40.95 5.18739
    endloop
  endfacet
  facet normal 0.0462416 0.707108 0.705591
    outer loop
      vertex 0.365433 59.05 6.37604
      vertex 0.0260773 59.85 5.59656
      vertex 0.0523224 59.05 6.39656
    endloop
  endfacet
  facet normal -0.896848 0 0.442338
    outer loop
      vertex -2.93323 40.95 4.47159
      vertex -2.7944 59.05 4.75307
      vertex -2.93323 59.05 4.47159
    endloop
  endfacet
  facet normal -0.896848 0 0.442338
    outer loop
      vertex -2.7944 59.05 4.75307
      vertex -2.93323 40.95 4.47159
      vertex -2.7944 40.95 4.75307
    endloop
  endfacet
  facet normal -0.392836 0.70711 0.587942
    outer loop
      vertex -1.43813 59.85 5.11728
      vertex -1.64365 59.05 5.94211
      vertex -1.22092 59.85 5.26241
    endloop
  endfacet
  facet normal -0.831494 0 -0.555533
    outer loop
      vertex -3.03468 40.95 0.312988
      vertex -3.09282 59.05 0.400009
      vertex -3.03468 59.05 0.312988
    endloop
  endfacet
  facet normal -0.831494 -0 -0.555533
    outer loop
      vertex -3.09282 59.05 0.400009
      vertex -3.03468 40.95 0.312988
      vertex -3.09282 40.95 0.400009
    endloop
  endfacet
  facet normal -0.896864 0 -0.442306
    outer loop
      vertex -3.09282 40.95 0.400009
      vertex -3.1391 59.05 0.493851
      vertex -3.09282 59.05 0.400009
    endloop
  endfacet
  facet normal -0.896864 -0 -0.442306
    outer loop
      vertex -3.1391 59.05 0.493851
      vertex -3.09282 40.95 0.400009
      vertex -3.1391 40.95 0.493851
    endloop
  endfacet
  facet normal -0.353579 0.707108 0.612356
    outer loop
      vertex -1.22092 59.85 5.26241
      vertex -1.64365 59.05 5.94211
      vertex -1.17577 59.85 5.28848
    endloop
  endfacet
  facet normal -0.999454 0 0.0330351
    outer loop
      vertex -3.2 40.95 3.17375
      vertex -3.19827 59.05 3.22609
      vertex -3.2 59.05 3.17375
    endloop
  endfacet
  facet normal -0.999454 0 0.0330351
    outer loop
      vertex -3.19827 59.05 3.22609
      vertex -3.2 40.95 3.17375
      vertex -3.19827 40.95 3.22609
    endloop
  endfacet
  facet normal 0.608768 0 0.793348
    outer loop
      vertex 1.90436 59.05 5.76791
      vertex 1.9874 40.95 5.70419
      vertex 1.9874 59.05 5.70419
    endloop
  endfacet
  facet normal 0.608768 0 0.793348
    outer loop
      vertex 1.9874 40.95 5.70419
      vertex 1.90436 59.05 5.76791
      vertex 1.90436 40.95 5.76791
    endloop
  endfacet
  facet normal -0.430464 0.707108 0.560981
    outer loop
      vertex -1.43813 59.85 5.11728
      vertex -1.9874 59.05 5.70419
      vertex -1.90436 59.05 5.76791
    endloop
  endfacet
  facet normal -0.430527 0.707112 0.560928
    outer loop
      vertex -1.9874 59.05 5.70419
      vertex -1.43813 59.85 5.11728
      vertex -1.47964 59.85 5.08542
    endloop
  endfacet
  facet normal 0.270727 0.70711 0.653225
    outer loop
      vertex 0.941193 59.85 5.40416
      vertex 0.89296 59.85 5.42415
      vertex 1.27159 59.05 6.13322
    endloop
  endfacet
  facet normal -0.531431 0.707351 -0.466085
    outer loop
      vertex -2.96568 59.05 0.234314
      vertex -3.03468 59.05 0.312988
      vertex -2.39839 59.85 0.801605
    endloop
  endfacet
  facet normal -0.705592 0.707105 -0.0462889
    outer loop
      vertex -3.19315 59.05 0.695587
      vertex -3.2 59.05 0.800003
      vertex -2.39839 59.85 0.801605
    endloop
  endfacet
  facet normal 0.896848 -0 0.442338
    outer loop
      vertex 2.7944 40.95 4.75307
      vertex 2.93323 59.05 4.47159
      vertex 2.7944 59.05 4.75307
    endloop
  endfacet
  facet normal 0.896848 0 0.442338
    outer loop
      vertex 2.93323 59.05 4.47159
      vertex 2.7944 40.95 4.75307
      vertex 2.93323 40.95 4.47159
    endloop
  endfacet
  facet normal -0.312679 0.7073 -0.634002
    outer loop
      vertex -2.70615 59.05 0.0608978
      vertex -2.79999 59.05 0.107178
      vertex -2.39839 59.85 0.801605
    endloop
  endfacet
  facet normal 0.392836 0.70711 0.587942
    outer loop
      vertex 1.43813 59.85 5.11728
      vertex 1.22092 59.85 5.26241
      vertex 1.64365 59.05 5.94211
    endloop
  endfacet
  facet normal -0.531626 0.707109 0.466231
    outer loop
      vertex -1.71312 59.85 4.87611
      vertex -2.5042 59.05 5.18739
      vertex -2.2973 59.05 5.42331
    endloop
  endfacet
  facet normal -0.669586 0.707109 0.227268
    outer loop
      vertex -2.22415 59.85 4.09296
      vertex -3.07411 59.05 4.07785
      vertex -2.9733 59.05 4.37486
    endloop
  endfacet
  facet normal 0.353522 -0.707105 0.612393
    outer loop
      vertex 1.55307 40.95 5.9944
      vertex 1.17577 40.15 5.28848
      vertex 1.64365 40.95 5.94211
    endloop
  endfacet
  facet normal -0.312743 0.707109 0.634183
    outer loop
      vertex -1.17577 59.85 5.28848
      vertex -1.27159 59.05 6.13322
      vertex -0.941193 59.85 5.40416
    endloop
  endfacet
  facet normal -0.137959 0.70711 0.693515
    outer loop
      vertex -0.59491 59.85 5.52168
      vertex -0.776794 59.05 6.30118
      vertex -0.469193 59.05 6.36237
    endloop
  endfacet
  facet normal -0.382743 0 0.923855
    outer loop
      vertex -1.27159 59.05 6.13322
      vertex -1.17487 40.95 6.17329
      vertex -1.17487 59.05 6.17329
    endloop
  endfacet
  facet normal -0.382743 0 0.923855
    outer loop
      vertex -1.17487 40.95 6.17329
      vertex -1.27159 59.05 6.13322
      vertex -1.27159 40.95 6.13322
    endloop
  endfacet
  facet normal -0.5 0.707107 0.5
    outer loop
      vertex -1.67612 59.85 4.91312
      vertex -2.2973 59.05 5.42331
      vertex -2.22331 59.05 5.4973
    endloop
  endfacet
  facet normal -0.500064 0.707111 0.499929
    outer loop
      vertex -2.2973 59.05 5.42331
      vertex -1.67612 59.85 4.91312
      vertex -1.71312 59.85 4.87611
    endloop
  endfacet
  facet normal -0.555568 0 0.831471
    outer loop
      vertex -1.90436 59.05 5.76791
      vertex -1.64365 40.95 5.94211
      vertex -1.64365 59.05 5.94211
    endloop
  endfacet
  facet normal -0.555568 0 0.831471
    outer loop
      vertex -1.64365 40.95 5.94211
      vertex -1.90436 59.05 5.76791
      vertex -1.90436 40.95 5.76791
    endloop
  endfacet
  facet normal -0.608768 0 0.793348
    outer loop
      vertex -1.9874 59.05 5.70419
      vertex -1.90436 40.95 5.76791
      vertex -1.90436 59.05 5.76791
    endloop
  endfacet
  facet normal -0.608768 0 0.793348
    outer loop
      vertex -1.90436 40.95 5.76791
      vertex -1.9874 59.05 5.70419
      vertex -1.9874 40.95 5.70419
    endloop
  endfacet
  facet normal -0.182957 0.70711 0.683024
    outer loop
      vertex -0.645569 59.85 5.50812
      vertex -0.877853 59.05 6.27411
      vertex -0.776794 59.05 6.30118
    endloop
  endfacet
  facet normal -0.669585 0.707108 0.227273
    outer loop
      vertex -2.30812 59.85 3.84557
      vertex -3.07411 59.05 4.07785
      vertex -2.22415 59.85 4.09296
    endloop
  endfacet
  facet normal 0.560978 0.707111 0.430462
    outer loop
      vertex 2.56792 59.05 5.10435
      vertex 1.88542 59.85 4.67964
      vertex 2.5042 59.05 5.18739
    endloop
  endfacet
  facet normal 0.560978 0.707111 0.430462
    outer loop
      vertex 1.88542 59.85 4.67964
      vertex 2.56792 59.05 5.10435
      vertex 1.91728 59.85 4.63812
    endloop
  endfacet
  facet normal -0.923869 0 0.382709
    outer loop
      vertex -2.9733 40.95 4.37486
      vertex -2.93323 59.05 4.47159
      vertex -2.9733 59.05 4.37486
    endloop
  endfacet
  facet normal -0.923869 0 0.382709
    outer loop
      vertex -2.93323 59.05 4.47159
      vertex -2.9733 40.95 4.37486
      vertex -2.93323 40.95 4.47159
    endloop
  endfacet
  facet normal 0.353579 0.707108 0.612356
    outer loop
      vertex 1.22092 59.85 5.26241
      vertex 1.17577 59.85 5.28848
      vertex 1.64365 59.05 5.94211
    endloop
  endfacet
  facet normal 0.634186 0.707114 0.312727
    outer loop
      vertex 2.20416 59.85 4.14119
      vertex 2.08849 59.85 4.37576
      vertex 2.93323 59.05 4.47159
    endloop
  endfacet
  facet normal 0.587945 0.707111 0.392828
    outer loop
      vertex 2.74211 59.05 4.84364
      vertex 1.91728 59.85 4.63812
      vertex 2.56792 59.05 5.10435
    endloop
  endfacet
  facet normal -0.707102 0.707111 0
    outer loop
      vertex -2.39999 59.85 0.826111
      vertex -3.2 59.05 3.17375
      vertex -2.39999 59.85 3.16084
    endloop
  endfacet
  facet normal -0.707102 0.707111 0
    outer loop
      vertex -3.2 59.05 3.17375
      vertex -2.39999 59.85 0.826111
      vertex -3.2 59.05 0.800003
    endloop
  endfacet
  facet normal 0.227285 0.707107 0.669583
    outer loop
      vertex 0.89296 59.85 5.42415
      vertex 0.877853 59.05 6.27411
      vertex 1.17487 59.05 6.17329
    endloop
  endfacet
  facet normal 0.137954 0.70711 0.693515
    outer loop
      vertex 0.59491 59.85 5.52168
      vertex 0.338928 59.85 5.5726
      vertex 0.469193 59.05 6.36237
    endloop
  endfacet
  facet normal -0.693524 0.707105 0.137941
    outer loop
      vertex -2.37263 59.85 3.5388
      vertex -3.10118 59.05 3.97679
      vertex -2.32169 59.85 3.79491
    endloop
  endfacet
  facet normal -0.587942 0.70711 0.392836
    outer loop
      vertex -2.06241 59.85 4.42091
      vertex -2.74211 59.05 4.84364
      vertex -1.91728 59.85 4.63812
    endloop
  endfacet
  facet normal 0.466213 0.707109 0.53164
    outer loop
      vertex 1.67612 59.85 4.91312
      vertex 1.47964 59.85 5.08542
      vertex 1.9874 59.05 5.70419
    endloop
  endfacet
  facet normal 0.312743 0.707109 0.634183
    outer loop
      vertex 1.17577 59.85 5.28848
      vertex 0.941193 59.85 5.40416
      vertex 1.27159 59.05 6.13322
    endloop
  endfacet
  facet normal -0.612295 0.70711 0.35368
    outer loop
      vertex -2.08849 59.85 4.37576
      vertex -2.74211 59.05 4.84364
      vertex -2.06241 59.85 4.42091
    endloop
  endfacet
  facet normal 0.0923452 0.707116 0.701042
    outer loop
      vertex 0.338928 59.85 5.5726
      vertex 0.286926 59.85 5.57945
      vertex 0.365433 59.05 6.37604
    endloop
  endfacet
  facet normal -0.137954 -0.70711 0.693515
    outer loop
      vertex -0.469193 40.95 6.36237
      vertex -0.59491 40.15 5.52168
      vertex -0.338928 40.15 5.5726
    endloop
  endfacet
  facet normal -0.587766 -0.707334 -0.392695
    outer loop
      vertex -2.39839 40.15 0.801605
      vertex -3.09282 40.95 0.400009
      vertex -3.03468 40.95 0.312988
    endloop
  endfacet
  facet normal 0.587945 -0.707111 0.392828
    outer loop
      vertex 2.56792 40.95 5.10435
      vertex 1.91728 40.15 4.63812
      vertex 2.74211 40.95 4.84364
    endloop
  endfacet
  facet normal -0.693517 0.707108 0.137959
    outer loop
      vertex -2.37263 59.85 3.5388
      vertex -3.16237 59.05 3.66919
      vertex -3.10118 59.05 3.97679
    endloop
  endfacet
  facet normal -0.701055 0.707108 0.0923028
    outer loop
      vertex -2.37263 59.85 3.5388
      vertex -3.17603 59.05 3.56544
      vertex -3.16237 59.05 3.66919
    endloop
  endfacet
  facet normal 0.270641 0.707105 0.653266
    outer loop
      vertex 1.27159 59.05 6.13322
      vertex 0.89296 59.85 5.42415
      vertex 1.17487 59.05 6.17329
    endloop
  endfacet
  facet normal 0.531626 0.707109 0.466231
    outer loop
      vertex 2.5042 59.05 5.18739
      vertex 1.71312 59.85 4.87611
      vertex 2.2973 59.05 5.42331
    endloop
  endfacet
  facet normal -0.392846 0.707108 0.587938
    outer loop
      vertex -1.43813 59.85 5.11728
      vertex -1.90436 59.05 5.76791
      vertex -1.64365 59.05 5.94211
    endloop
  endfacet
  facet normal 0.227272 0.707109 0.669585
    outer loop
      vertex 0.89296 59.85 5.42415
      vertex 0.645569 59.85 5.50812
      vertex 0.877853 59.05 6.27411
    endloop
  endfacet
  facet normal 0.0923595 0.707115 0.701041
    outer loop
      vertex 0.469193 59.05 6.36237
      vertex 0.338928 59.85 5.5726
      vertex 0.365433 59.05 6.37604
    endloop
  endfacet
  facet normal -0.683025 0.707109 0.182956
    outer loop
      vertex -2.30812 59.85 3.84557
      vertex -3.10118 59.05 3.97679
      vertex -3.07411 59.05 4.07785
    endloop
  endfacet
  facet normal 0.612295 0.70711 0.35368
    outer loop
      vertex 2.08849 59.85 4.37576
      vertex 2.06241 59.85 4.42091
      vertex 2.74211 59.05 4.84364
    endloop
  endfacet
  facet normal -0.430464 -0.707108 0.560981
    outer loop
      vertex -1.9874 40.95 5.70419
      vertex -1.43813 40.15 5.11728
      vertex -1.90436 40.95 5.76791
    endloop
  endfacet
  facet normal -0.430527 -0.707112 0.560928
    outer loop
      vertex -1.43813 40.15 5.11728
      vertex -1.9874 40.95 5.70419
      vertex -1.47964 40.15 5.08542
    endloop
  endfacet
  facet normal 0 1 -0
    outer loop
      vertex 6.7 59.85 0
      vertex 2.2557 59.85 4
      vertex 6.7 59.85 4
    endloop
  endfacet
  facet normal 0 1 0
    outer loop
      vertex 2.2557 59.85 4
      vertex 0.733841 59.85 3.76309
      vertex 0.654068 59.85 3.85407
    endloop
  endfacet
  facet normal 0 1 0
    outer loop
      vertex 2.2557 59.85 4
      vertex 0.801071 59.85 3.66249
      vertex 0.733841 59.85 3.76309
    endloop
  endfacet
  facet normal 0 1 0
    outer loop
      vertex 2.2557 59.85 4
      vertex 0.854584 59.85 3.55397
      vertex 0.801071 59.85 3.66249
    endloop
  endfacet
  facet normal 0 1 0
    outer loop
      vertex 2.2557 59.85 4
      vertex 0.893478 59.85 3.43939
      vertex 0.854584 59.85 3.55397
    endloop
  endfacet
  facet normal 0 1 0
    outer loop
      vertex 2.2557 59.85 4
      vertex 0.917084 59.85 3.32073
      vertex 0.893478 59.85 3.43939
    endloop
  endfacet
  facet normal 0 1 0
    outer loop
      vertex 2.2557 59.85 4
      vertex 0.924988 59.85 3.2
      vertex 0.917084 59.85 3.32073
    endloop
  endfacet
  facet normal 0 1 0
    outer loop
      vertex 2.2557 59.85 4
      vertex 0.917084 59.85 3.07927
      vertex 0.924988 59.85 3.2
    endloop
  endfacet
  facet normal 0 1 0
    outer loop
      vertex 2.2557 59.85 4
      vertex 0.893478 59.85 2.9606
      vertex 0.917084 59.85 3.07927
    endloop
  endfacet
  facet normal 0 1 0
    outer loop
      vertex 1 59.85 0
      vertex 2.2557 59.85 4
      vertex 6.7 59.85 0
    endloop
  endfacet
  facet normal 0 1 0
    outer loop
      vertex 2.2557 59.85 4
      vertex 0.854584 59.85 2.84603
      vertex 0.893478 59.85 2.9606
    endloop
  endfacet
  facet normal -0 1 0
    outer loop
      vertex 0.801071 59.85 2.73751
      vertex 2.2557 59.85 4
      vertex 1 59.85 0
    endloop
  endfacet
  facet normal 0 1 0
    outer loop
      vertex 2.2557 59.85 4
      vertex 0.801071 59.85 2.73751
      vertex 0.854584 59.85 2.84603
    endloop
  endfacet
  facet normal 0 1 0
    outer loop
      vertex 0.801071 59.85 2.73751
      vertex 1 59.85 0
      vertex 0.733841 59.85 2.6369
    endloop
  endfacet
  facet normal 0 1 0
    outer loop
      vertex 0.733841 59.85 2.6369
      vertex 1 59.85 0
      vertex 0.654068 59.85 2.54593
    endloop
  endfacet
  facet normal 0 1 0
    outer loop
      vertex 0.654068 59.85 2.54593
      vertex 1 59.85 0
      vertex 0.563095 59.85 2.46616
    endloop
  endfacet
  facet normal 0 1 0
    outer loop
      vertex 0.563095 59.85 2.46616
      vertex 0.199997 59.85 0.800003
      vertex 0.462494 59.85 2.39893
    endloop
  endfacet
  facet normal 0 1 0
    outer loop
      vertex 0.199997 59.85 0.800003
      vertex 0 59.85 2.27501
      vertex 0.120728 59.85 2.28292
    endloop
  endfacet
  facet normal 0 1 -0
    outer loop
      vertex 0.199997 59.85 0.800003
      vertex 0.120728 59.85 2.28292
      vertex 0.239395 59.85 2.30652
    endloop
  endfacet
  facet normal 0 1 0
    outer loop
      vertex 0.462494 59.85 2.39893
      vertex 0.199997 59.85 0.800003
      vertex 0.353973 59.85 2.34542
    endloop
  endfacet
  facet normal 0 1 0
    outer loop
      vertex 0 59.85 2.27501
      vertex 0.199997 59.85 0.800003
      vertex -2.37389 59.85 0.800003
    endloop
  endfacet
  facet normal 0 1 0
    outer loop
      vertex 0 59.85 2.27501
      vertex -2.37389 59.85 0.800003
      vertex -2.39999 59.85 0.826111
    endloop
  endfacet
  facet normal -0 1 0
    outer loop
      vertex 0.199997 59.85 0.800003
      vertex 0.563095 59.85 2.46616
      vertex 1 59.85 0
    endloop
  endfacet
  facet normal 0 1 0
    outer loop
      vertex 0.353973 59.85 2.34542
      vertex 0.199997 59.85 0.800003
      vertex 0.239395 59.85 2.30652
    endloop
  endfacet
  facet normal 0 1 0
    outer loop
      vertex 0 59.85 4.50814
      vertex 0.0260773 59.85 5.59656
      vertex 0.286926 59.85 5.57945
    endloop
  endfacet
  facet normal 0 1 0
    outer loop
      vertex 0.0260773 59.85 5.59656
      vertex 0 59.85 4.50814
      vertex -0.0260773 59.85 5.59656
    endloop
  endfacet
  facet normal 0 1 0
    outer loop
      vertex 0 59.85 4.50814
      vertex 0.286926 59.85 5.57945
      vertex 0.338928 59.85 5.5726
    endloop
  endfacet
  facet normal 0 1 0
    outer loop
      vertex -0.0260773 59.85 5.59656
      vertex 0 59.85 4.50814
      vertex -0.286926 59.85 5.57945
    endloop
  endfacet
  facet normal 0 1 0
    outer loop
      vertex 0 59.85 4.50814
      vertex 0.338928 59.85 5.5726
      vertex 0.59491 59.85 5.52168
    endloop
  endfacet
  facet normal 0 1 0
    outer loop
      vertex -0.286926 59.85 5.57945
      vertex 0 59.85 4.50814
      vertex -0.338928 59.85 5.5726
    endloop
  endfacet
  facet normal 0 1 0
    outer loop
      vertex 0 59.85 4.50814
      vertex 0.59491 59.85 5.52168
      vertex 0.645569 59.85 5.50812
    endloop
  endfacet
  facet normal 0 1 0
    outer loop
      vertex -0.338928 59.85 5.5726
      vertex 0 59.85 4.50814
      vertex -0.59491 59.85 5.52168
    endloop
  endfacet
  facet normal 0 1 0
    outer loop
      vertex 0 59.85 4.50814
      vertex 0.645569 59.85 5.50812
      vertex 0.89296 59.85 5.42415
    endloop
  endfacet
  facet normal 0 1 0
    outer loop
      vertex -0.59491 59.85 5.52168
      vertex 0 59.85 4.50814
      vertex -0.645569 59.85 5.50812
    endloop
  endfacet
  facet normal 0 1 0
    outer loop
      vertex 0 59.85 4.50814
      vertex 0.89296 59.85 5.42415
      vertex 0.941193 59.85 5.40416
    endloop
  endfacet
  facet normal 0 1 0
    outer loop
      vertex -0.645569 59.85 5.50812
      vertex 0 59.85 4.50814
      vertex -0.89296 59.85 5.42415
    endloop
  endfacet
  facet normal 0 1 0
    outer loop
      vertex 0 59.85 4.50814
      vertex 0.941193 59.85 5.40416
      vertex 1.17577 59.85 5.28848
    endloop
  endfacet
  facet normal 0 1 0
    outer loop
      vertex -0.89296 59.85 5.42415
      vertex 0 59.85 4.50814
      vertex -0.941193 59.85 5.40416
    endloop
  endfacet
  facet normal 0 1 0
    outer loop
      vertex 0.654068 59.85 3.85407
      vertex 1.17577 59.85 5.28848
      vertex 1.22092 59.85 5.26241
    endloop
  endfacet
  facet normal 0 1 0
    outer loop
      vertex -0.941193 59.85 5.40416
      vertex 0 59.85 4.50814
      vertex -1.17577 59.85 5.28848
    endloop
  endfacet
  facet normal 0 1 0
    outer loop
      vertex 0.654068 59.85 3.85407
      vertex 1.22092 59.85 5.26241
      vertex 1.43813 59.85 5.11728
    endloop
  endfacet
  facet normal 0 1 -0
    outer loop
      vertex -0.654068 59.85 3.85407
      vertex -1.17577 59.85 5.28848
      vertex 0 59.85 4.50814
    endloop
  endfacet
  facet normal 0 1 0
    outer loop
      vertex 0.654068 59.85 3.85407
      vertex 1.43813 59.85 5.11728
      vertex 1.47964 59.85 5.08542
    endloop
  endfacet
  facet normal 0 1 0
    outer loop
      vertex -1.17577 59.85 5.28848
      vertex -0.654068 59.85 3.85407
      vertex -1.22092 59.85 5.26241
    endloop
  endfacet
  facet normal 0 1 0
    outer loop
      vertex 0.654068 59.85 3.85407
      vertex 1.47964 59.85 5.08542
      vertex 1.67612 59.85 4.91312
    endloop
  endfacet
  facet normal 0 1 0
    outer loop
      vertex -1.22092 59.85 5.26241
      vertex -0.654068 59.85 3.85407
      vertex -1.43813 59.85 5.11728
    endloop
  endfacet
  facet normal 0 1 0
    outer loop
      vertex 0.654068 59.85 3.85407
      vertex 1.67612 59.85 4.91312
      vertex 1.71312 59.85 4.87611
    endloop
  endfacet
  facet normal 0 1 0
    outer loop
      vertex -1.43813 59.85 5.11728
      vertex -0.654068 59.85 3.85407
      vertex -1.47964 59.85 5.08542
    endloop
  endfacet
  facet normal 0 1 0
    outer loop
      vertex 0.654068 59.85 3.85407
      vertex 1.71312 59.85 4.87611
      vertex 1.88542 59.85 4.67964
    endloop
  endfacet
  facet normal 0 1 0
    outer loop
      vertex -1.47964 59.85 5.08542
      vertex -0.654068 59.85 3.85407
      vertex -1.67612 59.85 4.91312
    endloop
  endfacet
  facet normal 0 1 0
    outer loop
      vertex 0.654068 59.85 3.85407
      vertex 1.88542 59.85 4.67964
      vertex 1.91728 59.85 4.63812
    endloop
  endfacet
  facet normal 0 1 0
    outer loop
      vertex -1.67612 59.85 4.91312
      vertex -0.654068 59.85 3.85407
      vertex -1.71312 59.85 4.87611
    endloop
  endfacet
  facet normal 0 1 0
    outer loop
      vertex -1.71312 59.85 4.87611
      vertex -0.654068 59.85 3.85407
      vertex -1.88542 59.85 4.67964
    endloop
  endfacet
  facet normal 0 1 0
    outer loop
      vertex 0.654068 59.85 3.85407
      vertex 1.91728 59.85 4.63812
      vertex 2.06241 59.85 4.42091
    endloop
  endfacet
  facet normal 0 1 0
    outer loop
      vertex 0.654068 59.85 3.85407
      vertex 2.06241 59.85 4.42091
      vertex 2.08849 59.85 4.37576
    endloop
  endfacet
  facet normal 0 1 0
    outer loop
      vertex 0.654068 59.85 3.85407
      vertex 2.08849 59.85 4.37576
      vertex 2.20416 59.85 4.14119
    endloop
  endfacet
  facet normal 0 1 0
    outer loop
      vertex 0.654068 59.85 3.85407
      vertex 2.20416 59.85 4.14119
      vertex 2.22415 59.85 4.09296
    endloop
  endfacet
  facet normal 0 1 0
    outer loop
      vertex 0.654068 59.85 3.85407
      vertex 2.22415 59.85 4.09296
      vertex 2.2557 59.85 4
    endloop
  endfacet
  facet normal 0 1 0
    outer loop
      vertex 1.17577 59.85 5.28848
      vertex 0.654068 59.85 3.85407
      vertex 0 59.85 4.50814
    endloop
  endfacet
  facet normal 0 1 -0
    outer loop
      vertex -0.733841 59.85 3.76309
      vertex -1.88542 59.85 4.67964
      vertex -0.654068 59.85 3.85407
    endloop
  endfacet
  facet normal 0 1 0
    outer loop
      vertex -1.88542 59.85 4.67964
      vertex -0.733841 59.85 3.76309
      vertex -1.91728 59.85 4.63812
    endloop
  endfacet
  facet normal 0 1 0
    outer loop
      vertex -1.91728 59.85 4.63812
      vertex -0.733841 59.85 3.76309
      vertex -2.06241 59.85 4.42091
    endloop
  endfacet
  facet normal 0 1 -0
    outer loop
      vertex -0.801071 59.85 3.66249
      vertex -2.06241 59.85 4.42091
      vertex -0.733841 59.85 3.76309
    endloop
  endfacet
  facet normal 0 1 0
    outer loop
      vertex -2.06241 59.85 4.42091
      vertex -0.801071 59.85 3.66249
      vertex -2.08849 59.85 4.37576
    endloop
  endfacet
  facet normal 0 1 0
    outer loop
      vertex -2.08849 59.85 4.37576
      vertex -0.801071 59.85 3.66249
      vertex -2.20416 59.85 4.14119
    endloop
  endfacet
  facet normal 0 1 -0
    outer loop
      vertex -0.854584 59.85 3.55397
      vertex -2.20416 59.85 4.14119
      vertex -0.801071 59.85 3.66249
    endloop
  endfacet
  facet normal 0 1 0
    outer loop
      vertex -2.20416 59.85 4.14119
      vertex -0.854584 59.85 3.55397
      vertex -2.22415 59.85 4.09296
    endloop
  endfacet
  facet normal 0 1 0
    outer loop
      vertex -2.22415 59.85 4.09296
      vertex -0.854584 59.85 3.55397
      vertex -2.30812 59.85 3.84557
    endloop
  endfacet
  facet normal 0 1 -0
    outer loop
      vertex -0.893478 59.85 3.43939
      vertex -2.30812 59.85 3.84557
      vertex -0.854584 59.85 3.55397
    endloop
  endfacet
  facet normal 0 1 0
    outer loop
      vertex -2.30812 59.85 3.84557
      vertex -0.893478 59.85 3.43939
      vertex -2.32169 59.85 3.79491
    endloop
  endfacet
  facet normal 0 1 0
    outer loop
      vertex -2.32169 59.85 3.79491
      vertex -0.893478 59.85 3.43939
      vertex -2.37263 59.85 3.5388
    endloop
  endfacet
  facet normal 0 1 -0
    outer loop
      vertex -0.917084 59.85 3.32073
      vertex -2.37263 59.85 3.5388
      vertex -0.893478 59.85 3.43939
    endloop
  endfacet
  facet normal 0 1 0
    outer loop
      vertex -2.37263 59.85 3.5388
      vertex -0.917084 59.85 3.32073
      vertex -2.37946 59.85 3.48695
    endloop
  endfacet
  facet normal 0 1 -0
    outer loop
      vertex -0.924988 59.85 3.2
      vertex -2.37946 59.85 3.48695
      vertex -0.917084 59.85 3.32073
    endloop
  endfacet
  facet normal 0 1 0
    outer loop
      vertex -0.924988 59.85 3.2
      vertex -2.39914 59.85 3.18678
      vertex -2.37946 59.85 3.48695
    endloop
  endfacet
  facet normal 0 1 0
    outer loop
      vertex -0.924988 59.85 3.2
      vertex -2.39999 59.85 3.16084
      vertex -2.39914 59.85 3.18678
    endloop
  endfacet
  facet normal 0 1 0
    outer loop
      vertex -0.917084 59.85 3.07927
      vertex -2.39999 59.85 3.16084
      vertex -0.924988 59.85 3.2
    endloop
  endfacet
  facet normal 0 1 0
    outer loop
      vertex -0.893478 59.85 2.9606
      vertex -2.39999 59.85 3.16084
      vertex -0.917084 59.85 3.07927
    endloop
  endfacet
  facet normal 0 1 0
    outer loop
      vertex -0.854584 59.85 2.84603
      vertex -2.39999 59.85 3.16084
      vertex -0.893478 59.85 2.9606
    endloop
  endfacet
  facet normal 0 1 0
    outer loop
      vertex -0.801071 59.85 2.73751
      vertex -2.39999 59.85 3.16084
      vertex -0.854584 59.85 2.84603
    endloop
  endfacet
  facet normal 0 1 0
    outer loop
      vertex -2.39999 59.85 0.826111
      vertex -0.801071 59.85 2.73751
      vertex -0.733841 59.85 2.6369
    endloop
  endfacet
  facet normal 0 1 0
    outer loop
      vertex -2.39999 59.85 0.826111
      vertex -0.733841 59.85 2.6369
      vertex -0.654068 59.85 2.54593
    endloop
  endfacet
  facet normal 0 1 0
    outer loop
      vertex -2.39999 59.85 0.826111
      vertex -0.654068 59.85 2.54593
      vertex -0.563095 59.85 2.46616
    endloop
  endfacet
  facet normal 0 1 0
    outer loop
      vertex -2.39999 59.85 0.826111
      vertex -0.563095 59.85 2.46616
      vertex -0.462494 59.85 2.39893
    endloop
  endfacet
  facet normal 0 1 0
    outer loop
      vertex -2.39999 59.85 0.826111
      vertex -0.462494 59.85 2.39893
      vertex -0.353973 59.85 2.34542
    endloop
  endfacet
  facet normal 0 1 0
    outer loop
      vertex -0.801071 59.85 2.73751
      vertex -2.39999 59.85 0.826111
      vertex -2.39999 59.85 3.16084
    endloop
  endfacet
  facet normal 0 1 0
    outer loop
      vertex -0.239395 59.85 2.30652
      vertex -2.39999 59.85 0.826111
      vertex -0.353973 59.85 2.34542
    endloop
  endfacet
  facet normal 0 1 0
    outer loop
      vertex -0.120728 59.85 2.28292
      vertex -2.39999 59.85 0.826111
      vertex -0.239395 59.85 2.30652
    endloop
  endfacet
  facet normal 0 1 0
    outer loop
      vertex -2.39999 59.85 0.826111
      vertex -0.120728 59.85 2.28292
      vertex 0 59.85 2.27501
    endloop
  endfacet
  facet normal 0 1 0
    outer loop
      vertex -2.39999 59.85 0.826111
      vertex -2.37389 59.85 0.800003
      vertex -2.39839 59.85 0.801605
    endloop
  endfacet
  facet normal -0.980783 0 0.195104
    outer loop
      vertex -3.16237 40.95 3.66919
      vertex -3.10118 59.05 3.97679
      vertex -3.16237 59.05 3.66919
    endloop
  endfacet
  facet normal -0.980783 0 0.195104
    outer loop
      vertex -3.10118 59.05 3.97679
      vertex -3.16237 40.95 3.66919
      vertex -3.10118 40.95 3.97679
    endloop
  endfacet
  facet normal -0.312679 -0.7073 -0.634002
    outer loop
      vertex -2.39839 40.15 0.801605
      vertex -2.79999 40.95 0.107178
      vertex -2.70615 40.95 0.0608978
    endloop
  endfacet
  facet normal -0.531431 -0.707351 -0.466085
    outer loop
      vertex -2.39839 40.15 0.801605
      vertex -3.03468 40.95 0.312988
      vertex -2.96568 40.95 0.234314
    endloop
  endfacet
  facet normal -0.693443 -0.707182 -0.137951
    outer loop
      vertex -2.39839 40.15 0.801605
      vertex -3.19315 40.95 0.695587
      vertex -3.17273 40.95 0.592941
    endloop
  endfacet
  facet normal -0.669459 -0.707249 -0.227207
    outer loop
      vertex -2.39839 40.15 0.801605
      vertex -3.17273 40.95 0.592941
      vertex -3.1391 40.95 0.493851
    endloop
  endfacet
  facet normal 0.137959 -0.70711 0.693515
    outer loop
      vertex 0.776794 40.95 6.30118
      vertex 0.469193 40.95 6.36237
      vertex 0.59491 40.15 5.52168
    endloop
  endfacet
  facet normal -0.0461376 -0.707107 -0.705599
    outer loop
      vertex -2.39839 40.15 0.801605
      vertex -2.39999 40.95 0
      vertex -2.37389 40.15 0.800003
    endloop
  endfacet
  facet normal 0.612295 -0.70711 0.35368
    outer loop
      vertex 2.74211 40.95 4.84364
      vertex 2.06241 40.15 4.42091
      vertex 2.08849 40.15 4.37576
    endloop
  endfacet
  facet normal 0.137954 -0.70711 0.693515
    outer loop
      vertex 0.469193 40.95 6.36237
      vertex 0.338928 40.15 5.5726
      vertex 0.59491 40.15 5.52168
    endloop
  endfacet
  facet normal 0.5 -0.707107 0.5
    outer loop
      vertex 1.67612 40.15 4.91312
      vertex 2.2973 40.95 5.42331
      vertex 2.22331 40.95 5.4973
    endloop
  endfacet
  facet normal 0.500064 -0.707111 0.499929
    outer loop
      vertex 2.2973 40.95 5.42331
      vertex 1.67612 40.15 4.91312
      vertex 1.71312 40.15 4.87611
    endloop
  endfacet
  facet normal 0.227285 -0.707107 0.669583
    outer loop
      vertex 1.17487 40.95 6.17329
      vertex 0.877853 40.95 6.27411
      vertex 0.89296 40.15 5.42415
    endloop
  endfacet
  facet normal 0 -1 0
    outer loop
      vertex 0 40.15 4.50814
      vertex -0.0260773 40.15 5.59656
      vertex -0.286926 40.15 5.57945
    endloop
  endfacet
  facet normal 0 -1 0
    outer loop
      vertex -0.0260773 40.15 5.59656
      vertex 0 40.15 4.50814
      vertex 0.0260773 40.15 5.59656
    endloop
  endfacet
  facet normal 0 -1 0
    outer loop
      vertex 0 40.15 4.50814
      vertex -0.286926 40.15 5.57945
      vertex -0.338928 40.15 5.5726
    endloop
  endfacet
  facet normal 0 -1 -0
    outer loop
      vertex 0.0260773 40.15 5.59656
      vertex 0 40.15 4.50814
      vertex 0.286926 40.15 5.57945
    endloop
  endfacet
  facet normal 0 -1 0
    outer loop
      vertex 0 40.15 4.50814
      vertex -0.338928 40.15 5.5726
      vertex -0.59491 40.15 5.52168
    endloop
  endfacet
  facet normal 0 -1 -0
    outer loop
      vertex 0.286926 40.15 5.57945
      vertex 0 40.15 4.50814
      vertex 0.338928 40.15 5.5726
    endloop
  endfacet
  facet normal 0 -1 0
    outer loop
      vertex 0 40.15 4.50814
      vertex -0.59491 40.15 5.52168
      vertex -0.645569 40.15 5.50812
    endloop
  endfacet
  facet normal 0 -1 -0
    outer loop
      vertex 0.338928 40.15 5.5726
      vertex 0 40.15 4.50814
      vertex 0.59491 40.15 5.52168
    endloop
  endfacet
  facet normal 0 -1 0
    outer loop
      vertex 0 40.15 4.50814
      vertex -0.645569 40.15 5.50812
      vertex -0.89296 40.15 5.42415
    endloop
  endfacet
  facet normal 0 -1 -0
    outer loop
      vertex 0.59491 40.15 5.52168
      vertex 0 40.15 4.50814
      vertex 0.645569 40.15 5.50812
    endloop
  endfacet
  facet normal 0 -1 0
    outer loop
      vertex 0 40.15 4.50814
      vertex -0.89296 40.15 5.42415
      vertex -0.941193 40.15 5.40416
    endloop
  endfacet
  facet normal 0 -1 -0
    outer loop
      vertex 0.645569 40.15 5.50812
      vertex 0 40.15 4.50814
      vertex 0.89296 40.15 5.42415
    endloop
  endfacet
  facet normal 0 -1 0
    outer loop
      vertex 0 40.15 4.50814
      vertex -0.941193 40.15 5.40416
      vertex -1.17577 40.15 5.28848
    endloop
  endfacet
  facet normal 0 -1 -0
    outer loop
      vertex 0.89296 40.15 5.42415
      vertex 0 40.15 4.50814
      vertex 0.941193 40.15 5.40416
    endloop
  endfacet
  facet normal 0 -1 0
    outer loop
      vertex -0.654068 40.15 3.85407
      vertex -1.17577 40.15 5.28848
      vertex -1.22092 40.15 5.26241
    endloop
  endfacet
  facet normal 0 -1 -0
    outer loop
      vertex 0.941193 40.15 5.40416
      vertex 0 40.15 4.50814
      vertex 1.17577 40.15 5.28848
    endloop
  endfacet
  facet normal 0 -1 0
    outer loop
      vertex -0.654068 40.15 3.85407
      vertex -1.22092 40.15 5.26241
      vertex -1.43813 40.15 5.11728
    endloop
  endfacet
  facet normal 0 -1 0
    outer loop
      vertex 0.654068 40.15 3.85407
      vertex 1.17577 40.15 5.28848
      vertex 0 40.15 4.50814
    endloop
  endfacet
  facet normal 0 -1 0
    outer loop
      vertex -0.654068 40.15 3.85407
      vertex -1.43813 40.15 5.11728
      vertex -1.47964 40.15 5.08542
    endloop
  endfacet
  facet normal 0 -1 -0
    outer loop
      vertex 1.17577 40.15 5.28848
      vertex 0.654068 40.15 3.85407
      vertex 1.22092 40.15 5.26241
    endloop
  endfacet
  facet normal 0 -1 0
    outer loop
      vertex -0.654068 40.15 3.85407
      vertex -1.47964 40.15 5.08542
      vertex -1.67612 40.15 4.91312
    endloop
  endfacet
  facet normal 0 -1 -0
    outer loop
      vertex 1.22092 40.15 5.26241
      vertex 0.654068 40.15 3.85407
      vertex 1.43813 40.15 5.11728
    endloop
  endfacet
  facet normal 0 -1 0
    outer loop
      vertex -0.654068 40.15 3.85407
      vertex -1.67612 40.15 4.91312
      vertex -1.71312 40.15 4.87611
    endloop
  endfacet
  facet normal 0 -1 -0
    outer loop
      vertex 1.43813 40.15 5.11728
      vertex 0.654068 40.15 3.85407
      vertex 1.47964 40.15 5.08542
    endloop
  endfacet
  facet normal 0 -1 0
    outer loop
      vertex -0.654068 40.15 3.85407
      vertex -1.71312 40.15 4.87611
      vertex -1.88542 40.15 4.67964
    endloop
  endfacet
  facet normal 0 -1 -0
    outer loop
      vertex 1.47964 40.15 5.08542
      vertex 0.654068 40.15 3.85407
      vertex 1.67612 40.15 4.91312
    endloop
  endfacet
  facet normal 0 -1 0
    outer loop
      vertex -0.733841 40.15 3.76309
      vertex -1.88542 40.15 4.67964
      vertex -1.91728 40.15 4.63812
    endloop
  endfacet
  facet normal 0 -1 -0
    outer loop
      vertex 1.67612 40.15 4.91312
      vertex 0.654068 40.15 3.85407
      vertex 1.71312 40.15 4.87611
    endloop
  endfacet
  facet normal 0 -1 -0
    outer loop
      vertex 1.71312 40.15 4.87611
      vertex 0.654068 40.15 3.85407
      vertex 1.88542 40.15 4.67964
    endloop
  endfacet
  facet normal 0 -1 0
    outer loop
      vertex -0.733841 40.15 3.76309
      vertex -1.91728 40.15 4.63812
      vertex -2.06241 40.15 4.42091
    endloop
  endfacet
  facet normal 0 -1 0
    outer loop
      vertex -0.801071 40.15 3.66249
      vertex -2.06241 40.15 4.42091
      vertex -2.08849 40.15 4.37576
    endloop
  endfacet
  facet normal 0 -1 0
    outer loop
      vertex -0.801071 40.15 3.66249
      vertex -2.08849 40.15 4.37576
      vertex -2.20416 40.15 4.14119
    endloop
  endfacet
  facet normal 0 -1 0
    outer loop
      vertex -0.854584 40.15 3.55397
      vertex -2.20416 40.15 4.14119
      vertex -2.22415 40.15 4.09296
    endloop
  endfacet
  facet normal 0 -1 0
    outer loop
      vertex -1.17577 40.15 5.28848
      vertex -0.654068 40.15 3.85407
      vertex 0 40.15 4.50814
    endloop
  endfacet
  facet normal 0 -1 0
    outer loop
      vertex -0.854584 40.15 3.55397
      vertex -2.22415 40.15 4.09296
      vertex -2.30812 40.15 3.84557
    endloop
  endfacet
  facet normal 0 -1 0
    outer loop
      vertex -0.893478 40.15 3.43939
      vertex -2.30812 40.15 3.84557
      vertex -2.32169 40.15 3.79491
    endloop
  endfacet
  facet normal 0 -1 0
    outer loop
      vertex -1.88542 40.15 4.67964
      vertex -0.733841 40.15 3.76309
      vertex -0.654068 40.15 3.85407
    endloop
  endfacet
  facet normal 0 -1 0
    outer loop
      vertex -2.06241 40.15 4.42091
      vertex -0.801071 40.15 3.66249
      vertex -0.733841 40.15 3.76309
    endloop
  endfacet
  facet normal 0 -1 0
    outer loop
      vertex -2.20416 40.15 4.14119
      vertex -0.854584 40.15 3.55397
      vertex -0.801071 40.15 3.66249
    endloop
  endfacet
  facet normal 0 -1 0
    outer loop
      vertex -0.893478 40.15 3.43939
      vertex -2.32169 40.15 3.79491
      vertex -2.37263 40.15 3.5388
    endloop
  endfacet
  facet normal 0 -1 0
    outer loop
      vertex -0.917084 40.15 3.32073
      vertex -2.37263 40.15 3.5388
      vertex -2.37946 40.15 3.48695
    endloop
  endfacet
  facet normal 0 -1 0
    outer loop
      vertex -2.30812 40.15 3.84557
      vertex -0.893478 40.15 3.43939
      vertex -0.854584 40.15 3.55397
    endloop
  endfacet
  facet normal 0 -1 0
    outer loop
      vertex -2.37263 40.15 3.5388
      vertex -0.917084 40.15 3.32073
      vertex -0.893478 40.15 3.43939
    endloop
  endfacet
  facet normal 0 -1 0
    outer loop
      vertex -2.37946 40.15 3.48695
      vertex -0.924988 40.15 3.2
      vertex -0.917084 40.15 3.32073
    endloop
  endfacet
  facet normal 0 -1 0
    outer loop
      vertex -2.39914 40.15 3.18678
      vertex -0.924988 40.15 3.2
      vertex -2.37946 40.15 3.48695
    endloop
  endfacet
  facet normal 0 -1 0
    outer loop
      vertex -2.39999 40.15 3.16084
      vertex -0.924988 40.15 3.2
      vertex -2.39914 40.15 3.18678
    endloop
  endfacet
  facet normal 0 -1 0
    outer loop
      vertex -2.39999 40.15 3.16084
      vertex -0.917084 40.15 3.07927
      vertex -0.924988 40.15 3.2
    endloop
  endfacet
  facet normal 0 -1 0
    outer loop
      vertex -2.39999 40.15 3.16084
      vertex -0.893478 40.15 2.9606
      vertex -0.917084 40.15 3.07927
    endloop
  endfacet
  facet normal 0 -1 0
    outer loop
      vertex -2.39999 40.15 3.16084
      vertex -0.854584 40.15 2.84603
      vertex -0.893478 40.15 2.9606
    endloop
  endfacet
  facet normal 0 -1 0
    outer loop
      vertex -2.39999 40.15 3.16084
      vertex -0.801071 40.15 2.73751
      vertex -0.854584 40.15 2.84603
    endloop
  endfacet
  facet normal 0 -1 0
    outer loop
      vertex -2.39999 40.15 0.826111
      vertex -0.801071 40.15 2.73751
      vertex -2.39999 40.15 3.16084
    endloop
  endfacet
  facet normal 0 -1 -0
    outer loop
      vertex -0.801071 40.15 2.73751
      vertex -2.39999 40.15 0.826111
      vertex -0.733841 40.15 2.6369
    endloop
  endfacet
  facet normal 0 -1 -0
    outer loop
      vertex -0.733841 40.15 2.6369
      vertex -2.39999 40.15 0.826111
      vertex -0.654068 40.15 2.54593
    endloop
  endfacet
  facet normal 0 -1 0
    outer loop
      vertex -2.37389 40.15 0.800003
      vertex -0.654068 40.15 2.54593
      vertex -2.39999 40.15 0.826111
    endloop
  endfacet
  facet normal 0 -1 -0
    outer loop
      vertex -0.654068 40.15 2.54593
      vertex -2.37389 40.15 0.800003
      vertex -0.563095 40.15 2.46616
    endloop
  endfacet
  facet normal 0 -1 0
    outer loop
      vertex -0.353973 40.15 2.34542
      vertex 0.199997 40.15 0.800003
      vertex -0.239395 40.15 2.30652
    endloop
  endfacet
  facet normal 0 -1 0
    outer loop
      vertex -0.462494 40.15 2.39893
      vertex 0.199997 40.15 0.800003
      vertex -0.353973 40.15 2.34542
    endloop
  endfacet
  facet normal 0 -1 0
    outer loop
      vertex 0.199997 40.15 0.800003
      vertex -0.462494 40.15 2.39893
      vertex -2.37389 40.15 0.800003
    endloop
  endfacet
  facet normal 0 -1 -0
    outer loop
      vertex -0.563095 40.15 2.46616
      vertex -2.37389 40.15 0.800003
      vertex -0.462494 40.15 2.39893
    endloop
  endfacet
  facet normal 0 -1 0
    outer loop
      vertex 0.733841 40.15 3.76309
      vertex 1.88542 40.15 4.67964
      vertex 0.654068 40.15 3.85407
    endloop
  endfacet
  facet normal 0 -1 -0
    outer loop
      vertex 1.88542 40.15 4.67964
      vertex 0.733841 40.15 3.76309
      vertex 1.91728 40.15 4.63812
    endloop
  endfacet
  facet normal 0 -1 -0
    outer loop
      vertex 1.91728 40.15 4.63812
      vertex 0.733841 40.15 3.76309
      vertex 2.06241 40.15 4.42091
    endloop
  endfacet
  facet normal 0 -1 0
    outer loop
      vertex 0.801071 40.15 3.66249
      vertex 2.06241 40.15 4.42091
      vertex 0.733841 40.15 3.76309
    endloop
  endfacet
  facet normal 0 -1 -0
    outer loop
      vertex 2.06241 40.15 4.42091
      vertex 0.801071 40.15 3.66249
      vertex 2.08849 40.15 4.37576
    endloop
  endfacet
  facet normal 0 -1 -0
    outer loop
      vertex 2.08849 40.15 4.37576
      vertex 0.801071 40.15 3.66249
      vertex 2.20416 40.15 4.14119
    endloop
  endfacet
  facet normal 0 -1 0
    outer loop
      vertex 0.854584 40.15 3.55397
      vertex 2.20416 40.15 4.14119
      vertex 0.801071 40.15 3.66249
    endloop
  endfacet
  facet normal 0 -1 -0
    outer loop
      vertex 2.20416 40.15 4.14119
      vertex 0.854584 40.15 3.55397
      vertex 2.22415 40.15 4.09296
    endloop
  endfacet
  facet normal 0 -1 -0
    outer loop
      vertex 2.22415 40.15 4.09296
      vertex 0.854584 40.15 3.55397
      vertex 2.2557 40.15 4
    endloop
  endfacet
  facet normal 0 -1 0
    outer loop
      vertex 0.893478 40.15 3.43939
      vertex 2.2557 40.15 4
      vertex 0.854584 40.15 3.55397
    endloop
  endfacet
  facet normal 0 -1 0
    outer loop
      vertex 0.917084 40.15 3.32073
      vertex 2.2557 40.15 4
      vertex 0.893478 40.15 3.43939
    endloop
  endfacet
  facet normal 0 -1 0
    outer loop
      vertex 0.924988 40.15 3.2
      vertex 2.2557 40.15 4
      vertex 0.917084 40.15 3.32073
    endloop
  endfacet
  facet normal 0 -1 0
    outer loop
      vertex 0.917084 40.15 3.07927
      vertex 2.2557 40.15 4
      vertex 0.924988 40.15 3.2
    endloop
  endfacet
  facet normal 0 -1 0
    outer loop
      vertex 0.893478 40.15 2.9606
      vertex 2.2557 40.15 4
      vertex 0.917084 40.15 3.07927
    endloop
  endfacet
  facet normal 0 -1 0
    outer loop
      vertex 0.854584 40.15 2.84603
      vertex 2.2557 40.15 4
      vertex 0.893478 40.15 2.9606
    endloop
  endfacet
  facet normal 0 -1 0
    outer loop
      vertex 0.801071 40.15 2.73751
      vertex 2.2557 40.15 4
      vertex 0.854584 40.15 2.84603
    endloop
  endfacet
  facet normal 0 -1 0
    outer loop
      vertex 2.2557 40.15 4
      vertex 0.801071 40.15 2.73751
      vertex 1 40.15 0
    endloop
  endfacet
  facet normal 0 -1 0
    outer loop
      vertex 1 40.15 0
      vertex 0.801071 40.15 2.73751
      vertex 0.733841 40.15 2.6369
    endloop
  endfacet
  facet normal 0 -1 0
    outer loop
      vertex 1 40.15 0
      vertex 0.733841 40.15 2.6369
      vertex 0.654068 40.15 2.54593
    endloop
  endfacet
  facet normal 0 -1 0
    outer loop
      vertex 1 40.15 0
      vertex 0.654068 40.15 2.54593
      vertex 0.563095 40.15 2.46616
    endloop
  endfacet
  facet normal 0 -1 0
    outer loop
      vertex 0.199997 40.15 0.800003
      vertex 0.563095 40.15 2.46616
      vertex 0.462494 40.15 2.39893
    endloop
  endfacet
  facet normal 0 -1 0
    outer loop
      vertex 0.199997 40.15 0.800003
      vertex 0.462494 40.15 2.39893
      vertex 0.353973 40.15 2.34542
    endloop
  endfacet
  facet normal 0 -1 0
    outer loop
      vertex 0.199997 40.15 0.800003
      vertex 0.353973 40.15 2.34542
      vertex 0.239395 40.15 2.30652
    endloop
  endfacet
  facet normal 0 -1 0
    outer loop
      vertex -0.239395 40.15 2.30652
      vertex 0.199997 40.15 0.800003
      vertex -0.120728 40.15 2.28292
    endloop
  endfacet
  facet normal 0 -1 0
    outer loop
      vertex -0.120728 40.15 2.28292
      vertex 0.199997 40.15 0.800003
      vertex 0 40.15 2.27501
    endloop
  endfacet
  facet normal 0 -1 0
    outer loop
      vertex 0 40.15 2.27501
      vertex 0.199997 40.15 0.800003
      vertex 0.120728 40.15 2.28292
    endloop
  endfacet
  facet normal 0 -1 0
    outer loop
      vertex -2.37389 40.15 0.800003
      vertex -2.39999 40.15 0.826111
      vertex -2.39839 40.15 0.801605
    endloop
  endfacet
  facet normal 0 -1 0
    outer loop
      vertex 0.120728 40.15 2.28292
      vertex 0.199997 40.15 0.800003
      vertex 0.239395 40.15 2.30652
    endloop
  endfacet
  facet normal 0 -1 -0
    outer loop
      vertex 0.563095 40.15 2.46616
      vertex 0.199997 40.15 0.800003
      vertex 1 40.15 0
    endloop
  endfacet
  facet normal 0 -1 -0
    outer loop
      vertex 2.2557 40.15 4
      vertex 1 40.15 0
      vertex 6.7 40.15 0
    endloop
  endfacet
  facet normal 0 -1 0
    outer loop
      vertex 2.2557 40.15 4
      vertex 6.7 40.15 0
      vertex 6.7 40.15 4
    endloop
  endfacet
  facet normal 0.531626 -0.707109 0.466231
    outer loop
      vertex 2.2973 40.95 5.42331
      vertex 1.71312 40.15 4.87611
      vertex 2.5042 40.95 5.18739
    endloop
  endfacet
  facet normal 0.683008 -0.707134 0.182925
    outer loop
      vertex 3.07411 40.95 4.07785
      vertex 2.81739 40.6819 4
      vertex 3.09496 40.95 4
    endloop
  endfacet
  facet normal -0.701055 -0.707108 0.0923028
    outer loop
      vertex -3.16237 40.95 3.66919
      vertex -3.17603 40.95 3.56544
      vertex -2.37263 40.15 3.5388
    endloop
  endfacet
  facet normal -0.705597 -0.707102 0.0462428
    outer loop
      vertex -3.17603 40.95 3.56544
      vertex -3.19827 40.95 3.22609
      vertex -2.39914 40.15 3.18678
    endloop
  endfacet
  facet normal -0.653215 -0.707114 0.270739
    outer loop
      vertex -2.20416 40.15 4.14119
      vertex -2.93323 40.95 4.47159
      vertex -2.22415 40.15 4.09296
    endloop
  endfacet
  facet normal -0.270727 -0.70711 0.653225
    outer loop
      vertex -0.89296 40.15 5.42415
      vertex -1.27159 40.95 6.13322
      vertex -0.941193 40.15 5.40416
    endloop
  endfacet
  facet normal 0.182834 -0.707116 0.683051
    outer loop
      vertex 0.776794 40.95 6.30118
      vertex 0.59491 40.15 5.52168
      vertex 0.645569 40.15 5.50812
    endloop
  endfacet
  facet normal 0.430464 -0.707108 0.560981
    outer loop
      vertex 1.43813 40.15 5.11728
      vertex 1.9874 40.95 5.70419
      vertex 1.90436 40.95 5.76791
    endloop
  endfacet
  facet normal 0.430527 -0.707112 0.560928
    outer loop
      vertex 1.9874 40.95 5.70419
      vertex 1.43813 40.15 5.11728
      vertex 1.47964 40.15 5.08542
    endloop
  endfacet
  facet normal 0.312743 -0.707109 0.634183
    outer loop
      vertex 1.27159 40.95 6.13322
      vertex 0.941193 40.15 5.40416
      vertex 1.17577 40.15 5.28848
    endloop
  endfacet
  facet normal 0.466213 -0.707109 0.53164
    outer loop
      vertex 1.9874 40.95 5.70419
      vertex 1.47964 40.15 5.08542
      vertex 1.67612 40.15 4.91312
    endloop
  endfacet
  facet normal 0.531628 -0.70711 0.466227
    outer loop
      vertex 2.5042 40.95 5.18739
      vertex 1.71312 40.15 4.87611
      vertex 1.88542 40.15 4.67964
    endloop
  endfacet
  facet normal 0.669586 -0.707109 0.227268
    outer loop
      vertex 2.9733 40.95 4.37486
      vertex 2.22415 40.15 4.09296
      vertex 3.07411 40.95 4.07785
    endloop
  endfacet
  facet normal 0.653273 -0.707108 0.270616
    outer loop
      vertex 2.93323 40.95 4.47159
      vertex 2.22415 40.15 4.09296
      vertex 2.9733 40.95 4.37486
    endloop
  endfacet
  facet normal -0.706726 -0.707108 0.0231579
    outer loop
      vertex -2.39914 40.15 3.18678
      vertex -3.2 40.95 3.17375
      vertex -2.39999 40.15 3.16084
    endloop
  endfacet
  facet normal -0.312743 -0.707109 0.634183
    outer loop
      vertex -0.941193 40.15 5.40416
      vertex -1.27159 40.95 6.13322
      vertex -1.17577 40.15 5.28848
    endloop
  endfacet
  facet normal -0.693524 -0.707105 0.137941
    outer loop
      vertex -2.32169 40.15 3.79491
      vertex -3.10118 40.95 3.97679
      vertex -2.37263 40.15 3.5388
    endloop
  endfacet
  facet normal -0.560978 -0.707111 0.430462
    outer loop
      vertex -2.56792 40.95 5.10435
      vertex -1.88542 40.15 4.67964
      vertex -2.5042 40.95 5.18739
    endloop
  endfacet
  facet normal -0.560978 -0.707111 0.430462
    outer loop
      vertex -1.88542 40.15 4.67964
      vertex -2.56792 40.95 5.10435
      vertex -1.91728 40.15 4.63812
    endloop
  endfacet
  facet normal -0.182957 -0.70711 0.683024
    outer loop
      vertex -0.776794 40.95 6.30118
      vertex -0.877853 40.95 6.27411
      vertex -0.645569 40.15 5.50812
    endloop
  endfacet
  facet normal -0.227285 -0.707107 0.669583
    outer loop
      vertex -0.877853 40.95 6.27411
      vertex -1.17487 40.95 6.17329
      vertex -0.89296 40.15 5.42415
    endloop
  endfacet
  facet normal -0.353522 -0.707105 0.612393
    outer loop
      vertex -1.55307 40.95 5.9944
      vertex -1.64365 40.95 5.94211
      vertex -1.17577 40.15 5.28848
    endloop
  endfacet
  facet normal 0.0462416 -0.707108 0.705591
    outer loop
      vertex 0.0523224 40.95 6.39656
      vertex 0.0260773 40.15 5.59656
      vertex 0.365433 40.95 6.37604
    endloop
  endfacet
  facet normal 0.0923595 -0.707115 0.701041
    outer loop
      vertex 0.365433 40.95 6.37604
      vertex 0.338928 40.15 5.5726
      vertex 0.469193 40.95 6.36237
    endloop
  endfacet
  facet normal 0.227272 -0.707109 0.669585
    outer loop
      vertex 0.877853 40.95 6.27411
      vertex 0.645569 40.15 5.50812
      vertex 0.89296 40.15 5.42415
    endloop
  endfacet
  facet normal 0.182957 -0.70711 0.683024
    outer loop
      vertex 0.776794 40.95 6.30118
      vertex 0.645569 40.15 5.50812
      vertex 0.877853 40.95 6.27411
    endloop
  endfacet
  facet normal 0.392846 -0.707108 0.587938
    outer loop
      vertex 1.64365 40.95 5.94211
      vertex 1.43813 40.15 5.11728
      vertex 1.90436 40.95 5.76791
    endloop
  endfacet
  facet normal 0.560978 -0.707111 0.430462
    outer loop
      vertex 1.88542 40.15 4.67964
      vertex 2.56792 40.95 5.10435
      vertex 2.5042 40.95 5.18739
    endloop
  endfacet
  facet normal 0.560978 -0.707111 0.430462
    outer loop
      vertex 2.56792 40.95 5.10435
      vertex 1.88542 40.15 4.67964
      vertex 1.91728 40.15 4.63812
    endloop
  endfacet
  facet normal 0.653215 -0.707114 0.270739
    outer loop
      vertex 2.93323 40.95 4.47159
      vertex 2.20416 40.15 4.14119
      vertex 2.22415 40.15 4.09296
    endloop
  endfacet
  facet normal -0.707102 -0.707111 0
    outer loop
      vertex -3.2 40.95 3.17375
      vertex -2.39999 40.15 0.826111
      vertex -2.39999 40.15 3.16084
    endloop
  endfacet
  facet normal -0.707102 -0.707111 0
    outer loop
      vertex -2.39999 40.15 0.826111
      vertex -3.2 40.95 3.17375
      vertex -3.2 40.95 0.800003
    endloop
  endfacet
  facet normal -0.612295 -0.70711 0.35368
    outer loop
      vertex -2.06241 40.15 4.42091
      vertex -2.74211 40.95 4.84364
      vertex -2.08849 40.15 4.37576
    endloop
  endfacet
  facet normal -0.701051 -0.707106 0.0923468
    outer loop
      vertex -2.37263 40.15 3.5388
      vertex -3.17603 40.95 3.56544
      vertex -2.37946 40.15 3.48695
    endloop
  endfacet
  facet normal -0.683025 -0.707109 0.182958
    outer loop
      vertex -2.30812 40.15 3.84557
      vertex -3.10118 40.95 3.97679
      vertex -2.32169 40.15 3.79491
    endloop
  endfacet
  facet normal -0.612378 -0.707103 0.353552
    outer loop
      vertex -2.74211 40.95 4.84364
      vertex -2.7944 40.95 4.75307
      vertex -2.08849 40.15 4.37576
    endloop
  endfacet
  facet normal -0.63417 -0.707104 0.312782
    outer loop
      vertex -2.7944 40.95 4.75307
      vertex -2.93323 40.95 4.47159
      vertex -2.08849 40.15 4.37576
    endloop
  endfacet
  facet normal -0.5 -0.707107 0.5
    outer loop
      vertex -2.2973 40.95 5.42331
      vertex -1.67612 40.15 4.91312
      vertex -2.22331 40.95 5.4973
    endloop
  endfacet
  facet normal -0.500064 -0.707111 0.499929
    outer loop
      vertex -1.67612 40.15 4.91312
      vertex -2.2973 40.95 5.42331
      vertex -1.71312 40.15 4.87611
    endloop
  endfacet
  facet normal -0.531626 -0.707109 0.466231
    outer loop
      vertex -2.2973 40.95 5.42331
      vertex -2.5042 40.95 5.18739
      vertex -1.71312 40.15 4.87611
    endloop
  endfacet
  facet normal -0.182834 -0.707116 0.683051
    outer loop
      vertex -0.59491 40.15 5.52168
      vertex -0.776794 40.95 6.30118
      vertex -0.645569 40.15 5.50812
    endloop
  endfacet
  facet normal -0.392836 -0.70711 0.587942
    outer loop
      vertex -1.22092 40.15 5.26241
      vertex -1.64365 40.95 5.94211
      vertex -1.43813 40.15 5.11728
    endloop
  endfacet
  facet normal -0.392846 -0.707108 0.587938
    outer loop
      vertex -1.64365 40.95 5.94211
      vertex -1.90436 40.95 5.76791
      vertex -1.43813 40.15 5.11728
    endloop
  endfacet
  facet normal 0.392836 -0.70711 0.587942
    outer loop
      vertex 1.64365 40.95 5.94211
      vertex 1.22092 40.15 5.26241
      vertex 1.43813 40.15 5.11728
    endloop
  endfacet
  facet normal -0.634186 -0.707114 0.312727
    outer loop
      vertex -2.08849 40.15 4.37576
      vertex -2.93323 40.95 4.47159
      vertex -2.20416 40.15 4.14119
    endloop
  endfacet
  facet normal -0.587942 -0.70711 0.392836
    outer loop
      vertex -1.91728 40.15 4.63812
      vertex -2.74211 40.95 4.84364
      vertex -2.06241 40.15 4.42091
    endloop
  endfacet
  facet normal -0.531628 -0.70711 0.466227
    outer loop
      vertex -1.71312 40.15 4.87611
      vertex -2.5042 40.95 5.18739
      vertex -1.88542 40.15 4.67964
    endloop
  endfacet
  facet normal -0.353579 -0.707108 0.612356
    outer loop
      vertex -1.17577 40.15 5.28848
      vertex -1.64365 40.95 5.94211
      vertex -1.22092 40.15 5.26241
    endloop
  endfacet
  facet normal -0.0462816 -0.707116 0.705582
    outer loop
      vertex -0.0260773 40.15 5.59656
      vertex -0.365433 40.95 6.37604
      vertex -0.286926 40.15 5.57945
    endloop
  endfacet
  facet normal 0.0923452 -0.707116 0.701042
    outer loop
      vertex 0.365433 40.95 6.37604
      vertex 0.286926 40.15 5.57945
      vertex 0.338928 40.15 5.5726
    endloop
  endfacet
  facet normal 0 -0.707107 0.707107
    outer loop
      vertex -0.0260773 40.15 5.59656
      vertex 0.0523224 40.95 6.39656
      vertex -0.0523224 40.95 6.39656
    endloop
  endfacet
  facet normal 0 -0.707107 0.707107
    outer loop
      vertex 0.0523224 40.95 6.39656
      vertex -0.0260773 40.15 5.59656
      vertex 0.0260773 40.15 5.59656
    endloop
  endfacet
  facet normal -0.0462416 -0.707108 0.705591
    outer loop
      vertex -0.0523224 40.95 6.39656
      vertex -0.365433 40.95 6.37604
      vertex -0.0260773 40.15 5.59656
    endloop
  endfacet
  facet normal -0.0923595 0.707115 0.701041
    outer loop
      vertex -0.338928 99.85 5.5726
      vertex -0.469193 99.05 6.36237
      vertex -0.365433 99.05 6.37604
    endloop
  endfacet
  facet normal 0.612378 -0.707103 0.353552
    outer loop
      vertex 2.74211 80.95 4.84364
      vertex 2.08849 80.15 4.37576
      vertex 2.7944 80.95 4.75307
    endloop
  endfacet
  facet normal 0.137959 0.70711 0.693515
    outer loop
      vertex 0.59491 99.85 5.52168
      vertex 0.469193 99.05 6.36237
      vertex 0.776794 99.05 6.30118
    endloop
  endfacet
  facet normal -0.0653957 0 0.997859
    outer loop
      vertex -0.365433 99.05 6.37604
      vertex -0.0523224 80.95 6.39656
      vertex -0.0523224 99.05 6.39656
    endloop
  endfacet
  facet normal -0.0653957 0 0.997859
    outer loop
      vertex -0.0523224 80.95 6.39656
      vertex -0.365433 99.05 6.37604
      vertex -0.365433 80.95 6.37604
    endloop
  endfacet
  facet normal -0.442315 0 -0.89686
    outer loop
      vertex -2.79999 80.95 0.107178
      vertex -2.70615 99.05 0.0608978
      vertex -2.70615 80.95 0.0608978
    endloop
  endfacet
  facet normal -0.442315 0 -0.89686
    outer loop
      vertex -2.70615 99.05 0.0608978
      vertex -2.79999 80.95 0.107178
      vertex -2.79999 99.05 0.107178
    endloop
  endfacet
  facet normal -0 0 1
    outer loop
      vertex -0.0523224 99.05 6.39656
      vertex 0.0523224 80.95 6.39656
      vertex 0.0523224 99.05 6.39656
    endloop
  endfacet
  facet normal 0 0 1
    outer loop
      vertex 0.0523224 80.95 6.39656
      vertex -0.0523224 99.05 6.39656
      vertex -0.0523224 80.95 6.39656
    endloop
  endfacet
  facet normal 0 0.707108 -0.707105
    outer loop
      vertex -2.39999 99.05 0
      vertex 0.199997 99.85 0.800003
      vertex 1 99.05 0
    endloop
  endfacet
  facet normal 0 0.707108 -0.707105
    outer loop
      vertex 0.199997 99.85 0.800003
      vertex -2.39999 99.05 0
      vertex -2.37389 99.85 0.800003
    endloop
  endfacet
  facet normal -0.946941 0 0.321407
    outer loop
      vertex -3.07411 80.95 4.07785
      vertex -2.9733 99.05 4.37486
      vertex -3.07411 99.05 4.07785
    endloop
  endfacet
  facet normal -0.946941 0 0.321407
    outer loop
      vertex -2.9733 99.05 4.37486
      vertex -3.07411 80.95 4.07785
      vertex -2.9733 80.95 4.37486
    endloop
  endfacet
  facet normal 0.946941 -0 0.321407
    outer loop
      vertex 2.9733 80.95 4.37486
      vertex 3.07411 99.05 4.07785
      vertex 2.9733 99.05 4.37486
    endloop
  endfacet
  facet normal 0.946941 0 0.321407
    outer loop
      vertex 3.07411 99.05 4.07785
      vertex 2.9733 80.95 4.37486
      vertex 3.07411 80.95 4.07785
    endloop
  endfacet
  facet normal -0.137954 0.70711 0.693515
    outer loop
      vertex -0.338928 99.85 5.5726
      vertex -0.59491 99.85 5.52168
      vertex -0.469193 99.05 6.36237
    endloop
  endfacet
  facet normal -0.0462816 0.707116 0.705582
    outer loop
      vertex -0.286926 99.85 5.57945
      vertex -0.365433 99.05 6.37604
      vertex -0.0260773 99.85 5.59656
    endloop
  endfacet
  facet normal 0.587942 0.70711 0.392836
    outer loop
      vertex 2.06241 99.85 4.42091
      vertex 1.91728 99.85 4.63812
      vertex 2.74211 99.05 4.84364
    endloop
  endfacet
  facet normal -0.706724 -0.707103 0.0233594
    outer loop
      vertex -3.19827 80.95 3.22609
      vertex -3.2 80.95 3.17375
      vertex -2.39914 80.15 3.18678
    endloop
  endfacet
  facet normal -0.321386 0 -0.946948
    outer loop
      vertex -2.70615 80.95 0.0608978
      vertex -2.60706 99.05 0.0272675
      vertex -2.60706 80.95 0.0272675
    endloop
  endfacet
  facet normal -0.321386 0 -0.946948
    outer loop
      vertex -2.60706 99.05 0.0272675
      vertex -2.70615 80.95 0.0608978
      vertex -2.70615 99.05 0.0608978
    endloop
  endfacet
  facet normal -0.270727 -0.70711 0.653225
    outer loop
      vertex -0.89296 80.15 5.42415
      vertex -1.27159 80.95 6.13322
      vertex -0.941193 80.15 5.40416
    endloop
  endfacet
  facet normal 0.751834 -0 0.659353
    outer loop
      vertex 2.2973 80.95 5.42331
      vertex 2.5042 99.05 5.18739
      vertex 2.2973 99.05 5.42331
    endloop
  endfacet
  facet normal 0.751834 0 0.659353
    outer loop
      vertex 2.5042 99.05 5.18739
      vertex 2.2973 80.95 5.42331
      vertex 2.5042 80.95 5.18739
    endloop
  endfacet
  facet normal -0.980783 0 0.195104
    outer loop
      vertex -3.16237 80.95 3.66919
      vertex -3.10118 99.05 3.97679
      vertex -3.16237 99.05 3.66919
    endloop
  endfacet
  facet normal -0.980783 0 0.195104
    outer loop
      vertex -3.10118 99.05 3.97679
      vertex -3.16237 80.95 3.66919
      vertex -3.10118 80.95 3.97679
    endloop
  endfacet
  facet normal 0.312763 0.707105 0.634178
    outer loop
      vertex 1.55307 99.05 5.9944
      vertex 1.17577 99.85 5.28848
      vertex 1.27159 99.05 6.13322
    endloop
  endfacet
  facet normal -0.587766 0.707334 -0.392695
    outer loop
      vertex -3.03468 99.05 0.312988
      vertex -3.09282 99.05 0.400009
      vertex -2.39839 99.85 0.801605
    endloop
  endfacet
  facet normal -0.612295 -0.70711 0.35368
    outer loop
      vertex -2.06241 80.15 4.42091
      vertex -2.74211 80.95 4.84364
      vertex -2.08849 80.15 4.37576
    endloop
  endfacet
  facet normal -0.980781 0 -0.195113
    outer loop
      vertex -3.17273 80.95 0.592941
      vertex -3.19315 99.05 0.695587
      vertex -3.17273 99.05 0.592941
    endloop
  endfacet
  facet normal -0.980781 -0 -0.195113
    outer loop
      vertex -3.19315 99.05 0.695587
      vertex -3.17273 80.95 0.592941
      vertex -3.19315 80.95 0.695587
    endloop
  endfacet
  facet normal 0.587942 -0.70711 0.392836
    outer loop
      vertex 2.74211 80.95 4.84364
      vertex 1.91728 80.15 4.63812
      vertex 2.06241 80.15 4.42091
    endloop
  endfacet
  facet normal -0.137922 -0.707181 -0.69345
    outer loop
      vertex -2.39839 80.15 0.801605
      vertex -2.60706 80.95 0.0272675
      vertex -2.50441 80.95 0.0068512
    endloop
  endfacet
  facet normal 0.965956 -0 0.258705
    outer loop
      vertex 3.07411 80.95 4.07785
      vertex 3.09496 99.05 4
      vertex 3.07411 99.05 4.07785
    endloop
  endfacet
  facet normal 0.965956 0 0.258705
    outer loop
      vertex 3.09496 99.05 4
      vertex 3.07411 80.95 4.07785
      vertex 3.09496 80.95 4
    endloop
  endfacet
  facet normal -0.382743 0 0.923855
    outer loop
      vertex -1.27159 99.05 6.13322
      vertex -1.17487 80.95 6.17329
      vertex -1.17487 99.05 6.17329
    endloop
  endfacet
  facet normal -0.382743 0 0.923855
    outer loop
      vertex -1.17487 80.95 6.17329
      vertex -1.27159 99.05 6.13322
      vertex -1.27159 80.95 6.13322
    endloop
  endfacet
  facet normal -0.392846 0.707108 0.587938
    outer loop
      vertex -1.43813 99.85 5.11728
      vertex -1.90436 99.05 5.76791
      vertex -1.64365 99.05 5.94211
    endloop
  endfacet
  facet normal -0.531626 0.707109 0.466231
    outer loop
      vertex -1.71312 99.85 4.87611
      vertex -2.5042 99.05 5.18739
      vertex -2.2973 99.05 5.42331
    endloop
  endfacet
  facet normal -0.997859 0 0.0653968
    outer loop
      vertex -3.19827 80.95 3.22609
      vertex -3.17603 99.05 3.56544
      vertex -3.19827 99.05 3.22609
    endloop
  endfacet
  facet normal -0.997859 0 0.0653968
    outer loop
      vertex -3.17603 99.05 3.56544
      vertex -3.19827 80.95 3.22609
      vertex -3.17603 80.95 3.56544
    endloop
  endfacet
  facet normal -0.0923452 0.707116 0.701042
    outer loop
      vertex -0.338928 99.85 5.5726
      vertex -0.365433 99.05 6.37604
      vertex -0.286926 99.85 5.57945
    endloop
  endfacet
  facet normal 0.866028 -0 0.499996
    outer loop
      vertex 2.74211 80.95 4.84364
      vertex 2.7944 99.05 4.75307
      vertex 2.74211 99.05 4.84364
    endloop
  endfacet
  facet normal 0.866028 0 0.499996
    outer loop
      vertex 2.7944 99.05 4.75307
      vertex 2.74211 80.95 4.84364
      vertex 2.7944 80.95 4.75307
    endloop
  endfacet
  facet normal 0.312763 -0.707105 0.634178
    outer loop
      vertex 1.27159 80.95 6.13322
      vertex 1.17577 80.15 5.28848
      vertex 1.55307 80.95 5.9944
    endloop
  endfacet
  facet normal -0.669586 0.707109 0.227268
    outer loop
      vertex -2.22415 99.85 4.09296
      vertex -3.07411 99.05 4.07785
      vertex -2.9733 99.05 4.37486
    endloop
  endfacet
  facet normal -0.706726 -0.707108 0.0231579
    outer loop
      vertex -2.39914 80.15 3.18678
      vertex -3.2 80.95 3.17375
      vertex -2.39999 80.15 3.16084
    endloop
  endfacet
  facet normal 0.669586 0.707109 0.227268
    outer loop
      vertex 3.07411 99.05 4.07785
      vertex 2.22415 99.85 4.09296
      vertex 2.9733 99.05 4.37486
    endloop
  endfacet
  facet normal -0.430464 -0.707108 0.560981
    outer loop
      vertex -1.9874 80.95 5.70419
      vertex -1.43813 80.15 5.11728
      vertex -1.90436 80.95 5.76791
    endloop
  endfacet
  facet normal -0.430527 -0.707112 0.560928
    outer loop
      vertex -1.43813 80.15 5.11728
      vertex -1.9874 80.95 5.70419
      vertex -1.47964 80.15 5.08542
    endloop
  endfacet
  facet normal 0.63417 0.707104 0.312782
    outer loop
      vertex 2.93323 99.05 4.47159
      vertex 2.08849 99.85 4.37576
      vertex 2.7944 99.05 4.75307
    endloop
  endfacet
  facet normal -0.997855 0 -0.0654623
    outer loop
      vertex -3.19315 80.95 0.695587
      vertex -3.2 99.05 0.800003
      vertex -3.19315 99.05 0.695587
    endloop
  endfacet
  facet normal -0.997855 -0 -0.0654623
    outer loop
      vertex -3.2 99.05 0.800003
      vertex -3.19315 80.95 0.695587
      vertex -3.2 80.95 0.800003
    endloop
  endfacet
  facet normal 0.353522 0.707105 0.612393
    outer loop
      vertex 1.64365 99.05 5.94211
      vertex 1.17577 99.85 5.28848
      vertex 1.55307 99.05 5.9944
    endloop
  endfacet
  facet normal 0.587945 -0.707111 0.392828
    outer loop
      vertex 2.56792 80.95 5.10435
      vertex 1.91728 80.15 4.63812
      vertex 2.74211 80.95 4.84364
    endloop
  endfacet
  facet normal -0.392679 0.707335 -0.587776
    outer loop
      vertex -2.79999 99.05 0.107178
      vertex -2.88701 99.05 0.165314
      vertex -2.39839 99.85 0.801605
    endloop
  endfacet
  facet normal 0.612295 0.70711 0.35368
    outer loop
      vertex 2.08849 99.85 4.37576
      vertex 2.06241 99.85 4.42091
      vertex 2.74211 99.05 4.84364
    endloop
  endfacet
  facet normal 0.0462816 0.707116 0.705582
    outer loop
      vertex 0.286926 99.85 5.57945
      vertex 0.0260773 99.85 5.59656
      vertex 0.365433 99.05 6.37604
    endloop
  endfacet
  facet normal -0.705597 0.707102 0.0462428
    outer loop
      vertex -2.39914 99.85 3.18678
      vertex -3.19827 99.05 3.22609
      vertex -3.17603 99.05 3.56544
    endloop
  endfacet
  facet normal -0.555511 0 -0.831509
    outer loop
      vertex -2.88701 80.95 0.165314
      vertex -2.79999 99.05 0.107178
      vertex -2.79999 80.95 0.107178
    endloop
  endfacet
  facet normal -0.555511 0 -0.831509
    outer loop
      vertex -2.79999 99.05 0.107178
      vertex -2.88701 80.95 0.165314
      vertex -2.88701 99.05 0.165314
    endloop
  endfacet
  facet normal -0.705599 0.707112 -0.0460687
    outer loop
      vertex -2.39839 99.85 0.801605
      vertex -3.2 99.05 0.800003
      vertex -2.39999 99.85 0.826111
    endloop
  endfacet
  facet normal 0.466232 -0.707106 0.531629
    outer loop
      vertex 1.9874 80.95 5.70419
      vertex 1.67612 80.15 4.91312
      vertex 2.22331 80.95 5.4973
    endloop
  endfacet
  facet normal -0.705593 -0.707106 0.0462607
    outer loop
      vertex -2.37946 80.15 3.48695
      vertex -3.17603 80.95 3.56544
      vertex -2.39914 80.15 3.18678
    endloop
  endfacet
  facet normal 0.182957 0.70711 0.683024
    outer loop
      vertex 0.877853 99.05 6.27411
      vertex 0.645569 99.85 5.50812
      vertex 0.776794 99.05 6.30118
    endloop
  endfacet
  facet normal 0.227285 -0.707107 0.669583
    outer loop
      vertex 1.17487 80.95 6.17329
      vertex 0.877853 80.95 6.27411
      vertex 0.89296 80.15 5.42415
    endloop
  endfacet
  facet normal -0.353522 0.707105 0.612393
    outer loop
      vertex -1.17577 99.85 5.28848
      vertex -1.64365 99.05 5.94211
      vertex -1.55307 99.05 5.9944
    endloop
  endfacet
  facet normal -0.965947 0 0.258739
    outer loop
      vertex -3.10118 80.95 3.97679
      vertex -3.07411 99.05 4.07785
      vertex -3.10118 99.05 3.97679
    endloop
  endfacet
  facet normal -0.965947 0 0.258739
    outer loop
      vertex -3.07411 99.05 4.07785
      vertex -3.10118 80.95 3.97679
      vertex -3.07411 80.95 4.07785
    endloop
  endfacet
  facet normal 0.270641 0.707105 0.653266
    outer loop
      vertex 1.27159 99.05 6.13322
      vertex 0.89296 99.85 5.42415
      vertex 1.17487 99.05 6.17329
    endloop
  endfacet
  facet normal -0.683025 -0.707109 0.182958
    outer loop
      vertex -2.30812 80.15 3.84557
      vertex -3.10118 80.95 3.97679
      vertex -2.32169 80.15 3.79491
    endloop
  endfacet
  facet normal -0.130618 0 0.991433
    outer loop
      vertex -0.469193 99.05 6.36237
      vertex -0.365433 80.95 6.37604
      vertex -0.365433 99.05 6.37604
    endloop
  endfacet
  facet normal -0.130618 0 0.991433
    outer loop
      vertex -0.365433 80.95 6.37604
      vertex -0.469193 99.05 6.36237
      vertex -0.469193 80.95 6.36237
    endloop
  endfacet
  facet normal -0.270641 0.707105 0.653266
    outer loop
      vertex -0.89296 99.85 5.42415
      vertex -1.27159 99.05 6.13322
      vertex -1.17487 99.05 6.17329
    endloop
  endfacet
  facet normal 0.137954 0.70711 0.693515
    outer loop
      vertex 0.59491 99.85 5.52168
      vertex 0.338928 99.85 5.5726
      vertex 0.469193 99.05 6.36237
    endloop
  endfacet
  facet normal 0 0.707107 0.707107
    outer loop
      vertex 0.0260773 99.85 5.59656
      vertex -0.0523224 99.05 6.39656
      vertex 0.0523224 99.05 6.39656
    endloop
  endfacet
  facet normal 0 0.707107 0.707107
    outer loop
      vertex -0.0523224 99.05 6.39656
      vertex 0.0260773 99.85 5.59656
      vertex -0.0260773 99.85 5.59656
    endloop
  endfacet
  facet normal -0.946949 0 -0.321384
    outer loop
      vertex -3.1391 80.95 0.493851
      vertex -3.17273 99.05 0.592941
      vertex -3.1391 99.05 0.493851
    endloop
  endfacet
  facet normal -0.946949 -0 -0.321384
    outer loop
      vertex -3.17273 99.05 0.592941
      vertex -3.1391 80.95 0.493851
      vertex -3.17273 80.95 0.592941
    endloop
  endfacet
  facet normal 0.195104 0 0.980783
    outer loop
      vertex 0.469193 99.05 6.36237
      vertex 0.776794 80.95 6.30118
      vertex 0.776794 99.05 6.30118
    endloop
  endfacet
  facet normal 0.195104 0 0.980783
    outer loop
      vertex 0.776794 80.95 6.30118
      vertex 0.469193 99.05 6.36237
      vertex 0.469193 80.95 6.36237
    endloop
  endfacet
  facet normal 0.182834 0.707116 0.683051
    outer loop
      vertex 0.645569 99.85 5.50812
      vertex 0.59491 99.85 5.52168
      vertex 0.776794 99.05 6.30118
    endloop
  endfacet
  facet normal 0.442313 0 0.896861
    outer loop
      vertex 1.27159 99.05 6.13322
      vertex 1.55307 80.95 5.9944
      vertex 1.55307 99.05 5.9944
    endloop
  endfacet
  facet normal 0.442313 0 0.896861
    outer loop
      vertex 1.55307 80.95 5.9944
      vertex 1.27159 99.05 6.13322
      vertex 1.27159 80.95 6.13322
    endloop
  endfacet
  facet normal -0.793348 0 0.608768
    outer loop
      vertex -2.56792 80.95 5.10435
      vertex -2.5042 99.05 5.18739
      vertex -2.56792 99.05 5.10435
    endloop
  endfacet
  facet normal -0.793348 0 0.608768
    outer loop
      vertex -2.5042 99.05 5.18739
      vertex -2.56792 80.95 5.10435
      vertex -2.5042 80.95 5.18739
    endloop
  endfacet
  facet normal 0.0653957 0 0.997859
    outer loop
      vertex 0.0523224 99.05 6.39656
      vertex 0.365433 80.95 6.37604
      vertex 0.365433 99.05 6.37604
    endloop
  endfacet
  facet normal 0.0653957 0 0.997859
    outer loop
      vertex 0.365433 80.95 6.37604
      vertex 0.0523224 99.05 6.39656
      vertex 0.0523224 80.95 6.39656
    endloop
  endfacet
  facet normal 0.0462416 -0.707108 0.705591
    outer loop
      vertex 0.0523224 80.95 6.39656
      vertex 0.0260773 80.15 5.59656
      vertex 0.365433 80.95 6.37604
    endloop
  endfacet
  facet normal 0.466213 -0.707109 0.53164
    outer loop
      vertex 1.9874 80.95 5.70419
      vertex 1.47964 80.15 5.08542
      vertex 1.67612 80.15 4.91312
    endloop
  endfacet
  facet normal -0.831486 0 0.555546
    outer loop
      vertex -2.74211 80.95 4.84364
      vertex -2.56792 99.05 5.10435
      vertex -2.74211 99.05 4.84364
    endloop
  endfacet
  facet normal -0.831486 0 0.555546
    outer loop
      vertex -2.56792 99.05 5.10435
      vertex -2.74211 80.95 4.84364
      vertex -2.56792 80.95 5.10435
    endloop
  endfacet
  facet normal 0.321429 0 0.946934
    outer loop
      vertex 0.877853 99.05 6.27411
      vertex 1.17487 80.95 6.17329
      vertex 1.17487 99.05 6.17329
    endloop
  endfacet
  facet normal 0.321429 0 0.946934
    outer loop
      vertex 1.17487 80.95 6.17329
      vertex 0.877853 99.05 6.27411
      vertex 0.877853 80.95 6.27411
    endloop
  endfacet
  facet normal 0.612295 -0.70711 0.35368
    outer loop
      vertex 2.74211 80.95 4.84364
      vertex 2.06241 80.15 4.42091
      vertex 2.08849 80.15 4.37576
    endloop
  endfacet
  facet normal -0.669586 -0.707109 0.227268
    outer loop
      vertex -2.9733 80.95 4.37486
      vertex -3.07411 80.95 4.07785
      vertex -2.22415 80.15 4.09296
    endloop
  endfacet
  facet normal 0.555568 0 0.831471
    outer loop
      vertex 1.64365 99.05 5.94211
      vertex 1.90436 80.95 5.76791
      vertex 1.90436 99.05 5.76791
    endloop
  endfacet
  facet normal 0.555568 0 0.831471
    outer loop
      vertex 1.90436 80.95 5.76791
      vertex 1.64365 99.05 5.94211
      vertex 1.64365 80.95 5.94211
    endloop
  endfacet
  facet normal 0.707107 -0 0.707107
    outer loop
      vertex 2.22331 80.95 5.4973
      vertex 2.2973 99.05 5.42331
      vertex 2.22331 99.05 5.4973
    endloop
  endfacet
  facet normal 0.707107 0 0.707107
    outer loop
      vertex 2.2973 99.05 5.42331
      vertex 2.22331 80.95 5.4973
      vertex 2.2973 80.95 5.42331
    endloop
  endfacet
  facet normal -0.634005 -0.7073 -0.312672
    outer loop
      vertex -2.39839 80.15 0.801605
      vertex -3.1391 80.95 0.493851
      vertex -3.09282 80.95 0.400009
    endloop
  endfacet
  facet normal -0.866028 0 0.499996
    outer loop
      vertex -2.7944 80.95 4.75307
      vertex -2.74211 99.05 4.84364
      vertex -2.7944 99.05 4.75307
    endloop
  endfacet
  facet normal -0.866028 0 0.499996
    outer loop
      vertex -2.74211 99.05 4.84364
      vertex -2.7944 80.95 4.75307
      vertex -2.74211 80.95 4.84364
    endloop
  endfacet
  facet normal -0.312679 0.7073 -0.634002
    outer loop
      vertex -2.70615 99.05 0.0608978
      vertex -2.79999 99.05 0.107178
      vertex -2.39839 99.85 0.801605
    endloop
  endfacet
  facet normal -0.0461376 -0.707107 -0.705599
    outer loop
      vertex -2.39839 80.15 0.801605
      vertex -2.39999 80.95 0
      vertex -2.37389 80.15 0.800003
    endloop
  endfacet
  facet normal -1 0 0
    outer loop
      vertex -3.2 80.95 0.800003
      vertex -3.2 99.05 3.17375
      vertex -3.2 99.05 0.800003
    endloop
  endfacet
  facet normal -1 -0 0
    outer loop
      vertex -3.2 99.05 3.17375
      vertex -3.2 80.95 0.800003
      vertex -3.2 80.95 3.17375
    endloop
  endfacet
  facet normal 0.270727 0.70711 0.653225
    outer loop
      vertex 0.941193 99.85 5.40416
      vertex 0.89296 99.85 5.42415
      vertex 1.27159 99.05 6.13322
    endloop
  endfacet
  facet normal -0.65935 0 0.751836
    outer loop
      vertex -2.22331 99.05 5.4973
      vertex -1.9874 80.95 5.70419
      vertex -1.9874 99.05 5.70419
    endloop
  endfacet
  facet normal -0.65935 0 0.751836
    outer loop
      vertex -1.9874 80.95 5.70419
      vertex -2.22331 99.05 5.4973
      vertex -2.22331 80.95 5.4973
    endloop
  endfacet
  facet normal -0.706724 0.707103 0.0233594
    outer loop
      vertex -2.39914 99.85 3.18678
      vertex -3.2 99.05 3.17375
      vertex -3.19827 99.05 3.22609
    endloop
  endfacet
  facet normal -0.137922 0.707181 -0.69345
    outer loop
      vertex -2.50441 99.05 0.0068512
      vertex -2.60706 99.05 0.0272675
      vertex -2.39839 99.85 0.801605
    endloop
  endfacet
  facet normal -0.0462954 -0.707102 -0.705594
    outer loop
      vertex -2.39839 80.15 0.801605
      vertex -2.50441 80.95 0.0068512
      vertex -2.39999 80.95 0
    endloop
  endfacet
  facet normal -0.321429 0 0.946934
    outer loop
      vertex -1.17487 99.05 6.17329
      vertex -0.877853 80.95 6.27411
      vertex -0.877853 99.05 6.27411
    endloop
  endfacet
  facet normal -0.321429 0 0.946934
    outer loop
      vertex -0.877853 80.95 6.27411
      vertex -1.17487 99.05 6.17329
      vertex -1.17487 80.95 6.17329
    endloop
  endfacet
  facet normal -0.227209 0.707249 -0.669459
    outer loop
      vertex -2.60706 99.05 0.0272675
      vertex -2.70615 99.05 0.0608978
      vertex -2.39839 99.85 0.801605
    endloop
  endfacet
  facet normal -0.669585 0.707108 0.227273
    outer loop
      vertex -2.30812 99.85 3.84557
      vertex -3.07411 99.05 4.07785
      vertex -2.22415 99.85 4.09296
    endloop
  endfacet
  facet normal 0.63417 -0.707104 0.312782
    outer loop
      vertex 2.7944 80.95 4.75307
      vertex 2.08849 80.15 4.37576
      vertex 2.93323 80.95 4.47159
    endloop
  endfacet
  facet normal -0.707107 0 0.707107
    outer loop
      vertex -2.2973 80.95 5.42331
      vertex -2.22331 99.05 5.4973
      vertex -2.2973 99.05 5.42331
    endloop
  endfacet
  facet normal -0.707107 0 0.707107
    outer loop
      vertex -2.22331 99.05 5.4973
      vertex -2.2973 80.95 5.42331
      vertex -2.22331 80.95 5.4973
    endloop
  endfacet
  facet normal -0.466098 0.707352 -0.531419
    outer loop
      vertex -2.88701 99.05 0.165314
      vertex -2.96568 99.05 0.234314
      vertex -2.39839 99.85 0.801605
    endloop
  endfacet
  facet normal 0.258742 0 0.965947
    outer loop
      vertex 0.776794 99.05 6.30118
      vertex 0.877853 80.95 6.27411
      vertex 0.877853 99.05 6.27411
    endloop
  endfacet
  facet normal 0.258742 0 0.965947
    outer loop
      vertex 0.877853 80.95 6.27411
      vertex 0.776794 99.05 6.30118
      vertex 0.776794 80.95 6.30118
    endloop
  endfacet
  facet normal -0.653215 -0.707114 0.270739
    outer loop
      vertex -2.20416 80.15 4.14119
      vertex -2.93323 80.95 4.47159
      vertex -2.22415 80.15 4.09296
    endloop
  endfacet
  facet normal 0.608768 0 0.793348
    outer loop
      vertex 1.90436 99.05 5.76791
      vertex 1.9874 80.95 5.70419
      vertex 1.9874 99.05 5.70419
    endloop
  endfacet
  facet normal 0.608768 0 0.793348
    outer loop
      vertex 1.9874 80.95 5.70419
      vertex 1.90436 99.05 5.76791
      vertex 1.90436 80.95 5.76791
    endloop
  endfacet
  facet normal -0.0462416 0.707108 0.705591
    outer loop
      vertex -0.0260773 99.85 5.59656
      vertex -0.365433 99.05 6.37604
      vertex -0.0523224 99.05 6.39656
    endloop
  endfacet
  facet normal -0.227272 0.707109 0.669585
    outer loop
      vertex -0.645569 99.85 5.50812
      vertex -0.89296 99.85 5.42415
      vertex -0.877853 99.05 6.27411
    endloop
  endfacet
  facet normal 0.130618 0 0.991433
    outer loop
      vertex 0.365433 99.05 6.37604
      vertex 0.469193 80.95 6.36237
      vertex 0.469193 99.05 6.36237
    endloop
  endfacet
  facet normal 0.130618 0 0.991433
    outer loop
      vertex 0.469193 80.95 6.36237
      vertex 0.365433 99.05 6.37604
      vertex 0.365433 80.95 6.37604
    endloop
  endfacet
  facet normal -0.466232 -0.707106 0.531629
    outer loop
      vertex -1.9874 80.95 5.70419
      vertex -2.22331 80.95 5.4973
      vertex -1.67612 80.15 4.91312
    endloop
  endfacet
  facet normal 0.382743 0 0.923855
    outer loop
      vertex 1.17487 99.05 6.17329
      vertex 1.27159 80.95 6.13322
      vertex 1.27159 99.05 6.13322
    endloop
  endfacet
  facet normal 0.382743 0 0.923855
    outer loop
      vertex 1.27159 80.95 6.13322
      vertex 1.17487 99.05 6.17329
      vertex 1.17487 80.95 6.17329
    endloop
  endfacet
  facet normal -0.227209 -0.707249 -0.669459
    outer loop
      vertex -2.39839 80.15 0.801605
      vertex -2.70615 80.95 0.0608978
      vertex -2.60706 80.95 0.0272675
    endloop
  endfacet
  facet normal -0.705592 -0.707105 -0.0462889
    outer loop
      vertex -2.39839 80.15 0.801605
      vertex -3.2 80.95 0.800003
      vertex -3.19315 80.95 0.695587
    endloop
  endfacet
  facet normal 0.499954 0 0.866052
    outer loop
      vertex 1.55307 99.05 5.9944
      vertex 1.64365 80.95 5.94211
      vertex 1.64365 99.05 5.94211
    endloop
  endfacet
  facet normal 0.499954 0 0.866052
    outer loop
      vertex 1.64365 80.95 5.94211
      vertex 1.55307 99.05 5.9944
      vertex 1.55307 80.95 5.9944
    endloop
  endfacet
  facet normal 0.831486 -0 0.555546
    outer loop
      vertex 2.56792 80.95 5.10435
      vertex 2.74211 99.05 4.84364
      vertex 2.56792 99.05 5.10435
    endloop
  endfacet
  facet normal 0.831486 0 0.555546
    outer loop
      vertex 2.74211 99.05 4.84364
      vertex 2.56792 80.95 5.10435
      vertex 2.74211 80.95 4.84364
    endloop
  endfacet
  facet normal -0.587945 0.707111 0.392828
    outer loop
      vertex -1.91728 99.85 4.63812
      vertex -2.74211 99.05 4.84364
      vertex -2.56792 99.05 5.10435
    endloop
  endfacet
  facet normal 0.612378 0.707103 0.353552
    outer loop
      vertex 2.7944 99.05 4.75307
      vertex 2.08849 99.85 4.37576
      vertex 2.74211 99.05 4.84364
    endloop
  endfacet
  facet normal -0.0462954 0.707102 -0.705594
    outer loop
      vertex -2.39999 99.05 0
      vertex -2.50441 99.05 0.0068512
      vertex -2.39839 99.85 0.801605
    endloop
  endfacet
  facet normal 0.669609 0.707136 0.227119
    outer loop
      vertex 2.81739 99.3181 4
      vertex 2.22415 99.85 4.09296
      vertex 3.07411 99.05 4.07785
    endloop
  endfacet
  facet normal 0.669599 0.707101 0.227257
    outer loop
      vertex 2.22415 99.85 4.09296
      vertex 2.81739 99.3181 4
      vertex 2.2557 99.85 4
    endloop
  endfacet
  facet normal -0.466098 -0.707352 -0.531419
    outer loop
      vertex -2.39839 80.15 0.801605
      vertex -2.96568 80.95 0.234314
      vertex -2.88701 80.95 0.165314
    endloop
  endfacet
  facet normal -0.669459 0.707249 -0.227207
    outer loop
      vertex -3.1391 99.05 0.493851
      vertex -3.17273 99.05 0.592941
      vertex -2.39839 99.85 0.801605
    endloop
  endfacet
  facet normal -0.392679 -0.707335 -0.587776
    outer loop
      vertex -2.39839 80.15 0.801605
      vertex -2.88701 80.95 0.165314
      vertex -2.79999 80.95 0.107178
    endloop
  endfacet
  facet normal 0.353579 -0.707108 0.612356
    outer loop
      vertex 1.64365 80.95 5.94211
      vertex 1.17577 80.15 5.28848
      vertex 1.22092 80.15 5.26241
    endloop
  endfacet
  facet normal 0.227272 -0.707109 0.669585
    outer loop
      vertex 0.877853 80.95 6.27411
      vertex 0.645569 80.15 5.50812
      vertex 0.89296 80.15 5.42415
    endloop
  endfacet
  facet normal -0.195071 0 -0.980789
    outer loop
      vertex -2.60706 80.95 0.0272675
      vertex -2.50441 99.05 0.0068512
      vertex -2.50441 80.95 0.0068512
    endloop
  endfacet
  facet normal -0.195071 0 -0.980789
    outer loop
      vertex -2.50441 99.05 0.0068512
      vertex -2.60706 80.95 0.0272675
      vertex -2.60706 99.05 0.0272675
    endloop
  endfacet
  facet normal 0.653215 0.707114 0.270739
    outer loop
      vertex 2.22415 99.85 4.09296
      vertex 2.20416 99.85 4.14119
      vertex 2.93323 99.05 4.47159
    endloop
  endfacet
  facet normal -0.258742 0 0.965947
    outer loop
      vertex -0.877853 99.05 6.27411
      vertex -0.776794 80.95 6.30118
      vertex -0.776794 99.05 6.30118
    endloop
  endfacet
  facet normal -0.258742 0 0.965947
    outer loop
      vertex -0.776794 80.95 6.30118
      vertex -0.877853 99.05 6.27411
      vertex -0.877853 80.95 6.27411
    endloop
  endfacet
  facet normal 0.466232 0.707106 0.531629
    outer loop
      vertex 2.22331 99.05 5.4973
      vertex 1.67612 99.85 4.91312
      vertex 1.9874 99.05 5.70419
    endloop
  endfacet
  facet normal 0.227285 0.707107 0.669583
    outer loop
      vertex 0.89296 99.85 5.42415
      vertex 0.877853 99.05 6.27411
      vertex 1.17487 99.05 6.17329
    endloop
  endfacet
  facet normal 0.0462416 0.707108 0.705591
    outer loop
      vertex 0.365433 99.05 6.37604
      vertex 0.0260773 99.85 5.59656
      vertex 0.0523224 99.05 6.39656
    endloop
  endfacet
  facet normal -0.0461376 0.707107 -0.705599
    outer loop
      vertex -2.37389 99.85 0.800003
      vertex -2.39999 99.05 0
      vertex -2.39839 99.85 0.801605
    endloop
  endfacet
  facet normal -0.182834 0.707116 0.683051
    outer loop
      vertex -0.645569 99.85 5.50812
      vertex -0.776794 99.05 6.30118
      vertex -0.59491 99.85 5.52168
    endloop
  endfacet
  facet normal 0.653273 0.707108 0.270616
    outer loop
      vertex 2.9733 99.05 4.37486
      vertex 2.22415 99.85 4.09296
      vertex 2.93323 99.05 4.47159
    endloop
  endfacet
  facet normal -0.270727 0.70711 0.653225
    outer loop
      vertex -0.941193 99.85 5.40416
      vertex -1.27159 99.05 6.13322
      vertex -0.89296 99.85 5.42415
    endloop
  endfacet
  facet normal 0.392836 0.70711 0.587942
    outer loop
      vertex 1.43813 99.85 5.11728
      vertex 1.22092 99.85 5.26241
      vertex 1.64365 99.05 5.94211
    endloop
  endfacet
  facet normal 0.430464 0.707108 0.560981
    outer loop
      vertex 1.9874 99.05 5.70419
      vertex 1.43813 99.85 5.11728
      vertex 1.90436 99.05 5.76791
    endloop
  endfacet
  facet normal 0.430527 0.707112 0.560928
    outer loop
      vertex 1.43813 99.85 5.11728
      vertex 1.9874 99.05 5.70419
      vertex 1.47964 99.85 5.08542
    endloop
  endfacet
  facet normal -0.653273 -0.707108 0.270616
    outer loop
      vertex -2.93323 80.95 4.47159
      vertex -2.9733 80.95 4.37486
      vertex -2.22415 80.15 4.09296
    endloop
  endfacet
  facet normal 0.793348 -0 0.608768
    outer loop
      vertex 2.5042 80.95 5.18739
      vertex 2.56792 99.05 5.10435
      vertex 2.5042 99.05 5.18739
    endloop
  endfacet
  facet normal 0.793348 0 0.608768
    outer loop
      vertex 2.56792 99.05 5.10435
      vertex 2.5042 80.95 5.18739
      vertex 2.56792 80.95 5.10435
    endloop
  endfacet
  facet normal -0.706726 0.707108 0.0231579
    outer loop
      vertex -2.39999 99.85 3.16084
      vertex -3.2 99.05 3.17375
      vertex -2.39914 99.85 3.18678
    endloop
  endfacet
  facet normal -0.312763 0.707105 0.634178
    outer loop
      vertex -1.17577 99.85 5.28848
      vertex -1.55307 99.05 5.9944
      vertex -1.27159 99.05 6.13322
    endloop
  endfacet
  facet normal 0.392846 0.707108 0.587938
    outer loop
      vertex 1.90436 99.05 5.76791
      vertex 1.43813 99.85 5.11728
      vertex 1.64365 99.05 5.94211
    endloop
  endfacet
  facet normal 0.923869 -0 0.382709
    outer loop
      vertex 2.93323 80.95 4.47159
      vertex 2.9733 99.05 4.37486
      vertex 2.93323 99.05 4.47159
    endloop
  endfacet
  facet normal 0.923869 0 0.382709
    outer loop
      vertex 2.9733 99.05 4.37486
      vertex 2.93323 80.95 4.47159
      vertex 2.9733 80.95 4.37486
    endloop
  endfacet
  facet normal -0.227285 0.707107 0.669583
    outer loop
      vertex -0.89296 99.85 5.42415
      vertex -1.17487 99.05 6.17329
      vertex -0.877853 99.05 6.27411
    endloop
  endfacet
  facet normal -0.137959 -0.70711 0.693515
    outer loop
      vertex -0.469193 80.95 6.36237
      vertex -0.776794 80.95 6.30118
      vertex -0.59491 80.15 5.52168
    endloop
  endfacet
  facet normal -0.0923595 -0.707115 0.701041
    outer loop
      vertex -0.365433 80.95 6.37604
      vertex -0.469193 80.95 6.36237
      vertex -0.338928 80.15 5.5726
    endloop
  endfacet
  facet normal -0.683025 -0.707109 0.182956
    outer loop
      vertex -3.07411 80.95 4.07785
      vertex -3.10118 80.95 3.97679
      vertex -2.30812 80.15 3.84557
    endloop
  endfacet
  facet normal 0.634186 -0.707114 0.312727
    outer loop
      vertex 2.93323 80.95 4.47159
      vertex 2.08849 80.15 4.37576
      vertex 2.20416 80.15 4.14119
    endloop
  endfacet
  facet normal -0.0923452 -0.707116 0.701042
    outer loop
      vertex -0.286926 80.15 5.57945
      vertex -0.365433 80.95 6.37604
      vertex -0.338928 80.15 5.5726
    endloop
  endfacet
  facet normal -0.0654712 0 -0.997854
    outer loop
      vertex -2.50441 80.95 0.0068512
      vertex -2.39999 99.05 0
      vertex -2.39999 80.95 0
    endloop
  endfacet
  facet normal -0.0654712 0 -0.997854
    outer loop
      vertex -2.39999 99.05 0
      vertex -2.50441 80.95 0.0068512
      vertex -2.50441 99.05 0.0068512
    endloop
  endfacet
  facet normal -0.195104 0 0.980783
    outer loop
      vertex -0.776794 99.05 6.30118
      vertex -0.469193 80.95 6.36237
      vertex -0.469193 99.05 6.36237
    endloop
  endfacet
  facet normal -0.195104 0 0.980783
    outer loop
      vertex -0.469193 80.95 6.36237
      vertex -0.776794 99.05 6.30118
      vertex -0.776794 80.95 6.30118
    endloop
  endfacet
  facet normal -0.499954 0 0.866052
    outer loop
      vertex -1.64365 99.05 5.94211
      vertex -1.55307 80.95 5.9944
      vertex -1.55307 99.05 5.9944
    endloop
  endfacet
  facet normal -0.499954 0 0.866052
    outer loop
      vertex -1.55307 80.95 5.9944
      vertex -1.64365 99.05 5.94211
      vertex -1.64365 80.95 5.94211
    endloop
  endfacet
  facet normal 0.531626 0.707109 0.466231
    outer loop
      vertex 2.5042 99.05 5.18739
      vertex 1.71312 99.85 4.87611
      vertex 2.2973 99.05 5.42331
    endloop
  endfacet
  facet normal -0.896848 0 0.442338
    outer loop
      vertex -2.93323 80.95 4.47159
      vertex -2.7944 99.05 4.75307
      vertex -2.93323 99.05 4.47159
    endloop
  endfacet
  facet normal -0.896848 0 0.442338
    outer loop
      vertex -2.7944 99.05 4.75307
      vertex -2.93323 80.95 4.47159
      vertex -2.7944 80.95 4.75307
    endloop
  endfacet
  facet normal 0.683008 0.707134 0.182925
    outer loop
      vertex 3.09496 99.05 4
      vertex 2.81739 99.3181 4
      vertex 3.07411 99.05 4.07785
    endloop
  endfacet
  facet normal -0.831494 0 -0.555533
    outer loop
      vertex -3.03468 80.95 0.312988
      vertex -3.09282 99.05 0.400009
      vertex -3.03468 99.05 0.312988
    endloop
  endfacet
  facet normal -0.831494 -0 -0.555533
    outer loop
      vertex -3.09282 99.05 0.400009
      vertex -3.03468 80.95 0.312988
      vertex -3.09282 80.95 0.400009
    endloop
  endfacet
  facet normal -0.896864 0 -0.442306
    outer loop
      vertex -3.09282 80.95 0.400009
      vertex -3.1391 99.05 0.493851
      vertex -3.09282 99.05 0.400009
    endloop
  endfacet
  facet normal -0.896864 -0 -0.442306
    outer loop
      vertex -3.1391 99.05 0.493851
      vertex -3.09282 80.95 0.400009
      vertex -3.1391 80.95 0.493851
    endloop
  endfacet
  facet normal -0.65939 0 -0.751801
    outer loop
      vertex -2.96568 80.95 0.234314
      vertex -2.88701 99.05 0.165314
      vertex -2.88701 80.95 0.165314
    endloop
  endfacet
  facet normal -0.65939 0 -0.751801
    outer loop
      vertex -2.88701 99.05 0.165314
      vertex -2.96568 80.95 0.234314
      vertex -2.96568 99.05 0.234314
    endloop
  endfacet
  facet normal -0.751817 0 -0.659371
    outer loop
      vertex -2.96568 80.95 0.234314
      vertex -3.03468 99.05 0.312988
      vertex -2.96568 99.05 0.234314
    endloop
  endfacet
  facet normal -0.751817 -0 -0.659371
    outer loop
      vertex -3.03468 99.05 0.312988
      vertex -2.96568 80.95 0.234314
      vertex -3.03468 80.95 0.312988
    endloop
  endfacet
  facet normal 0.312743 0.707109 0.634183
    outer loop
      vertex 1.17577 99.85 5.28848
      vertex 0.941193 99.85 5.40416
      vertex 1.27159 99.05 6.13322
    endloop
  endfacet
  facet normal -0.560978 0.707111 0.430462
    outer loop
      vertex -1.88542 99.85 4.67964
      vertex -2.56792 99.05 5.10435
      vertex -2.5042 99.05 5.18739
    endloop
  endfacet
  facet normal -0.560978 0.707111 0.430462
    outer loop
      vertex -2.56792 99.05 5.10435
      vertex -1.88542 99.85 4.67964
      vertex -1.91728 99.85 4.63812
    endloop
  endfacet
  facet normal -0.999454 0 0.0330351
    outer loop
      vertex -3.2 80.95 3.17375
      vertex -3.19827 99.05 3.22609
      vertex -3.2 99.05 3.17375
    endloop
  endfacet
  facet normal -0.999454 0 0.0330351
    outer loop
      vertex -3.19827 99.05 3.22609
      vertex -3.2 80.95 3.17375
      vertex -3.19827 80.95 3.22609
    endloop
  endfacet
  facet normal 0.65935 0 0.751836
    outer loop
      vertex 1.9874 99.05 5.70419
      vertex 2.22331 80.95 5.4973
      vertex 2.22331 99.05 5.4973
    endloop
  endfacet
  facet normal 0.65935 0 0.751836
    outer loop
      vertex 2.22331 80.95 5.4973
      vertex 1.9874 99.05 5.70419
      vertex 1.9874 80.95 5.70419
    endloop
  endfacet
  facet normal -0.531431 0.707351 -0.466085
    outer loop
      vertex -2.96568 99.05 0.234314
      vertex -3.03468 99.05 0.312988
      vertex -2.39839 99.85 0.801605
    endloop
  endfacet
  facet normal -0.705592 0.707105 -0.0462889
    outer loop
      vertex -3.19315 99.05 0.695587
      vertex -3.2 99.05 0.800003
      vertex -2.39839 99.85 0.801605
    endloop
  endfacet
  facet normal 0.0923452 0.707116 0.701042
    outer loop
      vertex 0.338928 99.85 5.5726
      vertex 0.286926 99.85 5.57945
      vertex 0.365433 99.05 6.37604
    endloop
  endfacet
  facet normal 0.896848 -0 0.442338
    outer loop
      vertex 2.7944 80.95 4.75307
      vertex 2.93323 99.05 4.47159
      vertex 2.7944 99.05 4.75307
    endloop
  endfacet
  facet normal 0.896848 0 0.442338
    outer loop
      vertex 2.93323 99.05 4.47159
      vertex 2.7944 80.95 4.75307
      vertex 2.93323 80.95 4.47159
    endloop
  endfacet
  facet normal -0.693443 0.707182 -0.137951
    outer loop
      vertex -3.17273 99.05 0.592941
      vertex -3.19315 99.05 0.695587
      vertex -2.39839 99.85 0.801605
    endloop
  endfacet
  facet normal -0.634005 0.7073 -0.312672
    outer loop
      vertex -3.09282 99.05 0.400009
      vertex -3.1391 99.05 0.493851
      vertex -2.39839 99.85 0.801605
    endloop
  endfacet
  facet normal -0.63417 0.707104 0.312782
    outer loop
      vertex -2.08849 99.85 4.37576
      vertex -2.93323 99.05 4.47159
      vertex -2.7944 99.05 4.75307
    endloop
  endfacet
  facet normal -0.587942 -0.70711 0.392836
    outer loop
      vertex -1.91728 80.15 4.63812
      vertex -2.74211 80.95 4.84364
      vertex -2.06241 80.15 4.42091
    endloop
  endfacet
  facet normal 0.353522 -0.707105 0.612393
    outer loop
      vertex 1.55307 80.95 5.9944
      vertex 1.17577 80.15 5.28848
      vertex 1.64365 80.95 5.94211
    endloop
  endfacet
  facet normal -0.634186 0.707114 0.312727
    outer loop
      vertex -2.20416 99.85 4.14119
      vertex -2.93323 99.05 4.47159
      vertex -2.08849 99.85 4.37576
    endloop
  endfacet
  facet normal -0.137959 0.70711 0.693515
    outer loop
      vertex -0.59491 99.85 5.52168
      vertex -0.776794 99.05 6.30118
      vertex -0.469193 99.05 6.36237
    endloop
  endfacet
  facet normal -0.466232 0.707106 0.531629
    outer loop
      vertex -1.67612 99.85 4.91312
      vertex -2.22331 99.05 5.4973
      vertex -1.9874 99.05 5.70419
    endloop
  endfacet
  facet normal -0.466213 0.707109 0.53164
    outer loop
      vertex -1.67612 99.85 4.91312
      vertex -1.9874 99.05 5.70419
      vertex -1.47964 99.85 5.08542
    endloop
  endfacet
  facet normal -0.182957 0.70711 0.683024
    outer loop
      vertex -0.645569 99.85 5.50812
      vertex -0.877853 99.05 6.27411
      vertex -0.776794 99.05 6.30118
    endloop
  endfacet
  facet normal -0.442313 0 0.896861
    outer loop
      vertex -1.55307 99.05 5.9944
      vertex -1.27159 80.95 6.13322
      vertex -1.27159 99.05 6.13322
    endloop
  endfacet
  facet normal -0.442313 0 0.896861
    outer loop
      vertex -1.27159 80.95 6.13322
      vertex -1.55307 99.05 5.9944
      vertex -1.55307 80.95 5.9944
    endloop
  endfacet
  facet normal -0.555568 0 0.831471
    outer loop
      vertex -1.90436 99.05 5.76791
      vertex -1.64365 80.95 5.94211
      vertex -1.64365 99.05 5.94211
    endloop
  endfacet
  facet normal -0.555568 0 0.831471
    outer loop
      vertex -1.64365 80.95 5.94211
      vertex -1.90436 99.05 5.76791
      vertex -1.90436 80.95 5.76791
    endloop
  endfacet
  facet normal 0.560978 0.707111 0.430462
    outer loop
      vertex 2.56792 99.05 5.10435
      vertex 1.88542 99.85 4.67964
      vertex 2.5042 99.05 5.18739
    endloop
  endfacet
  facet normal 0.560978 0.707111 0.430462
    outer loop
      vertex 1.88542 99.85 4.67964
      vertex 2.56792 99.05 5.10435
      vertex 1.91728 99.85 4.63812
    endloop
  endfacet
  facet normal 0.353579 0.707108 0.612356
    outer loop
      vertex 1.22092 99.85 5.26241
      vertex 1.17577 99.85 5.28848
      vertex 1.64365 99.05 5.94211
    endloop
  endfacet
  facet normal 0.634186 0.707114 0.312727
    outer loop
      vertex 2.20416 99.85 4.14119
      vertex 2.08849 99.85 4.37576
      vertex 2.93323 99.05 4.47159
    endloop
  endfacet
  facet normal -0.923869 0 0.382709
    outer loop
      vertex -2.9733 80.95 4.37486
      vertex -2.93323 99.05 4.47159
      vertex -2.9733 99.05 4.37486
    endloop
  endfacet
  facet normal -0.923869 0 0.382709
    outer loop
      vertex -2.93323 99.05 4.47159
      vertex -2.9733 80.95 4.37486
      vertex -2.93323 80.95 4.47159
    endloop
  endfacet
  facet normal 0.587945 0.707111 0.392828
    outer loop
      vertex 2.74211 99.05 4.84364
      vertex 1.91728 99.85 4.63812
      vertex 2.56792 99.05 5.10435
    endloop
  endfacet
  facet normal -0.707102 0.707111 0
    outer loop
      vertex -2.39999 99.85 0.826111
      vertex -3.2 99.05 3.17375
      vertex -2.39999 99.85 3.16084
    endloop
  endfacet
  facet normal -0.707102 0.707111 0
    outer loop
      vertex -3.2 99.05 3.17375
      vertex -2.39999 99.85 0.826111
      vertex -3.2 99.05 0.800003
    endloop
  endfacet
  facet normal -0.653215 0.707114 0.270739
    outer loop
      vertex -2.22415 99.85 4.09296
      vertex -2.93323 99.05 4.47159
      vertex -2.20416 99.85 4.14119
    endloop
  endfacet
  facet normal -0.5 0.707107 0.5
    outer loop
      vertex -1.67612 99.85 4.91312
      vertex -2.2973 99.05 5.42331
      vertex -2.22331 99.05 5.4973
    endloop
  endfacet
  facet normal -0.500064 0.707111 0.499929
    outer loop
      vertex -2.2973 99.05 5.42331
      vertex -1.67612 99.85 4.91312
      vertex -1.71312 99.85 4.87611
    endloop
  endfacet
  facet normal 0.5 0.707107 0.5
    outer loop
      vertex 2.2973 99.05 5.42331
      vertex 1.67612 99.85 4.91312
      vertex 2.22331 99.05 5.4973
    endloop
  endfacet
  facet normal 0.500064 0.707111 0.499929
    outer loop
      vertex 1.67612 99.85 4.91312
      vertex 2.2973 99.05 5.42331
      vertex 1.71312 99.85 4.87611
    endloop
  endfacet
  facet normal -0.653273 0.707108 0.270616
    outer loop
      vertex -2.22415 99.85 4.09296
      vertex -2.9733 99.05 4.37486
      vertex -2.93323 99.05 4.47159
    endloop
  endfacet
  facet normal -0.430464 0.707108 0.560981
    outer loop
      vertex -1.43813 99.85 5.11728
      vertex -1.9874 99.05 5.70419
      vertex -1.90436 99.05 5.76791
    endloop
  endfacet
  facet normal -0.430527 0.707112 0.560928
    outer loop
      vertex -1.9874 99.05 5.70419
      vertex -1.43813 99.85 5.11728
      vertex -1.47964 99.85 5.08542
    endloop
  endfacet
  facet normal -0.312743 0.707109 0.634183
    outer loop
      vertex -1.17577 99.85 5.28848
      vertex -1.27159 99.05 6.13322
      vertex -0.941193 99.85 5.40416
    endloop
  endfacet
  facet normal -0.392836 0.70711 0.587942
    outer loop
      vertex -1.43813 99.85 5.11728
      vertex -1.64365 99.05 5.94211
      vertex -1.22092 99.85 5.26241
    endloop
  endfacet
  facet normal -0.531628 0.70711 0.466227
    outer loop
      vertex -1.88542 99.85 4.67964
      vertex -2.5042 99.05 5.18739
      vertex -1.71312 99.85 4.87611
    endloop
  endfacet
  facet normal -0.705593 0.707106 0.0462607
    outer loop
      vertex -2.39914 99.85 3.18678
      vertex -3.17603 99.05 3.56544
      vertex -2.37946 99.85 3.48695
    endloop
  endfacet
  facet normal -0.137954 -0.70711 0.693515
    outer loop
      vertex -0.469193 80.95 6.36237
      vertex -0.59491 80.15 5.52168
      vertex -0.338928 80.15 5.5726
    endloop
  endfacet
  facet normal -0.587766 -0.707334 -0.392695
    outer loop
      vertex -2.39839 80.15 0.801605
      vertex -3.09282 80.95 0.400009
      vertex -3.03468 80.95 0.312988
    endloop
  endfacet
  facet normal 0.466213 0.707109 0.53164
    outer loop
      vertex 1.67612 99.85 4.91312
      vertex 1.47964 99.85 5.08542
      vertex 1.9874 99.05 5.70419
    endloop
  endfacet
  facet normal -0.751834 0 0.659353
    outer loop
      vertex -2.5042 80.95 5.18739
      vertex -2.2973 99.05 5.42331
      vertex -2.5042 99.05 5.18739
    endloop
  endfacet
  facet normal -0.751834 0 0.659353
    outer loop
      vertex -2.2973 99.05 5.42331
      vertex -2.5042 80.95 5.18739
      vertex -2.2973 80.95 5.42331
    endloop
  endfacet
  facet normal -0.693524 0.707105 0.137941
    outer loop
      vertex -2.37263 99.85 3.5388
      vertex -3.10118 99.05 3.97679
      vertex -2.32169 99.85 3.79491
    endloop
  endfacet
  facet normal -0.608768 0 0.793348
    outer loop
      vertex -1.9874 99.05 5.70419
      vertex -1.90436 80.95 5.76791
      vertex -1.90436 99.05 5.76791
    endloop
  endfacet
  facet normal -0.608768 0 0.793348
    outer loop
      vertex -1.90436 80.95 5.76791
      vertex -1.9874 99.05 5.70419
      vertex -1.9874 80.95 5.70419
    endloop
  endfacet
  facet normal -0.612378 0.707103 0.353552
    outer loop
      vertex -2.08849 99.85 4.37576
      vertex -2.7944 99.05 4.75307
      vertex -2.74211 99.05 4.84364
    endloop
  endfacet
  facet normal -0.587942 0.70711 0.392836
    outer loop
      vertex -2.06241 99.85 4.42091
      vertex -2.74211 99.05 4.84364
      vertex -1.91728 99.85 4.63812
    endloop
  endfacet
  facet normal -0.612295 0.70711 0.35368
    outer loop
      vertex -2.08849 99.85 4.37576
      vertex -2.74211 99.05 4.84364
      vertex -2.06241 99.85 4.42091
    endloop
  endfacet
  facet normal 0.531628 0.70711 0.466227
    outer loop
      vertex 1.88542 99.85 4.67964
      vertex 1.71312 99.85 4.87611
      vertex 2.5042 99.05 5.18739
    endloop
  endfacet
  facet normal -0.353579 0.707108 0.612356
    outer loop
      vertex -1.22092 99.85 5.26241
      vertex -1.64365 99.05 5.94211
      vertex -1.17577 99.85 5.28848
    endloop
  endfacet
  facet normal -0.991444 0 0.130536
    outer loop
      vertex -3.17603 80.95 3.56544
      vertex -3.16237 99.05 3.66919
      vertex -3.17603 99.05 3.56544
    endloop
  endfacet
  facet normal -0.991444 0 0.130536
    outer loop
      vertex -3.16237 99.05 3.66919
      vertex -3.17603 80.95 3.56544
      vertex -3.16237 80.95 3.66919
    endloop
  endfacet
  facet normal 0.227272 0.707109 0.669585
    outer loop
      vertex 0.89296 99.85 5.42415
      vertex 0.645569 99.85 5.50812
      vertex 0.877853 99.05 6.27411
    endloop
  endfacet
  facet normal 0.0923595 0.707115 0.701041
    outer loop
      vertex 0.469193 99.05 6.36237
      vertex 0.338928 99.85 5.5726
      vertex 0.365433 99.05 6.37604
    endloop
  endfacet
  facet normal -0.701055 0.707108 0.0923028
    outer loop
      vertex -2.37263 99.85 3.5388
      vertex -3.17603 99.05 3.56544
      vertex -3.16237 99.05 3.66919
    endloop
  endfacet
  facet normal -0.693517 0.707108 0.137959
    outer loop
      vertex -2.37263 99.85 3.5388
      vertex -3.16237 99.05 3.66919
      vertex -3.10118 99.05 3.97679
    endloop
  endfacet
  facet normal -0.701051 0.707106 0.0923468
    outer loop
      vertex -2.37946 99.85 3.48695
      vertex -3.17603 99.05 3.56544
      vertex -2.37263 99.85 3.5388
    endloop
  endfacet
  facet normal -0.683025 0.707109 0.182956
    outer loop
      vertex -2.30812 99.85 3.84557
      vertex -3.10118 99.05 3.97679
      vertex -3.07411 99.05 4.07785
    endloop
  endfacet
  facet normal -0.683025 0.707109 0.182958
    outer loop
      vertex -2.32169 99.85 3.79491
      vertex -3.10118 99.05 3.97679
      vertex -2.30812 99.85 3.84557
    endloop
  endfacet
  facet normal 0 1 -0
    outer loop
      vertex 6.7 99.85 0
      vertex 2.2557 99.85 4
      vertex 6.7 99.85 4
    endloop
  endfacet
  facet normal 0 1 0
    outer loop
      vertex 2.2557 99.85 4
      vertex 0.733841 99.85 3.76309
      vertex 0.654068 99.85 3.85407
    endloop
  endfacet
  facet normal 0 1 0
    outer loop
      vertex 2.2557 99.85 4
      vertex 0.801071 99.85 3.66249
      vertex 0.733841 99.85 3.76309
    endloop
  endfacet
  facet normal 0 1 0
    outer loop
      vertex 2.2557 99.85 4
      vertex 0.854584 99.85 3.55397
      vertex 0.801071 99.85 3.66249
    endloop
  endfacet
  facet normal 0 1 0
    outer loop
      vertex 2.2557 99.85 4
      vertex 0.893478 99.85 3.43939
      vertex 0.854584 99.85 3.55397
    endloop
  endfacet
  facet normal 0 1 0
    outer loop
      vertex 2.2557 99.85 4
      vertex 0.917084 99.85 3.32073
      vertex 0.893478 99.85 3.43939
    endloop
  endfacet
  facet normal 0 1 0
    outer loop
      vertex 2.2557 99.85 4
      vertex 0.924988 99.85 3.2
      vertex 0.917084 99.85 3.32073
    endloop
  endfacet
  facet normal 0 1 0
    outer loop
      vertex 2.2557 99.85 4
      vertex 0.917084 99.85 3.07927
      vertex 0.924988 99.85 3.2
    endloop
  endfacet
  facet normal 0 1 0
    outer loop
      vertex 2.2557 99.85 4
      vertex 0.893478 99.85 2.9606
      vertex 0.917084 99.85 3.07927
    endloop
  endfacet
  facet normal 0 1 0
    outer loop
      vertex 1 99.85 0
      vertex 2.2557 99.85 4
      vertex 6.7 99.85 0
    endloop
  endfacet
  facet normal 0 1 0
    outer loop
      vertex 2.2557 99.85 4
      vertex 0.854584 99.85 2.84603
      vertex 0.893478 99.85 2.9606
    endloop
  endfacet
  facet normal -0 1 0
    outer loop
      vertex 0.801071 99.85 2.73751
      vertex 2.2557 99.85 4
      vertex 1 99.85 0
    endloop
  endfacet
  facet normal 0 1 0
    outer loop
      vertex 2.2557 99.85 4
      vertex 0.801071 99.85 2.73751
      vertex 0.854584 99.85 2.84603
    endloop
  endfacet
  facet normal 0 1 0
    outer loop
      vertex 0.801071 99.85 2.73751
      vertex 1 99.85 0
      vertex 0.733841 99.85 2.6369
    endloop
  endfacet
  facet normal 0 1 0
    outer loop
      vertex 0.733841 99.85 2.6369
      vertex 1 99.85 0
      vertex 0.654068 99.85 2.54593
    endloop
  endfacet
  facet normal 0 1 0
    outer loop
      vertex 0.654068 99.85 2.54593
      vertex 1 99.85 0
      vertex 0.563095 99.85 2.46616
    endloop
  endfacet
  facet normal 0 1 0
    outer loop
      vertex 0.563095 99.85 2.46616
      vertex 0.199997 99.85 0.800003
      vertex 0.462494 99.85 2.39893
    endloop
  endfacet
  facet normal 0 1 0
    outer loop
      vertex 0.199997 99.85 0.800003
      vertex 0 99.85 2.27501
      vertex 0.120728 99.85 2.28292
    endloop
  endfacet
  facet normal 0 1 -0
    outer loop
      vertex 0.199997 99.85 0.800003
      vertex 0.120728 99.85 2.28292
      vertex 0.239395 99.85 2.30652
    endloop
  endfacet
  facet normal 0 1 0
    outer loop
      vertex 0.462494 99.85 2.39893
      vertex 0.199997 99.85 0.800003
      vertex 0.353973 99.85 2.34542
    endloop
  endfacet
  facet normal 0 1 0
    outer loop
      vertex 0 99.85 2.27501
      vertex 0.199997 99.85 0.800003
      vertex -2.37389 99.85 0.800003
    endloop
  endfacet
  facet normal 0 1 0
    outer loop
      vertex 0 99.85 2.27501
      vertex -2.37389 99.85 0.800003
      vertex -2.39999 99.85 0.826111
    endloop
  endfacet
  facet normal -0 1 0
    outer loop
      vertex 0.199997 99.85 0.800003
      vertex 0.563095 99.85 2.46616
      vertex 1 99.85 0
    endloop
  endfacet
  facet normal 0 1 0
    outer loop
      vertex 0.353973 99.85 2.34542
      vertex 0.199997 99.85 0.800003
      vertex 0.239395 99.85 2.30652
    endloop
  endfacet
  facet normal 0 1 0
    outer loop
      vertex 0 99.85 4.50814
      vertex 0.0260773 99.85 5.59656
      vertex 0.286926 99.85 5.57945
    endloop
  endfacet
  facet normal 0 1 0
    outer loop
      vertex 0.0260773 99.85 5.59656
      vertex 0 99.85 4.50814
      vertex -0.0260773 99.85 5.59656
    endloop
  endfacet
  facet normal 0 1 0
    outer loop
      vertex 0 99.85 4.50814
      vertex 0.286926 99.85 5.57945
      vertex 0.338928 99.85 5.5726
    endloop
  endfacet
  facet normal 0 1 0
    outer loop
      vertex -0.0260773 99.85 5.59656
      vertex 0 99.85 4.50814
      vertex -0.286926 99.85 5.57945
    endloop
  endfacet
  facet normal 0 1 0
    outer loop
      vertex 0 99.85 4.50814
      vertex 0.338928 99.85 5.5726
      vertex 0.59491 99.85 5.52168
    endloop
  endfacet
  facet normal 0 1 0
    outer loop
      vertex -0.286926 99.85 5.57945
      vertex 0 99.85 4.50814
      vertex -0.338928 99.85 5.5726
    endloop
  endfacet
  facet normal 0 1 0
    outer loop
      vertex 0 99.85 4.50814
      vertex 0.59491 99.85 5.52168
      vertex 0.645569 99.85 5.50812
    endloop
  endfacet
  facet normal 0 1 0
    outer loop
      vertex -0.338928 99.85 5.5726
      vertex 0 99.85 4.50814
      vertex -0.59491 99.85 5.52168
    endloop
  endfacet
  facet normal 0 1 0
    outer loop
      vertex 0 99.85 4.50814
      vertex 0.645569 99.85 5.50812
      vertex 0.89296 99.85 5.42415
    endloop
  endfacet
  facet normal 0 1 0
    outer loop
      vertex -0.59491 99.85 5.52168
      vertex 0 99.85 4.50814
      vertex -0.645569 99.85 5.50812
    endloop
  endfacet
  facet normal 0 1 0
    outer loop
      vertex 0 99.85 4.50814
      vertex 0.89296 99.85 5.42415
      vertex 0.941193 99.85 5.40416
    endloop
  endfacet
  facet normal 0 1 0
    outer loop
      vertex -0.645569 99.85 5.50812
      vertex 0 99.85 4.50814
      vertex -0.89296 99.85 5.42415
    endloop
  endfacet
  facet normal 0 1 0
    outer loop
      vertex 0 99.85 4.50814
      vertex 0.941193 99.85 5.40416
      vertex 1.17577 99.85 5.28848
    endloop
  endfacet
  facet normal 0 1 0
    outer loop
      vertex -0.89296 99.85 5.42415
      vertex 0 99.85 4.50814
      vertex -0.941193 99.85 5.40416
    endloop
  endfacet
  facet normal 0 1 0
    outer loop
      vertex 0.654068 99.85 3.85407
      vertex 1.17577 99.85 5.28848
      vertex 1.22092 99.85 5.26241
    endloop
  endfacet
  facet normal 0 1 0
    outer loop
      vertex -0.941193 99.85 5.40416
      vertex 0 99.85 4.50814
      vertex -1.17577 99.85 5.28848
    endloop
  endfacet
  facet normal 0 1 0
    outer loop
      vertex 0.654068 99.85 3.85407
      vertex 1.22092 99.85 5.26241
      vertex 1.43813 99.85 5.11728
    endloop
  endfacet
  facet normal 0 1 -0
    outer loop
      vertex -0.654068 99.85 3.85407
      vertex -1.17577 99.85 5.28848
      vertex 0 99.85 4.50814
    endloop
  endfacet
  facet normal 0 1 0
    outer loop
      vertex 0.654068 99.85 3.85407
      vertex 1.43813 99.85 5.11728
      vertex 1.47964 99.85 5.08542
    endloop
  endfacet
  facet normal 0 1 0
    outer loop
      vertex -1.17577 99.85 5.28848
      vertex -0.654068 99.85 3.85407
      vertex -1.22092 99.85 5.26241
    endloop
  endfacet
  facet normal 0 1 0
    outer loop
      vertex 0.654068 99.85 3.85407
      vertex 1.47964 99.85 5.08542
      vertex 1.67612 99.85 4.91312
    endloop
  endfacet
  facet normal 0 1 0
    outer loop
      vertex -1.22092 99.85 5.26241
      vertex -0.654068 99.85 3.85407
      vertex -1.43813 99.85 5.11728
    endloop
  endfacet
  facet normal 0 1 0
    outer loop
      vertex 0.654068 99.85 3.85407
      vertex 1.67612 99.85 4.91312
      vertex 1.71312 99.85 4.87611
    endloop
  endfacet
  facet normal 0 1 0
    outer loop
      vertex -1.43813 99.85 5.11728
      vertex -0.654068 99.85 3.85407
      vertex -1.47964 99.85 5.08542
    endloop
  endfacet
  facet normal 0 1 0
    outer loop
      vertex 0.654068 99.85 3.85407
      vertex 1.71312 99.85 4.87611
      vertex 1.88542 99.85 4.67964
    endloop
  endfacet
  facet normal 0 1 0
    outer loop
      vertex -1.47964 99.85 5.08542
      vertex -0.654068 99.85 3.85407
      vertex -1.67612 99.85 4.91312
    endloop
  endfacet
  facet normal 0 1 0
    outer loop
      vertex 0.654068 99.85 3.85407
      vertex 1.88542 99.85 4.67964
      vertex 1.91728 99.85 4.63812
    endloop
  endfacet
  facet normal 0 1 0
    outer loop
      vertex -1.67612 99.85 4.91312
      vertex -0.654068 99.85 3.85407
      vertex -1.71312 99.85 4.87611
    endloop
  endfacet
  facet normal 0 1 0
    outer loop
      vertex -1.71312 99.85 4.87611
      vertex -0.654068 99.85 3.85407
      vertex -1.88542 99.85 4.67964
    endloop
  endfacet
  facet normal 0 1 0
    outer loop
      vertex 0.654068 99.85 3.85407
      vertex 1.91728 99.85 4.63812
      vertex 2.06241 99.85 4.42091
    endloop
  endfacet
  facet normal 0 1 0
    outer loop
      vertex 0.654068 99.85 3.85407
      vertex 2.06241 99.85 4.42091
      vertex 2.08849 99.85 4.37576
    endloop
  endfacet
  facet normal 0 1 0
    outer loop
      vertex 0.654068 99.85 3.85407
      vertex 2.08849 99.85 4.37576
      vertex 2.20416 99.85 4.14119
    endloop
  endfacet
  facet normal 0 1 0
    outer loop
      vertex 0.654068 99.85 3.85407
      vertex 2.20416 99.85 4.14119
      vertex 2.22415 99.85 4.09296
    endloop
  endfacet
  facet normal 0 1 0
    outer loop
      vertex 0.654068 99.85 3.85407
      vertex 2.22415 99.85 4.09296
      vertex 2.2557 99.85 4
    endloop
  endfacet
  facet normal 0 1 0
    outer loop
      vertex 1.17577 99.85 5.28848
      vertex 0.654068 99.85 3.85407
      vertex 0 99.85 4.50814
    endloop
  endfacet
  facet normal 0 1 -0
    outer loop
      vertex -0.733841 99.85 3.76309
      vertex -1.88542 99.85 4.67964
      vertex -0.654068 99.85 3.85407
    endloop
  endfacet
  facet normal 0 1 0
    outer loop
      vertex -1.88542 99.85 4.67964
      vertex -0.733841 99.85 3.76309
      vertex -1.91728 99.85 4.63812
    endloop
  endfacet
  facet normal 0 1 0
    outer loop
      vertex -1.91728 99.85 4.63812
      vertex -0.733841 99.85 3.76309
      vertex -2.06241 99.85 4.42091
    endloop
  endfacet
  facet normal 0 1 -0
    outer loop
      vertex -0.801071 99.85 3.66249
      vertex -2.06241 99.85 4.42091
      vertex -0.733841 99.85 3.76309
    endloop
  endfacet
  facet normal 0 1 0
    outer loop
      vertex -2.06241 99.85 4.42091
      vertex -0.801071 99.85 3.66249
      vertex -2.08849 99.85 4.37576
    endloop
  endfacet
  facet normal 0 1 0
    outer loop
      vertex -2.08849 99.85 4.37576
      vertex -0.801071 99.85 3.66249
      vertex -2.20416 99.85 4.14119
    endloop
  endfacet
  facet normal 0 1 -0
    outer loop
      vertex -0.854584 99.85 3.55397
      vertex -2.20416 99.85 4.14119
      vertex -0.801071 99.85 3.66249
    endloop
  endfacet
  facet normal 0 1 0
    outer loop
      vertex -2.20416 99.85 4.14119
      vertex -0.854584 99.85 3.55397
      vertex -2.22415 99.85 4.09296
    endloop
  endfacet
  facet normal 0 1 0
    outer loop
      vertex -2.22415 99.85 4.09296
      vertex -0.854584 99.85 3.55397
      vertex -2.30812 99.85 3.84557
    endloop
  endfacet
  facet normal 0 1 -0
    outer loop
      vertex -0.893478 99.85 3.43939
      vertex -2.30812 99.85 3.84557
      vertex -0.854584 99.85 3.55397
    endloop
  endfacet
  facet normal 0 1 0
    outer loop
      vertex -2.30812 99.85 3.84557
      vertex -0.893478 99.85 3.43939
      vertex -2.32169 99.85 3.79491
    endloop
  endfacet
  facet normal 0 1 0
    outer loop
      vertex -2.32169 99.85 3.79491
      vertex -0.893478 99.85 3.43939
      vertex -2.37263 99.85 3.5388
    endloop
  endfacet
  facet normal 0 1 -0
    outer loop
      vertex -0.917084 99.85 3.32073
      vertex -2.37263 99.85 3.5388
      vertex -0.893478 99.85 3.43939
    endloop
  endfacet
  facet normal 0 1 0
    outer loop
      vertex -2.37263 99.85 3.5388
      vertex -0.917084 99.85 3.32073
      vertex -2.37946 99.85 3.48695
    endloop
  endfacet
  facet normal 0 1 -0
    outer loop
      vertex -0.924988 99.85 3.2
      vertex -2.37946 99.85 3.48695
      vertex -0.917084 99.85 3.32073
    endloop
  endfacet
  facet normal 0 1 0
    outer loop
      vertex -0.924988 99.85 3.2
      vertex -2.39914 99.85 3.18678
      vertex -2.37946 99.85 3.48695
    endloop
  endfacet
  facet normal 0 1 0
    outer loop
      vertex -0.924988 99.85 3.2
      vertex -2.39999 99.85 3.16084
      vertex -2.39914 99.85 3.18678
    endloop
  endfacet
  facet normal 0 1 0
    outer loop
      vertex -0.917084 99.85 3.07927
      vertex -2.39999 99.85 3.16084
      vertex -0.924988 99.85 3.2
    endloop
  endfacet
  facet normal 0 1 0
    outer loop
      vertex -0.893478 99.85 2.9606
      vertex -2.39999 99.85 3.16084
      vertex -0.917084 99.85 3.07927
    endloop
  endfacet
  facet normal 0 1 0
    outer loop
      vertex -0.854584 99.85 2.84603
      vertex -2.39999 99.85 3.16084
      vertex -0.893478 99.85 2.9606
    endloop
  endfacet
  facet normal 0 1 0
    outer loop
      vertex -0.801071 99.85 2.73751
      vertex -2.39999 99.85 3.16084
      vertex -0.854584 99.85 2.84603
    endloop
  endfacet
  facet normal 0 1 0
    outer loop
      vertex -2.39999 99.85 0.826111
      vertex -0.801071 99.85 2.73751
      vertex -0.733841 99.85 2.6369
    endloop
  endfacet
  facet normal 0 1 0
    outer loop
      vertex -2.39999 99.85 0.826111
      vertex -0.733841 99.85 2.6369
      vertex -0.654068 99.85 2.54593
    endloop
  endfacet
  facet normal 0 1 0
    outer loop
      vertex -2.39999 99.85 0.826111
      vertex -0.654068 99.85 2.54593
      vertex -0.563095 99.85 2.46616
    endloop
  endfacet
  facet normal 0 1 0
    outer loop
      vertex -2.39999 99.85 0.826111
      vertex -0.563095 99.85 2.46616
      vertex -0.462494 99.85 2.39893
    endloop
  endfacet
  facet normal 0 1 0
    outer loop
      vertex -2.39999 99.85 0.826111
      vertex -0.462494 99.85 2.39893
      vertex -0.353973 99.85 2.34542
    endloop
  endfacet
  facet normal 0 1 0
    outer loop
      vertex -0.801071 99.85 2.73751
      vertex -2.39999 99.85 0.826111
      vertex -2.39999 99.85 3.16084
    endloop
  endfacet
  facet normal 0 1 0
    outer loop
      vertex -0.239395 99.85 2.30652
      vertex -2.39999 99.85 0.826111
      vertex -0.353973 99.85 2.34542
    endloop
  endfacet
  facet normal 0 1 0
    outer loop
      vertex -0.120728 99.85 2.28292
      vertex -2.39999 99.85 0.826111
      vertex -0.239395 99.85 2.30652
    endloop
  endfacet
  facet normal 0 1 0
    outer loop
      vertex -2.39999 99.85 0.826111
      vertex -0.120728 99.85 2.28292
      vertex 0 99.85 2.27501
    endloop
  endfacet
  facet normal 0 1 0
    outer loop
      vertex -2.39999 99.85 0.826111
      vertex -2.37389 99.85 0.800003
      vertex -2.39839 99.85 0.801605
    endloop
  endfacet
  facet normal -0.312679 -0.7073 -0.634002
    outer loop
      vertex -2.39839 80.15 0.801605
      vertex -2.79999 80.95 0.107178
      vertex -2.70615 80.95 0.0608978
    endloop
  endfacet
  facet normal -0.531431 -0.707351 -0.466085
    outer loop
      vertex -2.39839 80.15 0.801605
      vertex -3.03468 80.95 0.312988
      vertex -2.96568 80.95 0.234314
    endloop
  endfacet
  facet normal -0.693524 -0.707105 0.137941
    outer loop
      vertex -2.32169 80.15 3.79491
      vertex -3.10118 80.95 3.97679
      vertex -2.37263 80.15 3.5388
    endloop
  endfacet
  facet normal -0.693443 -0.707182 -0.137951
    outer loop
      vertex -2.39839 80.15 0.801605
      vertex -3.19315 80.95 0.695587
      vertex -3.17273 80.95 0.592941
    endloop
  endfacet
  facet normal -0.669459 -0.707249 -0.227207
    outer loop
      vertex -2.39839 80.15 0.801605
      vertex -3.17273 80.95 0.592941
      vertex -3.1391 80.95 0.493851
    endloop
  endfacet
  facet normal 0.0923595 -0.707115 0.701041
    outer loop
      vertex 0.365433 80.95 6.37604
      vertex 0.338928 80.15 5.5726
      vertex 0.469193 80.95 6.36237
    endloop
  endfacet
  facet normal 0.270641 -0.707105 0.653266
    outer loop
      vertex 1.17487 80.95 6.17329
      vertex 0.89296 80.15 5.42415
      vertex 1.27159 80.95 6.13322
    endloop
  endfacet
  facet normal 0.0462816 -0.707116 0.705582
    outer loop
      vertex 0.365433 80.95 6.37604
      vertex 0.0260773 80.15 5.59656
      vertex 0.286926 80.15 5.57945
    endloop
  endfacet
  facet normal -0.705599 -0.707112 -0.0460687
    outer loop
      vertex -2.39999 80.15 0.826111
      vertex -3.2 80.95 0.800003
      vertex -2.39839 80.15 0.801605
    endloop
  endfacet
  facet normal -0.669585 -0.707108 0.227273
    outer loop
      vertex -2.22415 80.15 4.09296
      vertex -3.07411 80.95 4.07785
      vertex -2.30812 80.15 3.84557
    endloop
  endfacet
  facet normal -0.531626 -0.707109 0.466231
    outer loop
      vertex -2.2973 80.95 5.42331
      vertex -2.5042 80.95 5.18739
      vertex -1.71312 80.15 4.87611
    endloop
  endfacet
  facet normal 0 -0.707108 -0.707105
    outer loop
      vertex -2.39999 80.95 0
      vertex 0.199997 80.15 0.800003
      vertex -2.37389 80.15 0.800003
    endloop
  endfacet
  facet normal 0 -0.707108 -0.707105
    outer loop
      vertex 0.199997 80.15 0.800003
      vertex -2.39999 80.95 0
      vertex 1 80.95 0
    endloop
  endfacet
  facet normal -0.466213 -0.707109 0.53164
    outer loop
      vertex -1.47964 80.15 5.08542
      vertex -1.9874 80.95 5.70419
      vertex -1.67612 80.15 4.91312
    endloop
  endfacet
  facet normal 0.531628 -0.70711 0.466227
    outer loop
      vertex 2.5042 80.95 5.18739
      vertex 1.71312 80.15 4.87611
      vertex 1.88542 80.15 4.67964
    endloop
  endfacet
  facet normal 0.270727 -0.70711 0.653225
    outer loop
      vertex 1.27159 80.95 6.13322
      vertex 0.89296 80.15 5.42415
      vertex 0.941193 80.15 5.40416
    endloop
  endfacet
  facet normal 0.5 -0.707107 0.5
    outer loop
      vertex 1.67612 80.15 4.91312
      vertex 2.2973 80.95 5.42331
      vertex 2.22331 80.95 5.4973
    endloop
  endfacet
  facet normal 0.500064 -0.707111 0.499929
    outer loop
      vertex 2.2973 80.95 5.42331
      vertex 1.67612 80.15 4.91312
      vertex 1.71312 80.15 4.87611
    endloop
  endfacet
  facet normal 0.669599 -0.707101 0.227257
    outer loop
      vertex 2.81739 80.6819 4
      vertex 2.22415 80.15 4.09296
      vertex 2.2557 80.15 4
    endloop
  endfacet
  facet normal 0.669609 -0.707136 0.227119
    outer loop
      vertex 2.22415 80.15 4.09296
      vertex 2.81739 80.6819 4
      vertex 3.07411 80.95 4.07785
    endloop
  endfacet
  facet normal 0.683008 -0.707134 0.182925
    outer loop
      vertex 3.07411 80.95 4.07785
      vertex 2.81739 80.6819 4
      vertex 3.09496 80.95 4
    endloop
  endfacet
  facet normal -0.705597 -0.707102 0.0462428
    outer loop
      vertex -3.17603 80.95 3.56544
      vertex -3.19827 80.95 3.22609
      vertex -2.39914 80.15 3.18678
    endloop
  endfacet
  facet normal 0.182957 -0.70711 0.683024
    outer loop
      vertex 0.776794 80.95 6.30118
      vertex 0.645569 80.15 5.50812
      vertex 0.877853 80.95 6.27411
    endloop
  endfacet
  facet normal 0.312743 -0.707109 0.634183
    outer loop
      vertex 1.27159 80.95 6.13322
      vertex 0.941193 80.15 5.40416
      vertex 1.17577 80.15 5.28848
    endloop
  endfacet
  facet normal 0.531626 -0.707109 0.466231
    outer loop
      vertex 2.2973 80.95 5.42331
      vertex 1.71312 80.15 4.87611
      vertex 2.5042 80.95 5.18739
    endloop
  endfacet
  facet normal 0.669586 -0.707109 0.227268
    outer loop
      vertex 2.9733 80.95 4.37486
      vertex 2.22415 80.15 4.09296
      vertex 3.07411 80.95 4.07785
    endloop
  endfacet
  facet normal 0.653273 -0.707108 0.270616
    outer loop
      vertex 2.93323 80.95 4.47159
      vertex 2.22415 80.15 4.09296
      vertex 2.9733 80.95 4.37486
    endloop
  endfacet
  facet normal 0.0923452 -0.707116 0.701042
    outer loop
      vertex 0.365433 80.95 6.37604
      vertex 0.286926 80.15 5.57945
      vertex 0.338928 80.15 5.5726
    endloop
  endfacet
  facet normal -0.353579 -0.707108 0.612356
    outer loop
      vertex -1.17577 80.15 5.28848
      vertex -1.64365 80.95 5.94211
      vertex -1.22092 80.15 5.26241
    endloop
  endfacet
  facet normal -0.693517 -0.707108 0.137959
    outer loop
      vertex -3.10118 80.95 3.97679
      vertex -3.16237 80.95 3.66919
      vertex -2.37263 80.15 3.5388
    endloop
  endfacet
  facet normal -0.701055 -0.707108 0.0923028
    outer loop
      vertex -3.16237 80.95 3.66919
      vertex -3.17603 80.95 3.56544
      vertex -2.37263 80.15 3.5388
    endloop
  endfacet
  facet normal -0.587945 -0.707111 0.392828
    outer loop
      vertex -2.56792 80.95 5.10435
      vertex -2.74211 80.95 4.84364
      vertex -1.91728 80.15 4.63812
    endloop
  endfacet
  facet normal -0.227272 -0.707109 0.669585
    outer loop
      vertex -0.877853 80.95 6.27411
      vertex -0.89296 80.15 5.42415
      vertex -0.645569 80.15 5.50812
    endloop
  endfacet
  facet normal -0.312743 -0.707109 0.634183
    outer loop
      vertex -0.941193 80.15 5.40416
      vertex -1.27159 80.95 6.13322
      vertex -1.17577 80.15 5.28848
    endloop
  endfacet
  facet normal -0.182834 -0.707116 0.683051
    outer loop
      vertex -0.59491 80.15 5.52168
      vertex -0.776794 80.95 6.30118
      vertex -0.645569 80.15 5.50812
    endloop
  endfacet
  facet normal -0.182957 -0.70711 0.683024
    outer loop
      vertex -0.776794 80.95 6.30118
      vertex -0.877853 80.95 6.27411
      vertex -0.645569 80.15 5.50812
    endloop
  endfacet
  facet normal 0.137954 -0.70711 0.693515
    outer loop
      vertex 0.469193 80.95 6.36237
      vertex 0.338928 80.15 5.5726
      vertex 0.59491 80.15 5.52168
    endloop
  endfacet
  facet normal 0.430464 -0.707108 0.560981
    outer loop
      vertex 1.43813 80.15 5.11728
      vertex 1.9874 80.95 5.70419
      vertex 1.90436 80.95 5.76791
    endloop
  endfacet
  facet normal 0.430527 -0.707112 0.560928
    outer loop
      vertex 1.9874 80.95 5.70419
      vertex 1.43813 80.15 5.11728
      vertex 1.47964 80.15 5.08542
    endloop
  endfacet
  facet normal 0.392846 -0.707108 0.587938
    outer loop
      vertex 1.64365 80.95 5.94211
      vertex 1.43813 80.15 5.11728
      vertex 1.90436 80.95 5.76791
    endloop
  endfacet
  facet normal -0.707102 -0.707111 0
    outer loop
      vertex -3.2 80.95 3.17375
      vertex -2.39999 80.15 0.826111
      vertex -2.39999 80.15 3.16084
    endloop
  endfacet
  facet normal -0.707102 -0.707111 0
    outer loop
      vertex -2.39999 80.15 0.826111
      vertex -3.2 80.95 3.17375
      vertex -3.2 80.95 0.800003
    endloop
  endfacet
  facet normal 0.560978 -0.707111 0.430462
    outer loop
      vertex 1.88542 80.15 4.67964
      vertex 2.56792 80.95 5.10435
      vertex 2.5042 80.95 5.18739
    endloop
  endfacet
  facet normal 0.560978 -0.707111 0.430462
    outer loop
      vertex 2.56792 80.95 5.10435
      vertex 1.88542 80.15 4.67964
      vertex 1.91728 80.15 4.63812
    endloop
  endfacet
  facet normal 0.653215 -0.707114 0.270739
    outer loop
      vertex 2.93323 80.95 4.47159
      vertex 2.20416 80.15 4.14119
      vertex 2.22415 80.15 4.09296
    endloop
  endfacet
  facet normal -0.701051 -0.707106 0.0923468
    outer loop
      vertex -2.37263 80.15 3.5388
      vertex -3.17603 80.95 3.56544
      vertex -2.37946 80.15 3.48695
    endloop
  endfacet
  facet normal -0.612378 -0.707103 0.353552
    outer loop
      vertex -2.74211 80.95 4.84364
      vertex -2.7944 80.95 4.75307
      vertex -2.08849 80.15 4.37576
    endloop
  endfacet
  facet normal -0.63417 -0.707104 0.312782
    outer loop
      vertex -2.7944 80.95 4.75307
      vertex -2.93323 80.95 4.47159
      vertex -2.08849 80.15 4.37576
    endloop
  endfacet
  facet normal -0.5 -0.707107 0.5
    outer loop
      vertex -2.2973 80.95 5.42331
      vertex -1.67612 80.15 4.91312
      vertex -2.22331 80.95 5.4973
    endloop
  endfacet
  facet normal -0.500064 -0.707111 0.499929
    outer loop
      vertex -1.67612 80.15 4.91312
      vertex -2.2973 80.95 5.42331
      vertex -1.71312 80.15 4.87611
    endloop
  endfacet
  facet normal -0.392836 -0.70711 0.587942
    outer loop
      vertex -1.22092 80.15 5.26241
      vertex -1.64365 80.95 5.94211
      vertex -1.43813 80.15 5.11728
    endloop
  endfacet
  facet normal -0.392846 -0.707108 0.587938
    outer loop
      vertex -1.64365 80.95 5.94211
      vertex -1.90436 80.95 5.76791
      vertex -1.43813 80.15 5.11728
    endloop
  endfacet
  facet normal -0.312763 -0.707105 0.634178
    outer loop
      vertex -1.27159 80.95 6.13322
      vertex -1.55307 80.95 5.9944
      vertex -1.17577 80.15 5.28848
    endloop
  endfacet
  facet normal -0.353522 -0.707105 0.612393
    outer loop
      vertex -1.55307 80.95 5.9944
      vertex -1.64365 80.95 5.94211
      vertex -1.17577 80.15 5.28848
    endloop
  endfacet
  facet normal -0.227285 -0.707107 0.669583
    outer loop
      vertex -0.877853 80.95 6.27411
      vertex -1.17487 80.95 6.17329
      vertex -0.89296 80.15 5.42415
    endloop
  endfacet
  facet normal -0.270641 -0.707105 0.653266
    outer loop
      vertex -1.17487 80.95 6.17329
      vertex -1.27159 80.95 6.13322
      vertex -0.89296 80.15 5.42415
    endloop
  endfacet
  facet normal 0.182834 -0.707116 0.683051
    outer loop
      vertex 0.776794 80.95 6.30118
      vertex 0.59491 80.15 5.52168
      vertex 0.645569 80.15 5.50812
    endloop
  endfacet
  facet normal 0.137959 -0.70711 0.693515
    outer loop
      vertex 0.776794 80.95 6.30118
      vertex 0.469193 80.95 6.36237
      vertex 0.59491 80.15 5.52168
    endloop
  endfacet
  facet normal 0.392836 -0.70711 0.587942
    outer loop
      vertex 1.64365 80.95 5.94211
      vertex 1.22092 80.15 5.26241
      vertex 1.43813 80.15 5.11728
    endloop
  endfacet
  facet normal -0.634186 -0.707114 0.312727
    outer loop
      vertex -2.08849 80.15 4.37576
      vertex -2.93323 80.95 4.47159
      vertex -2.20416 80.15 4.14119
    endloop
  endfacet
  facet normal 0 -1 0
    outer loop
      vertex 0 80.15 4.50814
      vertex -0.0260773 80.15 5.59656
      vertex -0.286926 80.15 5.57945
    endloop
  endfacet
  facet normal 0 -1 0
    outer loop
      vertex -0.0260773 80.15 5.59656
      vertex 0 80.15 4.50814
      vertex 0.0260773 80.15 5.59656
    endloop
  endfacet
  facet normal 0 -1 0
    outer loop
      vertex 0 80.15 4.50814
      vertex -0.286926 80.15 5.57945
      vertex -0.338928 80.15 5.5726
    endloop
  endfacet
  facet normal 0 -1 -0
    outer loop
      vertex 0.0260773 80.15 5.59656
      vertex 0 80.15 4.50814
      vertex 0.286926 80.15 5.57945
    endloop
  endfacet
  facet normal 0 -1 0
    outer loop
      vertex 0 80.15 4.50814
      vertex -0.338928 80.15 5.5726
      vertex -0.59491 80.15 5.52168
    endloop
  endfacet
  facet normal 0 -1 -0
    outer loop
      vertex 0.286926 80.15 5.57945
      vertex 0 80.15 4.50814
      vertex 0.338928 80.15 5.5726
    endloop
  endfacet
  facet normal 0 -1 0
    outer loop
      vertex 0 80.15 4.50814
      vertex -0.59491 80.15 5.52168
      vertex -0.645569 80.15 5.50812
    endloop
  endfacet
  facet normal 0 -1 -0
    outer loop
      vertex 0.338928 80.15 5.5726
      vertex 0 80.15 4.50814
      vertex 0.59491 80.15 5.52168
    endloop
  endfacet
  facet normal 0 -1 0
    outer loop
      vertex 0 80.15 4.50814
      vertex -0.645569 80.15 5.50812
      vertex -0.89296 80.15 5.42415
    endloop
  endfacet
  facet normal 0 -1 -0
    outer loop
      vertex 0.59491 80.15 5.52168
      vertex 0 80.15 4.50814
      vertex 0.645569 80.15 5.50812
    endloop
  endfacet
  facet normal 0 -1 0
    outer loop
      vertex 0 80.15 4.50814
      vertex -0.89296 80.15 5.42415
      vertex -0.941193 80.15 5.40416
    endloop
  endfacet
  facet normal 0 -1 -0
    outer loop
      vertex 0.645569 80.15 5.50812
      vertex 0 80.15 4.50814
      vertex 0.89296 80.15 5.42415
    endloop
  endfacet
  facet normal 0 -1 0
    outer loop
      vertex 0 80.15 4.50814
      vertex -0.941193 80.15 5.40416
      vertex -1.17577 80.15 5.28848
    endloop
  endfacet
  facet normal 0 -1 -0
    outer loop
      vertex 0.89296 80.15 5.42415
      vertex 0 80.15 4.50814
      vertex 0.941193 80.15 5.40416
    endloop
  endfacet
  facet normal 0 -1 0
    outer loop
      vertex -0.654068 80.15 3.85407
      vertex -1.17577 80.15 5.28848
      vertex -1.22092 80.15 5.26241
    endloop
  endfacet
  facet normal 0 -1 -0
    outer loop
      vertex 0.941193 80.15 5.40416
      vertex 0 80.15 4.50814
      vertex 1.17577 80.15 5.28848
    endloop
  endfacet
  facet normal 0 -1 0
    outer loop
      vertex -0.654068 80.15 3.85407
      vertex -1.22092 80.15 5.26241
      vertex -1.43813 80.15 5.11728
    endloop
  endfacet
  facet normal 0 -1 0
    outer loop
      vertex 0.654068 80.15 3.85407
      vertex 1.17577 80.15 5.28848
      vertex 0 80.15 4.50814
    endloop
  endfacet
  facet normal 0 -1 0
    outer loop
      vertex -0.654068 80.15 3.85407
      vertex -1.43813 80.15 5.11728
      vertex -1.47964 80.15 5.08542
    endloop
  endfacet
  facet normal 0 -1 -0
    outer loop
      vertex 1.17577 80.15 5.28848
      vertex 0.654068 80.15 3.85407
      vertex 1.22092 80.15 5.26241
    endloop
  endfacet
  facet normal 0 -1 0
    outer loop
      vertex -0.654068 80.15 3.85407
      vertex -1.47964 80.15 5.08542
      vertex -1.67612 80.15 4.91312
    endloop
  endfacet
  facet normal 0 -1 -0
    outer loop
      vertex 1.22092 80.15 5.26241
      vertex 0.654068 80.15 3.85407
      vertex 1.43813 80.15 5.11728
    endloop
  endfacet
  facet normal 0 -1 0
    outer loop
      vertex -0.654068 80.15 3.85407
      vertex -1.67612 80.15 4.91312
      vertex -1.71312 80.15 4.87611
    endloop
  endfacet
  facet normal 0 -1 -0
    outer loop
      vertex 1.43813 80.15 5.11728
      vertex 0.654068 80.15 3.85407
      vertex 1.47964 80.15 5.08542
    endloop
  endfacet
  facet normal 0 -1 0
    outer loop
      vertex -0.654068 80.15 3.85407
      vertex -1.71312 80.15 4.87611
      vertex -1.88542 80.15 4.67964
    endloop
  endfacet
  facet normal 0 -1 -0
    outer loop
      vertex 1.47964 80.15 5.08542
      vertex 0.654068 80.15 3.85407
      vertex 1.67612 80.15 4.91312
    endloop
  endfacet
  facet normal 0 -1 0
    outer loop
      vertex -0.733841 80.15 3.76309
      vertex -1.88542 80.15 4.67964
      vertex -1.91728 80.15 4.63812
    endloop
  endfacet
  facet normal 0 -1 -0
    outer loop
      vertex 1.67612 80.15 4.91312
      vertex 0.654068 80.15 3.85407
      vertex 1.71312 80.15 4.87611
    endloop
  endfacet
  facet normal 0 -1 -0
    outer loop
      vertex 1.71312 80.15 4.87611
      vertex 0.654068 80.15 3.85407
      vertex 1.88542 80.15 4.67964
    endloop
  endfacet
  facet normal 0 -1 0
    outer loop
      vertex -0.733841 80.15 3.76309
      vertex -1.91728 80.15 4.63812
      vertex -2.06241 80.15 4.42091
    endloop
  endfacet
  facet normal 0 -1 0
    outer loop
      vertex -0.801071 80.15 3.66249
      vertex -2.06241 80.15 4.42091
      vertex -2.08849 80.15 4.37576
    endloop
  endfacet
  facet normal 0 -1 0
    outer loop
      vertex -0.801071 80.15 3.66249
      vertex -2.08849 80.15 4.37576
      vertex -2.20416 80.15 4.14119
    endloop
  endfacet
  facet normal 0 -1 0
    outer loop
      vertex -0.854584 80.15 3.55397
      vertex -2.20416 80.15 4.14119
      vertex -2.22415 80.15 4.09296
    endloop
  endfacet
  facet normal 0 -1 0
    outer loop
      vertex -1.17577 80.15 5.28848
      vertex -0.654068 80.15 3.85407
      vertex 0 80.15 4.50814
    endloop
  endfacet
  facet normal 0 -1 0
    outer loop
      vertex -0.854584 80.15 3.55397
      vertex -2.22415 80.15 4.09296
      vertex -2.30812 80.15 3.84557
    endloop
  endfacet
  facet normal 0 -1 0
    outer loop
      vertex -0.893478 80.15 3.43939
      vertex -2.30812 80.15 3.84557
      vertex -2.32169 80.15 3.79491
    endloop
  endfacet
  facet normal 0 -1 0
    outer loop
      vertex -1.88542 80.15 4.67964
      vertex -0.733841 80.15 3.76309
      vertex -0.654068 80.15 3.85407
    endloop
  endfacet
  facet normal 0 -1 0
    outer loop
      vertex -2.06241 80.15 4.42091
      vertex -0.801071 80.15 3.66249
      vertex -0.733841 80.15 3.76309
    endloop
  endfacet
  facet normal 0 -1 0
    outer loop
      vertex -2.20416 80.15 4.14119
      vertex -0.854584 80.15 3.55397
      vertex -0.801071 80.15 3.66249
    endloop
  endfacet
  facet normal 0 -1 0
    outer loop
      vertex -0.893478 80.15 3.43939
      vertex -2.32169 80.15 3.79491
      vertex -2.37263 80.15 3.5388
    endloop
  endfacet
  facet normal 0 -1 0
    outer loop
      vertex -0.917084 80.15 3.32073
      vertex -2.37263 80.15 3.5388
      vertex -2.37946 80.15 3.48695
    endloop
  endfacet
  facet normal 0 -1 0
    outer loop
      vertex -2.30812 80.15 3.84557
      vertex -0.893478 80.15 3.43939
      vertex -0.854584 80.15 3.55397
    endloop
  endfacet
  facet normal 0 -1 0
    outer loop
      vertex -2.37263 80.15 3.5388
      vertex -0.917084 80.15 3.32073
      vertex -0.893478 80.15 3.43939
    endloop
  endfacet
  facet normal 0 -1 0
    outer loop
      vertex -2.37946 80.15 3.48695
      vertex -0.924988 80.15 3.2
      vertex -0.917084 80.15 3.32073
    endloop
  endfacet
  facet normal 0 -1 0
    outer loop
      vertex -2.39914 80.15 3.18678
      vertex -0.924988 80.15 3.2
      vertex -2.37946 80.15 3.48695
    endloop
  endfacet
  facet normal 0 -1 0
    outer loop
      vertex -2.39999 80.15 3.16084
      vertex -0.924988 80.15 3.2
      vertex -2.39914 80.15 3.18678
    endloop
  endfacet
  facet normal 0 -1 0
    outer loop
      vertex -2.39999 80.15 3.16084
      vertex -0.917084 80.15 3.07927
      vertex -0.924988 80.15 3.2
    endloop
  endfacet
  facet normal 0 -1 0
    outer loop
      vertex -2.39999 80.15 3.16084
      vertex -0.893478 80.15 2.9606
      vertex -0.917084 80.15 3.07927
    endloop
  endfacet
  facet normal 0 -1 0
    outer loop
      vertex -2.39999 80.15 3.16084
      vertex -0.854584 80.15 2.84603
      vertex -0.893478 80.15 2.9606
    endloop
  endfacet
  facet normal 0 -1 0
    outer loop
      vertex -2.39999 80.15 3.16084
      vertex -0.801071 80.15 2.73751
      vertex -0.854584 80.15 2.84603
    endloop
  endfacet
  facet normal 0 -1 0
    outer loop
      vertex -2.39999 80.15 0.826111
      vertex -0.801071 80.15 2.73751
      vertex -2.39999 80.15 3.16084
    endloop
  endfacet
  facet normal 0 -1 -0
    outer loop
      vertex -0.801071 80.15 2.73751
      vertex -2.39999 80.15 0.826111
      vertex -0.733841 80.15 2.6369
    endloop
  endfacet
  facet normal 0 -1 -0
    outer loop
      vertex -0.733841 80.15 2.6369
      vertex -2.39999 80.15 0.826111
      vertex -0.654068 80.15 2.54593
    endloop
  endfacet
  facet normal 0 -1 0
    outer loop
      vertex -2.37389 80.15 0.800003
      vertex -0.654068 80.15 2.54593
      vertex -2.39999 80.15 0.826111
    endloop
  endfacet
  facet normal 0 -1 -0
    outer loop
      vertex -0.654068 80.15 2.54593
      vertex -2.37389 80.15 0.800003
      vertex -0.563095 80.15 2.46616
    endloop
  endfacet
  facet normal 0 -1 0
    outer loop
      vertex -0.353973 80.15 2.34542
      vertex 0.199997 80.15 0.800003
      vertex -0.239395 80.15 2.30652
    endloop
  endfacet
  facet normal 0 -1 0
    outer loop
      vertex -0.462494 80.15 2.39893
      vertex 0.199997 80.15 0.800003
      vertex -0.353973 80.15 2.34542
    endloop
  endfacet
  facet normal 0 -1 0
    outer loop
      vertex 0.199997 80.15 0.800003
      vertex -0.462494 80.15 2.39893
      vertex -2.37389 80.15 0.800003
    endloop
  endfacet
  facet normal 0 -1 -0
    outer loop
      vertex -0.563095 80.15 2.46616
      vertex -2.37389 80.15 0.800003
      vertex -0.462494 80.15 2.39893
    endloop
  endfacet
  facet normal 0 -1 0
    outer loop
      vertex 0.733841 80.15 3.76309
      vertex 1.88542 80.15 4.67964
      vertex 0.654068 80.15 3.85407
    endloop
  endfacet
  facet normal 0 -1 -0
    outer loop
      vertex 1.88542 80.15 4.67964
      vertex 0.733841 80.15 3.76309
      vertex 1.91728 80.15 4.63812
    endloop
  endfacet
  facet normal 0 -1 -0
    outer loop
      vertex 1.91728 80.15 4.63812
      vertex 0.733841 80.15 3.76309
      vertex 2.06241 80.15 4.42091
    endloop
  endfacet
  facet normal 0 -1 0
    outer loop
      vertex 0.801071 80.15 3.66249
      vertex 2.06241 80.15 4.42091
      vertex 0.733841 80.15 3.76309
    endloop
  endfacet
  facet normal 0 -1 -0
    outer loop
      vertex 2.06241 80.15 4.42091
      vertex 0.801071 80.15 3.66249
      vertex 2.08849 80.15 4.37576
    endloop
  endfacet
  facet normal 0 -1 -0
    outer loop
      vertex 2.08849 80.15 4.37576
      vertex 0.801071 80.15 3.66249
      vertex 2.20416 80.15 4.14119
    endloop
  endfacet
  facet normal 0 -1 0
    outer loop
      vertex 0.854584 80.15 3.55397
      vertex 2.20416 80.15 4.14119
      vertex 0.801071 80.15 3.66249
    endloop
  endfacet
  facet normal 0 -1 -0
    outer loop
      vertex 2.20416 80.15 4.14119
      vertex 0.854584 80.15 3.55397
      vertex 2.22415 80.15 4.09296
    endloop
  endfacet
  facet normal 0 -1 -0
    outer loop
      vertex 2.22415 80.15 4.09296
      vertex 0.854584 80.15 3.55397
      vertex 2.2557 80.15 4
    endloop
  endfacet
  facet normal 0 -1 0
    outer loop
      vertex 0.893478 80.15 3.43939
      vertex 2.2557 80.15 4
      vertex 0.854584 80.15 3.55397
    endloop
  endfacet
  facet normal 0 -1 0
    outer loop
      vertex 0.917084 80.15 3.32073
      vertex 2.2557 80.15 4
      vertex 0.893478 80.15 3.43939
    endloop
  endfacet
  facet normal 0 -1 0
    outer loop
      vertex 0.924988 80.15 3.2
      vertex 2.2557 80.15 4
      vertex 0.917084 80.15 3.32073
    endloop
  endfacet
  facet normal 0 -1 0
    outer loop
      vertex 0.917084 80.15 3.07927
      vertex 2.2557 80.15 4
      vertex 0.924988 80.15 3.2
    endloop
  endfacet
  facet normal 0 -1 0
    outer loop
      vertex 0.893478 80.15 2.9606
      vertex 2.2557 80.15 4
      vertex 0.917084 80.15 3.07927
    endloop
  endfacet
  facet normal 0 -1 0
    outer loop
      vertex 0.854584 80.15 2.84603
      vertex 2.2557 80.15 4
      vertex 0.893478 80.15 2.9606
    endloop
  endfacet
  facet normal 0 -1 0
    outer loop
      vertex 0.801071 80.15 2.73751
      vertex 2.2557 80.15 4
      vertex 0.854584 80.15 2.84603
    endloop
  endfacet
  facet normal 0 -1 0
    outer loop
      vertex 2.2557 80.15 4
      vertex 0.801071 80.15 2.73751
      vertex 1 80.15 0
    endloop
  endfacet
  facet normal 0 -1 0
    outer loop
      vertex 1 80.15 0
      vertex 0.801071 80.15 2.73751
      vertex 0.733841 80.15 2.6369
    endloop
  endfacet
  facet normal 0 -1 0
    outer loop
      vertex 1 80.15 0
      vertex 0.733841 80.15 2.6369
      vertex 0.654068 80.15 2.54593
    endloop
  endfacet
  facet normal 0 -1 0
    outer loop
      vertex 1 80.15 0
      vertex 0.654068 80.15 2.54593
      vertex 0.563095 80.15 2.46616
    endloop
  endfacet
  facet normal 0 -1 0
    outer loop
      vertex 0.199997 80.15 0.800003
      vertex 0.563095 80.15 2.46616
      vertex 0.462494 80.15 2.39893
    endloop
  endfacet
  facet normal 0 -1 0
    outer loop
      vertex 0.199997 80.15 0.800003
      vertex 0.462494 80.15 2.39893
      vertex 0.353973 80.15 2.34542
    endloop
  endfacet
  facet normal 0 -1 0
    outer loop
      vertex 0.199997 80.15 0.800003
      vertex 0.353973 80.15 2.34542
      vertex 0.239395 80.15 2.30652
    endloop
  endfacet
  facet normal 0 -1 0
    outer loop
      vertex -0.239395 80.15 2.30652
      vertex 0.199997 80.15 0.800003
      vertex -0.120728 80.15 2.28292
    endloop
  endfacet
  facet normal 0 -1 0
    outer loop
      vertex -0.120728 80.15 2.28292
      vertex 0.199997 80.15 0.800003
      vertex 0 80.15 2.27501
    endloop
  endfacet
  facet normal 0 -1 0
    outer loop
      vertex 0 80.15 2.27501
      vertex 0.199997 80.15 0.800003
      vertex 0.120728 80.15 2.28292
    endloop
  endfacet
  facet normal 0 -1 0
    outer loop
      vertex -2.37389 80.15 0.800003
      vertex -2.39999 80.15 0.826111
      vertex -2.39839 80.15 0.801605
    endloop
  endfacet
  facet normal 0 -1 0
    outer loop
      vertex 0.120728 80.15 2.28292
      vertex 0.199997 80.15 0.800003
      vertex 0.239395 80.15 2.30652
    endloop
  endfacet
  facet normal 0 -1 -0
    outer loop
      vertex 0.563095 80.15 2.46616
      vertex 0.199997 80.15 0.800003
      vertex 1 80.15 0
    endloop
  endfacet
  facet normal 0 -1 -0
    outer loop
      vertex 2.2557 80.15 4
      vertex 1 80.15 0
      vertex 6.7 80.15 0
    endloop
  endfacet
  facet normal 0 -1 0
    outer loop
      vertex 2.2557 80.15 4
      vertex 6.7 80.15 0
      vertex 6.7 80.15 4
    endloop
  endfacet
  facet normal -0.531628 -0.70711 0.466227
    outer loop
      vertex -1.71312 80.15 4.87611
      vertex -2.5042 80.95 5.18739
      vertex -1.88542 80.15 4.67964
    endloop
  endfacet
  facet normal -0.560978 -0.707111 0.430462
    outer loop
      vertex -2.56792 80.95 5.10435
      vertex -1.88542 80.15 4.67964
      vertex -2.5042 80.95 5.18739
    endloop
  endfacet
  facet normal -0.560978 -0.707111 0.430462
    outer loop
      vertex -1.88542 80.15 4.67964
      vertex -2.56792 80.95 5.10435
      vertex -1.91728 80.15 4.63812
    endloop
  endfacet
  facet normal -0.0462816 -0.707116 0.705582
    outer loop
      vertex -0.0260773 80.15 5.59656
      vertex -0.365433 80.95 6.37604
      vertex -0.286926 80.15 5.57945
    endloop
  endfacet
  facet normal 0 -0.707107 0.707107
    outer loop
      vertex -0.0260773 80.15 5.59656
      vertex 0.0523224 80.95 6.39656
      vertex -0.0523224 80.95 6.39656
    endloop
  endfacet
  facet normal 0 -0.707107 0.707107
    outer loop
      vertex 0.0523224 80.95 6.39656
      vertex -0.0260773 80.15 5.59656
      vertex 0.0260773 80.15 5.59656
    endloop
  endfacet
  facet normal -0.0462416 -0.707108 0.705591
    outer loop
      vertex -0.0523224 80.95 6.39656
      vertex -0.365433 80.95 6.37604
      vertex -0.0260773 80.15 5.59656
    endloop
  endfacet
  facet normal 0.227272 -0.707109 0.669585
    outer loop
      vertex 0.877853 120.95 6.27411
      vertex 0.645569 120.15 5.50812
      vertex 0.89296 120.15 5.42415
    endloop
  endfacet
  facet normal 0.227285 -0.707107 0.669583
    outer loop
      vertex 1.17487 120.95 6.17329
      vertex 0.877853 120.95 6.27411
      vertex 0.89296 120.15 5.42415
    endloop
  endfacet
  facet normal 0.612295 0.70711 0.35368
    outer loop
      vertex 2.08849 139.85 4.37576
      vertex 2.06241 139.85 4.42091
      vertex 2.74211 139.05 4.84364
    endloop
  endfacet
  facet normal -0.270641 0.707105 0.653266
    outer loop
      vertex -0.89296 139.85 5.42415
      vertex -1.27159 139.05 6.13322
      vertex -1.17487 139.05 6.17329
    endloop
  endfacet
  facet normal -0.0461376 0.707107 -0.705599
    outer loop
      vertex -2.37389 139.85 0.800003
      vertex -2.39999 139.05 0
      vertex -2.39839 139.85 0.801605
    endloop
  endfacet
  facet normal -0.312763 0.707105 0.634178
    outer loop
      vertex -1.17577 139.85 5.28848
      vertex -1.55307 139.05 5.9944
      vertex -1.27159 139.05 6.13322
    endloop
  endfacet
  facet normal 0.0462416 -0.707108 0.705591
    outer loop
      vertex 0.0523224 120.95 6.39656
      vertex 0.0260773 120.15 5.59656
      vertex 0.365433 120.95 6.37604
    endloop
  endfacet
  facet normal 0.653273 0.707108 0.270616
    outer loop
      vertex 2.9733 139.05 4.37486
      vertex 2.22415 139.85 4.09296
      vertex 2.93323 139.05 4.47159
    endloop
  endfacet
  facet normal 0 0.707107 0.707107
    outer loop
      vertex 0.0260773 139.85 5.59656
      vertex -0.0523224 139.05 6.39656
      vertex 0.0523224 139.05 6.39656
    endloop
  endfacet
  facet normal 0 0.707107 0.707107
    outer loop
      vertex -0.0523224 139.05 6.39656
      vertex 0.0260773 139.85 5.59656
      vertex -0.0260773 139.85 5.59656
    endloop
  endfacet
  facet normal 0.5 0.707107 0.5
    outer loop
      vertex 2.2973 139.05 5.42331
      vertex 1.67612 139.85 4.91312
      vertex 2.22331 139.05 5.4973
    endloop
  endfacet
  facet normal 0.500064 0.707111 0.499929
    outer loop
      vertex 1.67612 139.85 4.91312
      vertex 2.2973 139.05 5.42331
      vertex 1.71312 139.85 4.87611
    endloop
  endfacet
  facet normal 0 -0.707108 -0.707105
    outer loop
      vertex -2.39999 120.95 0
      vertex 0.199997 120.15 0.800003
      vertex -2.37389 120.15 0.800003
    endloop
  endfacet
  facet normal 0 -0.707108 -0.707105
    outer loop
      vertex 0.199997 120.15 0.800003
      vertex -2.39999 120.95 0
      vertex 1 120.95 0
    endloop
  endfacet
  facet normal 0.531626 0.707109 0.466231
    outer loop
      vertex 2.5042 139.05 5.18739
      vertex 1.71312 139.85 4.87611
      vertex 2.2973 139.05 5.42331
    endloop
  endfacet
  facet normal -0.896848 0 0.442338
    outer loop
      vertex -2.93323 120.95 4.47159
      vertex -2.7944 139.05 4.75307
      vertex -2.93323 139.05 4.47159
    endloop
  endfacet
  facet normal -0.896848 0 0.442338
    outer loop
      vertex -2.7944 139.05 4.75307
      vertex -2.93323 120.95 4.47159
      vertex -2.7944 120.95 4.75307
    endloop
  endfacet
  facet normal -0.608768 0 0.793348
    outer loop
      vertex -1.9874 139.05 5.70419
      vertex -1.90436 120.95 5.76791
      vertex -1.90436 139.05 5.76791
    endloop
  endfacet
  facet normal -0.608768 0 0.793348
    outer loop
      vertex -1.90436 120.95 5.76791
      vertex -1.9874 139.05 5.70419
      vertex -1.9874 120.95 5.70419
    endloop
  endfacet
  facet normal -0.270727 0.70711 0.653225
    outer loop
      vertex -0.941193 139.85 5.40416
      vertex -1.27159 139.05 6.13322
      vertex -0.89296 139.85 5.42415
    endloop
  endfacet
  facet normal -0.182957 -0.70711 0.683024
    outer loop
      vertex -0.776794 120.95 6.30118
      vertex -0.877853 120.95 6.27411
      vertex -0.645569 120.15 5.50812
    endloop
  endfacet
  facet normal -0.531628 0.70711 0.466227
    outer loop
      vertex -1.88542 139.85 4.67964
      vertex -2.5042 139.05 5.18739
      vertex -1.71312 139.85 4.87611
    endloop
  endfacet
  facet normal 0.312763 0.707105 0.634178
    outer loop
      vertex 1.55307 139.05 5.9944
      vertex 1.17577 139.85 5.28848
      vertex 1.27159 139.05 6.13322
    endloop
  endfacet
  facet normal 0.682881 -0.707266 0.182891
    outer loop
      vertex 3.07411 120.95 4.07785
      vertex 2.81739 120.682 4
      vertex 3.09496 120.95 4
    endloop
  endfacet
  facet normal -0.65935 0 0.751836
    outer loop
      vertex -2.22331 139.05 5.4973
      vertex -1.9874 120.95 5.70419
      vertex -1.9874 139.05 5.70419
    endloop
  endfacet
  facet normal -0.65935 0 0.751836
    outer loop
      vertex -1.9874 120.95 5.70419
      vertex -2.22331 139.05 5.4973
      vertex -2.22331 120.95 5.4973
    endloop
  endfacet
  facet normal 0.270641 -0.707105 0.653266
    outer loop
      vertex 1.17487 120.95 6.17329
      vertex 0.89296 120.15 5.42415
      vertex 1.27159 120.95 6.13322
    endloop
  endfacet
  facet normal 0.227272 0.707109 0.669585
    outer loop
      vertex 0.89296 139.85 5.42415
      vertex 0.645569 139.85 5.50812
      vertex 0.877853 139.05 6.27411
    endloop
  endfacet
  facet normal 0.353522 -0.707105 0.612393
    outer loop
      vertex 1.55307 120.95 5.9944
      vertex 1.17577 120.15 5.28848
      vertex 1.64365 120.95 5.94211
    endloop
  endfacet
  facet normal -0.0462816 -0.707116 0.705582
    outer loop
      vertex -0.0260773 120.15 5.59656
      vertex -0.365433 120.95 6.37604
      vertex -0.286926 120.15 5.57945
    endloop
  endfacet
  facet normal -0.499954 0 0.866052
    outer loop
      vertex -1.64365 139.05 5.94211
      vertex -1.55307 120.95 5.9944
      vertex -1.55307 139.05 5.9944
    endloop
  endfacet
  facet normal -0.499954 0 0.866052
    outer loop
      vertex -1.55307 120.95 5.9944
      vertex -1.64365 139.05 5.94211
      vertex -1.64365 120.95 5.94211
    endloop
  endfacet
  facet normal -0.923869 0 0.382709
    outer loop
      vertex -2.9733 120.95 4.37486
      vertex -2.93323 139.05 4.47159
      vertex -2.9733 139.05 4.37486
    endloop
  endfacet
  facet normal -0.923869 0 0.382709
    outer loop
      vertex -2.93323 139.05 4.47159
      vertex -2.9733 120.95 4.37486
      vertex -2.93323 120.95 4.47159
    endloop
  endfacet
  facet normal -0.793348 0 0.608768
    outer loop
      vertex -2.56792 120.95 5.10435
      vertex -2.5042 139.05 5.18739
      vertex -2.56792 139.05 5.10435
    endloop
  endfacet
  facet normal -0.793348 0 0.608768
    outer loop
      vertex -2.5042 139.05 5.18739
      vertex -2.56792 120.95 5.10435
      vertex -2.5042 120.95 5.18739
    endloop
  endfacet
  facet normal -1 0 0
    outer loop
      vertex -3.2 120.95 0.800003
      vertex -3.2 139.05 3.17375
      vertex -3.2 139.05 0.800003
    endloop
  endfacet
  facet normal -1 -0 0
    outer loop
      vertex -3.2 139.05 3.17375
      vertex -3.2 120.95 0.800003
      vertex -3.2 120.95 3.17375
    endloop
  endfacet
  facet normal -0.137954 0.70711 0.693515
    outer loop
      vertex -0.338928 139.85 5.5726
      vertex -0.59491 139.85 5.52168
      vertex -0.469193 139.05 6.36237
    endloop
  endfacet
  facet normal -0.382743 0 0.923855
    outer loop
      vertex -1.27159 139.05 6.13322
      vertex -1.17487 120.95 6.17329
      vertex -1.17487 139.05 6.17329
    endloop
  endfacet
  facet normal -0.382743 0 0.923855
    outer loop
      vertex -1.17487 120.95 6.17329
      vertex -1.27159 139.05 6.13322
      vertex -1.27159 120.95 6.13322
    endloop
  endfacet
  facet normal -0.634186 0.707114 0.312727
    outer loop
      vertex -2.20416 139.85 4.14119
      vertex -2.93323 139.05 4.47159
      vertex -2.08849 139.85 4.37576
    endloop
  endfacet
  facet normal 0.0923452 -0.707116 0.701042
    outer loop
      vertex 0.365433 120.95 6.37604
      vertex 0.286926 120.15 5.57945
      vertex 0.338928 120.15 5.5726
    endloop
  endfacet
  facet normal -0.430464 0.707108 0.560981
    outer loop
      vertex -1.43813 139.85 5.11728
      vertex -1.9874 139.05 5.70419
      vertex -1.90436 139.05 5.76791
    endloop
  endfacet
  facet normal -0.430527 0.707112 0.560928
    outer loop
      vertex -1.9874 139.05 5.70419
      vertex -1.43813 139.85 5.11728
      vertex -1.47964 139.85 5.08542
    endloop
  endfacet
  facet normal -0.693517 -0.707108 0.137959
    outer loop
      vertex -3.10118 120.95 3.97679
      vertex -3.16237 120.95 3.66919
      vertex -2.37263 120.15 3.5388
    endloop
  endfacet
  facet normal 0.653215 -0.707114 0.270739
    outer loop
      vertex 2.93323 120.95 4.47159
      vertex 2.20416 120.15 4.14119
      vertex 2.22415 120.15 4.09296
    endloop
  endfacet
  facet normal -0.270727 -0.70711 0.653225
    outer loop
      vertex -0.89296 120.15 5.42415
      vertex -1.27159 120.95 6.13322
      vertex -0.941193 120.15 5.40416
    endloop
  endfacet
  facet normal -0.683025 -0.707109 0.182958
    outer loop
      vertex -2.30812 120.15 3.84557
      vertex -3.10118 120.95 3.97679
      vertex -2.32169 120.15 3.79491
    endloop
  endfacet
  facet normal -0.653215 -0.707114 0.270739
    outer loop
      vertex -2.20416 120.15 4.14119
      vertex -2.93323 120.95 4.47159
      vertex -2.22415 120.15 4.09296
    endloop
  endfacet
  facet normal 0.0462816 -0.707116 0.705582
    outer loop
      vertex 0.365433 120.95 6.37604
      vertex 0.0260773 120.15 5.59656
      vertex 0.286926 120.15 5.57945
    endloop
  endfacet
  facet normal -0.653215 0.707114 0.270739
    outer loop
      vertex -2.22415 139.85 4.09296
      vertex -2.93323 139.05 4.47159
      vertex -2.20416 139.85 4.14119
    endloop
  endfacet
  facet normal -0.707102 -0.707111 0
    outer loop
      vertex -3.2 120.95 3.17375
      vertex -2.39999 120.15 0.826111
      vertex -2.39999 120.15 3.16084
    endloop
  endfacet
  facet normal -0.707102 -0.707111 0
    outer loop
      vertex -2.39999 120.15 0.826111
      vertex -3.2 120.95 3.17375
      vertex -3.2 120.95 0.800003
    endloop
  endfacet
  facet normal 0.466213 -0.707109 0.53164
    outer loop
      vertex 1.9874 120.95 5.70419
      vertex 1.47964 120.15 5.08542
      vertex 1.67612 120.15 4.91312
    endloop
  endfacet
  facet normal -0.182834 -0.707116 0.683051
    outer loop
      vertex -0.59491 120.15 5.52168
      vertex -0.776794 120.95 6.30118
      vertex -0.645569 120.15 5.50812
    endloop
  endfacet
  facet normal -0.531431 -0.707351 -0.466085
    outer loop
      vertex -2.39839 120.15 0.801605
      vertex -3.03468 120.95 0.312988
      vertex -2.96568 120.95 0.234314
    endloop
  endfacet
  facet normal -0.466213 0.707109 0.53164
    outer loop
      vertex -1.67612 139.85 4.91312
      vertex -1.9874 139.05 5.70419
      vertex -1.47964 139.85 5.08542
    endloop
  endfacet
  facet normal -0.705599 0.707112 -0.0460687
    outer loop
      vertex -2.39839 139.85 0.801605
      vertex -3.2 139.05 0.800003
      vertex -2.39999 139.85 0.826111
    endloop
  endfacet
  facet normal -0.0462954 0.707102 -0.705594
    outer loop
      vertex -2.39999 139.05 0
      vertex -2.50441 139.05 0.0068512
      vertex -2.39839 139.85 0.801605
    endloop
  endfacet
  facet normal 0.682881 0.707266 0.182891
    outer loop
      vertex 3.09496 139.05 4
      vertex 2.81739 139.318 4
      vertex 3.07411 139.05 4.07785
    endloop
  endfacet
  facet normal -0.531626 -0.707109 0.466231
    outer loop
      vertex -2.2973 120.95 5.42331
      vertex -2.5042 120.95 5.18739
      vertex -1.71312 120.15 4.87611
    endloop
  endfacet
  facet normal -0.0462416 -0.707108 0.705591
    outer loop
      vertex -0.0523224 120.95 6.39656
      vertex -0.365433 120.95 6.37604
      vertex -0.0260773 120.15 5.59656
    endloop
  endfacet
  facet normal 0.587945 -0.707111 0.392828
    outer loop
      vertex 2.56792 120.95 5.10435
      vertex 1.91728 120.15 4.63812
      vertex 2.74211 120.95 4.84364
    endloop
  endfacet
  facet normal -0.0923595 -0.707115 0.701041
    outer loop
      vertex -0.365433 120.95 6.37604
      vertex -0.469193 120.95 6.36237
      vertex -0.338928 120.15 5.5726
    endloop
  endfacet
  facet normal 0.442313 0 0.896861
    outer loop
      vertex 1.27159 139.05 6.13322
      vertex 1.55307 120.95 5.9944
      vertex 1.55307 139.05 5.9944
    endloop
  endfacet
  facet normal 0.442313 0 0.896861
    outer loop
      vertex 1.55307 120.95 5.9944
      vertex 1.27159 139.05 6.13322
      vertex 1.27159 120.95 6.13322
    endloop
  endfacet
  facet normal 0.312743 -0.707109 0.634183
    outer loop
      vertex 1.27159 120.95 6.13322
      vertex 0.941193 120.15 5.40416
      vertex 1.17577 120.15 5.28848
    endloop
  endfacet
  facet normal 0.353579 0.707108 0.612356
    outer loop
      vertex 1.22092 139.85 5.26241
      vertex 1.17577 139.85 5.28848
      vertex 1.64365 139.05 5.94211
    endloop
  endfacet
  facet normal -0.392836 0.70711 0.587942
    outer loop
      vertex -1.43813 139.85 5.11728
      vertex -1.64365 139.05 5.94211
      vertex -1.22092 139.85 5.26241
    endloop
  endfacet
  facet normal 0.321429 0 0.946934
    outer loop
      vertex 0.877853 139.05 6.27411
      vertex 1.17487 120.95 6.17329
      vertex 1.17487 139.05 6.17329
    endloop
  endfacet
  facet normal 0.321429 0 0.946934
    outer loop
      vertex 1.17487 120.95 6.17329
      vertex 0.877853 139.05 6.27411
      vertex 0.877853 120.95 6.27411
    endloop
  endfacet
  facet normal -0.612295 -0.70711 0.35368
    outer loop
      vertex -2.06241 120.15 4.42091
      vertex -2.74211 120.95 4.84364
      vertex -2.08849 120.15 4.37576
    endloop
  endfacet
  facet normal -0.227209 -0.707249 -0.669459
    outer loop
      vertex -2.39839 120.15 0.801605
      vertex -2.70615 120.95 0.0608978
      vertex -2.60706 120.95 0.0272675
    endloop
  endfacet
  facet normal 0.587942 0.70711 0.392836
    outer loop
      vertex 2.06241 139.85 4.42091
      vertex 1.91728 139.85 4.63812
      vertex 2.74211 139.05 4.84364
    endloop
  endfacet
  facet normal -0.701055 0.707108 0.0923028
    outer loop
      vertex -2.37263 139.85 3.5388
      vertex -3.17603 139.05 3.56544
      vertex -3.16237 139.05 3.66919
    endloop
  endfacet
  facet normal -0.137954 -0.70711 0.693515
    outer loop
      vertex -0.469193 120.95 6.36237
      vertex -0.59491 120.15 5.52168
      vertex -0.338928 120.15 5.5726
    endloop
  endfacet
  facet normal 0.653273 -0.707108 0.270616
    outer loop
      vertex 2.93323 120.95 4.47159
      vertex 2.22415 120.15 4.09296
      vertex 2.9733 120.95 4.37486
    endloop
  endfacet
  facet normal -0.705592 0.707105 -0.0462889
    outer loop
      vertex -3.19315 139.05 0.695587
      vertex -3.2 139.05 0.800003
      vertex -2.39839 139.85 0.801605
    endloop
  endfacet
  facet normal -0.706724 0.707103 0.0233594
    outer loop
      vertex -2.39914 139.85 3.18678
      vertex -3.2 139.05 3.17375
      vertex -3.19827 139.05 3.22609
    endloop
  endfacet
  facet normal -0.227285 0.707107 0.669583
    outer loop
      vertex -0.89296 139.85 5.42415
      vertex -1.17487 139.05 6.17329
      vertex -0.877853 139.05 6.27411
    endloop
  endfacet
  facet normal -0.312743 0.707109 0.634183
    outer loop
      vertex -1.17577 139.85 5.28848
      vertex -1.27159 139.05 6.13322
      vertex -0.941193 139.85 5.40416
    endloop
  endfacet
  facet normal -0.353579 0.707108 0.612356
    outer loop
      vertex -1.22092 139.85 5.26241
      vertex -1.64365 139.05 5.94211
      vertex -1.17577 139.85 5.28848
    endloop
  endfacet
  facet normal -0.701051 0.707106 0.0923468
    outer loop
      vertex -2.37946 139.85 3.48695
      vertex -3.17603 139.05 3.56544
      vertex -2.37263 139.85 3.5388
    endloop
  endfacet
  facet normal -0.270641 -0.707105 0.653266
    outer loop
      vertex -1.17487 120.95 6.17329
      vertex -1.27159 120.95 6.13322
      vertex -0.89296 120.15 5.42415
    endloop
  endfacet
  facet normal -0.353522 0.707105 0.612393
    outer loop
      vertex -1.17577 139.85 5.28848
      vertex -1.64365 139.05 5.94211
      vertex -1.55307 139.05 5.9944
    endloop
  endfacet
  facet normal 0 0.707108 -0.707105
    outer loop
      vertex -2.39999 139.05 0
      vertex 0.199997 139.85 0.800003
      vertex 1 139.05 0
    endloop
  endfacet
  facet normal 0 0.707108 -0.707105
    outer loop
      vertex 0.199997 139.85 0.800003
      vertex -2.39999 139.05 0
      vertex -2.37389 139.85 0.800003
    endloop
  endfacet
  facet normal 0.63417 -0.707104 0.312782
    outer loop
      vertex 2.7944 120.95 4.75307
      vertex 2.08849 120.15 4.37576
      vertex 2.93323 120.95 4.47159
    endloop
  endfacet
  facet normal -0.466232 0.707106 0.531629
    outer loop
      vertex -1.67612 139.85 4.91312
      vertex -2.22331 139.05 5.4973
      vertex -1.9874 139.05 5.70419
    endloop
  endfacet
  facet normal -0.705593 -0.707106 0.0462607
    outer loop
      vertex -2.37946 120.15 3.48695
      vertex -3.17603 120.95 3.56544
      vertex -2.39914 120.15 3.18678
    endloop
  endfacet
  facet normal 0.466232 -0.707106 0.531629
    outer loop
      vertex 1.9874 120.95 5.70419
      vertex 1.67612 120.15 4.91312
      vertex 2.22331 120.95 5.4973
    endloop
  endfacet
  facet normal -0.653273 -0.707108 0.270616
    outer loop
      vertex -2.93323 120.95 4.47159
      vertex -2.9733 120.95 4.37486
      vertex -2.22415 120.15 4.09296
    endloop
  endfacet
  facet normal 0.0923595 -0.707115 0.701041
    outer loop
      vertex 0.365433 120.95 6.37604
      vertex 0.338928 120.15 5.5726
      vertex 0.469193 120.95 6.36237
    endloop
  endfacet
  facet normal -0.587945 -0.707111 0.392828
    outer loop
      vertex -2.56792 120.95 5.10435
      vertex -2.74211 120.95 4.84364
      vertex -1.91728 120.15 4.63812
    endloop
  endfacet
  facet normal 0.312763 -0.707105 0.634178
    outer loop
      vertex 1.27159 120.95 6.13322
      vertex 1.17577 120.15 5.28848
      vertex 1.55307 120.95 5.9944
    endloop
  endfacet
  facet normal 0.531628 -0.70711 0.466227
    outer loop
      vertex 2.5042 120.95 5.18739
      vertex 1.71312 120.15 4.87611
      vertex 1.88542 120.15 4.67964
    endloop
  endfacet
  facet normal 0.270727 -0.70711 0.653225
    outer loop
      vertex 1.27159 120.95 6.13322
      vertex 0.89296 120.15 5.42415
      vertex 0.941193 120.15 5.40416
    endloop
  endfacet
  facet normal -0.227272 -0.707109 0.669585
    outer loop
      vertex -0.877853 120.95 6.27411
      vertex -0.89296 120.15 5.42415
      vertex -0.645569 120.15 5.50812
    endloop
  endfacet
  facet normal -0.195104 0 0.980783
    outer loop
      vertex -0.776794 139.05 6.30118
      vertex -0.469193 120.95 6.36237
      vertex -0.469193 139.05 6.36237
    endloop
  endfacet
  facet normal -0.195104 0 0.980783
    outer loop
      vertex -0.469193 120.95 6.36237
      vertex -0.776794 139.05 6.30118
      vertex -0.776794 120.95 6.30118
    endloop
  endfacet
  facet normal 0.130618 0 0.991433
    outer loop
      vertex 0.365433 139.05 6.37604
      vertex 0.469193 120.95 6.36237
      vertex 0.469193 139.05 6.36237
    endloop
  endfacet
  facet normal 0.130618 0 0.991433
    outer loop
      vertex 0.469193 120.95 6.36237
      vertex 0.365433 139.05 6.37604
      vertex 0.365433 120.95 6.37604
    endloop
  endfacet
  facet normal 0.587945 0.707111 0.392828
    outer loop
      vertex 2.74211 139.05 4.84364
      vertex 1.91728 139.85 4.63812
      vertex 2.56792 139.05 5.10435
    endloop
  endfacet
  facet normal -0.705593 0.707106 0.0462607
    outer loop
      vertex -2.39914 139.85 3.18678
      vertex -3.17603 139.05 3.56544
      vertex -2.37946 139.85 3.48695
    endloop
  endfacet
  facet normal 0 -0.707107 0.707107
    outer loop
      vertex -0.0260773 120.15 5.59656
      vertex 0.0523224 120.95 6.39656
      vertex -0.0523224 120.95 6.39656
    endloop
  endfacet
  facet normal 0 -0.707107 0.707107
    outer loop
      vertex 0.0523224 120.95 6.39656
      vertex -0.0260773 120.15 5.59656
      vertex 0.0260773 120.15 5.59656
    endloop
  endfacet
  facet normal -0.0923452 0.707116 0.701042
    outer loop
      vertex -0.338928 139.85 5.5726
      vertex -0.365433 139.05 6.37604
      vertex -0.286926 139.85 5.57945
    endloop
  endfacet
  facet normal 0.430464 -0.707108 0.560981
    outer loop
      vertex 1.43813 120.15 5.11728
      vertex 1.9874 120.95 5.70419
      vertex 1.90436 120.95 5.76791
    endloop
  endfacet
  facet normal 0.430527 -0.707112 0.560928
    outer loop
      vertex 1.9874 120.95 5.70419
      vertex 1.43813 120.15 5.11728
      vertex 1.47964 120.15 5.08542
    endloop
  endfacet
  facet normal -0.683025 0.707109 0.182958
    outer loop
      vertex -2.32169 139.85 3.79491
      vertex -3.10118 139.05 3.97679
      vertex -2.30812 139.85 3.84557
    endloop
  endfacet
  facet normal 0.669586 -0.707109 0.227268
    outer loop
      vertex 2.9733 120.95 4.37486
      vertex 2.22415 120.15 4.09296
      vertex 3.07411 120.95 4.07785
    endloop
  endfacet
  facet normal 0.831486 -0 0.555546
    outer loop
      vertex 2.56792 120.95 5.10435
      vertex 2.74211 139.05 4.84364
      vertex 2.56792 139.05 5.10435
    endloop
  endfacet
  facet normal 0.831486 0 0.555546
    outer loop
      vertex 2.74211 139.05 4.84364
      vertex 2.56792 120.95 5.10435
      vertex 2.74211 120.95 4.84364
    endloop
  endfacet
  facet normal -0.227285 -0.707107 0.669583
    outer loop
      vertex -0.877853 120.95 6.27411
      vertex -1.17487 120.95 6.17329
      vertex -0.89296 120.15 5.42415
    endloop
  endfacet
  facet normal -0.258742 0 0.965947
    outer loop
      vertex -0.877853 139.05 6.27411
      vertex -0.776794 120.95 6.30118
      vertex -0.776794 139.05 6.30118
    endloop
  endfacet
  facet normal -0.258742 0 0.965947
    outer loop
      vertex -0.776794 120.95 6.30118
      vertex -0.877853 139.05 6.27411
      vertex -0.877853 120.95 6.27411
    endloop
  endfacet
  facet normal 0.353579 -0.707108 0.612356
    outer loop
      vertex 1.64365 120.95 5.94211
      vertex 1.17577 120.15 5.28848
      vertex 1.22092 120.15 5.26241
    endloop
  endfacet
  facet normal 0.612295 -0.70711 0.35368
    outer loop
      vertex 2.74211 120.95 4.84364
      vertex 2.06241 120.15 4.42091
      vertex 2.08849 120.15 4.37576
    endloop
  endfacet
  facet normal -0.866028 0 0.499996
    outer loop
      vertex -2.7944 120.95 4.75307
      vertex -2.74211 139.05 4.84364
      vertex -2.7944 139.05 4.75307
    endloop
  endfacet
  facet normal -0.866028 0 0.499996
    outer loop
      vertex -2.74211 139.05 4.84364
      vertex -2.7944 120.95 4.75307
      vertex -2.74211 120.95 4.84364
    endloop
  endfacet
  facet normal -0.137922 -0.707181 -0.69345
    outer loop
      vertex -2.39839 120.15 0.801605
      vertex -2.60706 120.95 0.0272675
      vertex -2.50441 120.95 0.0068512
    endloop
  endfacet
  facet normal -0.195071 0 -0.980789
    outer loop
      vertex -2.60706 120.95 0.0272675
      vertex -2.50441 139.05 0.0068512
      vertex -2.50441 120.95 0.0068512
    endloop
  endfacet
  facet normal -0.195071 0 -0.980789
    outer loop
      vertex -2.50441 139.05 0.0068512
      vertex -2.60706 120.95 0.0272675
      vertex -2.60706 139.05 0.0272675
    endloop
  endfacet
  facet normal 0.270641 0.707105 0.653266
    outer loop
      vertex 1.27159 139.05 6.13322
      vertex 0.89296 139.85 5.42415
      vertex 1.17487 139.05 6.17329
    endloop
  endfacet
  facet normal -0.751817 0 -0.659371
    outer loop
      vertex -2.96568 120.95 0.234314
      vertex -3.03468 139.05 0.312988
      vertex -2.96568 139.05 0.234314
    endloop
  endfacet
  facet normal -0.751817 -0 -0.659371
    outer loop
      vertex -3.03468 139.05 0.312988
      vertex -2.96568 120.95 0.234314
      vertex -3.03468 120.95 0.312988
    endloop
  endfacet
  facet normal -0.466098 -0.707352 -0.531419
    outer loop
      vertex -2.39839 120.15 0.801605
      vertex -2.96568 120.95 0.234314
      vertex -2.88701 120.95 0.165314
    endloop
  endfacet
  facet normal -0.0923452 -0.707116 0.701042
    outer loop
      vertex -0.286926 120.15 5.57945
      vertex -0.365433 120.95 6.37604
      vertex -0.338928 120.15 5.5726
    endloop
  endfacet
  facet normal -0.612378 0.707103 0.353552
    outer loop
      vertex -2.08849 139.85 4.37576
      vertex -2.7944 139.05 4.75307
      vertex -2.74211 139.05 4.84364
    endloop
  endfacet
  facet normal -0.587766 0.707334 -0.392695
    outer loop
      vertex -3.03468 139.05 0.312988
      vertex -3.09282 139.05 0.400009
      vertex -2.39839 139.85 0.801605
    endloop
  endfacet
  facet normal -0.430464 -0.707108 0.560981
    outer loop
      vertex -1.9874 120.95 5.70419
      vertex -1.43813 120.15 5.11728
      vertex -1.90436 120.95 5.76791
    endloop
  endfacet
  facet normal -0.430527 -0.707112 0.560928
    outer loop
      vertex -1.43813 120.15 5.11728
      vertex -1.9874 120.95 5.70419
      vertex -1.47964 120.15 5.08542
    endloop
  endfacet
  facet normal -0.705592 -0.707105 -0.0462889
    outer loop
      vertex -2.39839 120.15 0.801605
      vertex -3.2 120.95 0.800003
      vertex -3.19315 120.95 0.695587
    endloop
  endfacet
  facet normal -0.466098 0.707352 -0.531419
    outer loop
      vertex -2.88701 139.05 0.165314
      vertex -2.96568 139.05 0.234314
      vertex -2.39839 139.85 0.801605
    endloop
  endfacet
  facet normal -0.321429 0 0.946934
    outer loop
      vertex -1.17487 139.05 6.17329
      vertex -0.877853 120.95 6.27411
      vertex -0.877853 139.05 6.27411
    endloop
  endfacet
  facet normal -0.321429 0 0.946934
    outer loop
      vertex -0.877853 120.95 6.27411
      vertex -1.17487 139.05 6.17329
      vertex -1.17487 120.95 6.17329
    endloop
  endfacet
  facet normal 0.531628 0.70711 0.466227
    outer loop
      vertex 1.88542 139.85 4.67964
      vertex 1.71312 139.85 4.87611
      vertex 2.5042 139.05 5.18739
    endloop
  endfacet
  facet normal -0.706726 0.707108 0.0231579
    outer loop
      vertex -2.39999 139.85 3.16084
      vertex -3.2 139.05 3.17375
      vertex -2.39914 139.85 3.18678
    endloop
  endfacet
  facet normal -0.353522 -0.707105 0.612393
    outer loop
      vertex -1.55307 120.95 5.9944
      vertex -1.64365 120.95 5.94211
      vertex -1.17577 120.15 5.28848
    endloop
  endfacet
  facet normal -0.392846 -0.707108 0.587938
    outer loop
      vertex -1.64365 120.95 5.94211
      vertex -1.90436 120.95 5.76791
      vertex -1.43813 120.15 5.11728
    endloop
  endfacet
  facet normal -0.392846 0.707108 0.587938
    outer loop
      vertex -1.43813 139.85 5.11728
      vertex -1.90436 139.05 5.76791
      vertex -1.64365 139.05 5.94211
    endloop
  endfacet
  facet normal -0.531626 0.707109 0.466231
    outer loop
      vertex -1.71312 139.85 4.87611
      vertex -2.5042 139.05 5.18739
      vertex -2.2973 139.05 5.42331
    endloop
  endfacet
  facet normal -0.751834 0 0.659353
    outer loop
      vertex -2.5042 120.95 5.18739
      vertex -2.2973 139.05 5.42331
      vertex -2.5042 139.05 5.18739
    endloop
  endfacet
  facet normal -0.751834 0 0.659353
    outer loop
      vertex -2.2973 139.05 5.42331
      vertex -2.5042 120.95 5.18739
      vertex -2.2973 120.95 5.42331
    endloop
  endfacet
  facet normal -0.707107 0 0.707107
    outer loop
      vertex -2.2973 120.95 5.42331
      vertex -2.22331 139.05 5.4973
      vertex -2.2973 139.05 5.42331
    endloop
  endfacet
  facet normal -0.707107 0 0.707107
    outer loop
      vertex -2.22331 139.05 5.4973
      vertex -2.2973 120.95 5.42331
      vertex -2.22331 120.95 5.4973
    endloop
  endfacet
  facet normal -0.312743 -0.707109 0.634183
    outer loop
      vertex -0.941193 120.15 5.40416
      vertex -1.27159 120.95 6.13322
      vertex -1.17577 120.15 5.28848
    endloop
  endfacet
  facet normal 0.587942 -0.70711 0.392836
    outer loop
      vertex 2.74211 120.95 4.84364
      vertex 1.91728 120.15 4.63812
      vertex 2.06241 120.15 4.42091
    endloop
  endfacet
  facet normal -0.701051 -0.707106 0.0923468
    outer loop
      vertex -2.37263 120.15 3.5388
      vertex -3.17603 120.95 3.56544
      vertex -2.37946 120.15 3.48695
    endloop
  endfacet
  facet normal -0.312763 -0.707105 0.634178
    outer loop
      vertex -1.27159 120.95 6.13322
      vertex -1.55307 120.95 5.9944
      vertex -1.17577 120.15 5.28848
    endloop
  endfacet
  facet normal -0.442313 0 0.896861
    outer loop
      vertex -1.55307 139.05 5.9944
      vertex -1.27159 120.95 6.13322
      vertex -1.27159 139.05 6.13322
    endloop
  endfacet
  facet normal -0.442313 0 0.896861
    outer loop
      vertex -1.27159 120.95 6.13322
      vertex -1.55307 139.05 5.9944
      vertex -1.55307 120.95 5.9944
    endloop
  endfacet
  facet normal 0.560978 -0.707111 0.430462
    outer loop
      vertex 1.88542 120.15 4.67964
      vertex 2.56792 120.95 5.10435
      vertex 2.5042 120.95 5.18739
    endloop
  endfacet
  facet normal 0.560978 -0.707111 0.430462
    outer loop
      vertex 2.56792 120.95 5.10435
      vertex 1.88542 120.15 4.67964
      vertex 1.91728 120.15 4.63812
    endloop
  endfacet
  facet normal 0.137959 -0.70711 0.693515
    outer loop
      vertex 0.776794 120.95 6.30118
      vertex 0.469193 120.95 6.36237
      vertex 0.59491 120.15 5.52168
    endloop
  endfacet
  facet normal -0.693524 -0.707105 0.137941
    outer loop
      vertex -2.32169 120.15 3.79491
      vertex -3.10118 120.95 3.97679
      vertex -2.37263 120.15 3.5388
    endloop
  endfacet
  facet normal 0.669662 -0.707034 0.227279
    outer loop
      vertex 2.81739 120.682 4
      vertex 2.22415 120.15 4.09296
      vertex 2.2557 120.15 4
    endloop
  endfacet
  facet normal 0.66973 -0.707281 0.226307
    outer loop
      vertex 2.22415 120.15 4.09296
      vertex 2.81739 120.682 4
      vertex 3.07411 120.95 4.07785
    endloop
  endfacet
  facet normal 0.392836 -0.70711 0.587942
    outer loop
      vertex 1.64365 120.95 5.94211
      vertex 1.22092 120.15 5.26241
      vertex 1.43813 120.15 5.11728
    endloop
  endfacet
  facet normal 0.392846 -0.707108 0.587938
    outer loop
      vertex 1.64365 120.95 5.94211
      vertex 1.43813 120.15 5.11728
      vertex 1.90436 120.95 5.76791
    endloop
  endfacet
  facet normal 0.382743 0 0.923855
    outer loop
      vertex 1.17487 139.05 6.17329
      vertex 1.27159 120.95 6.13322
      vertex 1.27159 139.05 6.13322
    endloop
  endfacet
  facet normal 0.382743 0 0.923855
    outer loop
      vertex 1.27159 120.95 6.13322
      vertex 1.17487 139.05 6.17329
      vertex 1.17487 120.95 6.17329
    endloop
  endfacet
  facet normal 0.137954 -0.70711 0.693515
    outer loop
      vertex 0.469193 120.95 6.36237
      vertex 0.338928 120.15 5.5726
      vertex 0.59491 120.15 5.52168
    endloop
  endfacet
  facet normal -0.0462816 0.707116 0.705582
    outer loop
      vertex -0.286926 139.85 5.57945
      vertex -0.365433 139.05 6.37604
      vertex -0.0260773 139.85 5.59656
    endloop
  endfacet
  facet normal 0.923869 -0 0.382709
    outer loop
      vertex 2.93323 120.95 4.47159
      vertex 2.9733 139.05 4.37486
      vertex 2.93323 139.05 4.47159
    endloop
  endfacet
  facet normal 0.923869 0 0.382709
    outer loop
      vertex 2.9733 139.05 4.37486
      vertex 2.93323 120.95 4.47159
      vertex 2.9733 120.95 4.37486
    endloop
  endfacet
  facet normal 0.612378 -0.707103 0.353552
    outer loop
      vertex 2.74211 120.95 4.84364
      vertex 2.08849 120.15 4.37576
      vertex 2.7944 120.95 4.75307
    endloop
  endfacet
  facet normal 0.466232 0.707106 0.531629
    outer loop
      vertex 2.22331 139.05 5.4973
      vertex 1.67612 139.85 4.91312
      vertex 1.9874 139.05 5.70419
    endloop
  endfacet
  facet normal -0.353579 -0.707108 0.612356
    outer loop
      vertex -1.17577 120.15 5.28848
      vertex -1.64365 120.95 5.94211
      vertex -1.22092 120.15 5.26241
    endloop
  endfacet
  facet normal 0.634186 -0.707114 0.312727
    outer loop
      vertex 2.93323 120.95 4.47159
      vertex 2.08849 120.15 4.37576
      vertex 2.20416 120.15 4.14119
    endloop
  endfacet
  facet normal -0.531628 -0.70711 0.466227
    outer loop
      vertex -1.71312 120.15 4.87611
      vertex -2.5042 120.95 5.18739
      vertex -1.88542 120.15 4.67964
    endloop
  endfacet
  facet normal -0.560978 -0.707111 0.430462
    outer loop
      vertex -2.56792 120.95 5.10435
      vertex -1.88542 120.15 4.67964
      vertex -2.5042 120.95 5.18739
    endloop
  endfacet
  facet normal -0.560978 -0.707111 0.430462
    outer loop
      vertex -1.88542 120.15 4.67964
      vertex -2.56792 120.95 5.10435
      vertex -1.91728 120.15 4.63812
    endloop
  endfacet
  facet normal -0.466213 -0.707109 0.53164
    outer loop
      vertex -1.47964 120.15 5.08542
      vertex -1.9874 120.95 5.70419
      vertex -1.67612 120.15 4.91312
    endloop
  endfacet
  facet normal -0.634186 -0.707114 0.312727
    outer loop
      vertex -2.08849 120.15 4.37576
      vertex -2.93323 120.95 4.47159
      vertex -2.20416 120.15 4.14119
    endloop
  endfacet
  facet normal 0.793348 -0 0.608768
    outer loop
      vertex 2.5042 120.95 5.18739
      vertex 2.56792 139.05 5.10435
      vertex 2.5042 139.05 5.18739
    endloop
  endfacet
  facet normal 0.793348 0 0.608768
    outer loop
      vertex 2.56792 139.05 5.10435
      vertex 2.5042 120.95 5.18739
      vertex 2.56792 120.95 5.10435
    endloop
  endfacet
  facet normal 0.63417 0.707104 0.312782
    outer loop
      vertex 2.93323 139.05 4.47159
      vertex 2.08849 139.85 4.37576
      vertex 2.7944 139.05 4.75307
    endloop
  endfacet
  facet normal -0.587942 -0.70711 0.392836
    outer loop
      vertex -1.91728 120.15 4.63812
      vertex -2.74211 120.95 4.84364
      vertex -2.06241 120.15 4.42091
    endloop
  endfacet
  facet normal -0.997859 0 0.0653968
    outer loop
      vertex -3.19827 120.95 3.22609
      vertex -3.17603 139.05 3.56544
      vertex -3.19827 139.05 3.22609
    endloop
  endfacet
  facet normal -0.997859 0 0.0653968
    outer loop
      vertex -3.17603 139.05 3.56544
      vertex -3.19827 120.95 3.22609
      vertex -3.17603 120.95 3.56544
    endloop
  endfacet
  facet normal -0.466232 -0.707106 0.531629
    outer loop
      vertex -1.9874 120.95 5.70419
      vertex -2.22331 120.95 5.4973
      vertex -1.67612 120.15 4.91312
    endloop
  endfacet
  facet normal -0.5 -0.707107 0.5
    outer loop
      vertex -2.2973 120.95 5.42331
      vertex -1.67612 120.15 4.91312
      vertex -2.22331 120.95 5.4973
    endloop
  endfacet
  facet normal -0.500064 -0.707111 0.499929
    outer loop
      vertex -1.67612 120.15 4.91312
      vertex -2.2973 120.95 5.42331
      vertex -1.71312 120.15 4.87611
    endloop
  endfacet
  facet normal -0.63417 -0.707104 0.312782
    outer loop
      vertex -2.7944 120.95 4.75307
      vertex -2.93323 120.95 4.47159
      vertex -2.08849 120.15 4.37576
    endloop
  endfacet
  facet normal -0.612378 -0.707103 0.353552
    outer loop
      vertex -2.74211 120.95 4.84364
      vertex -2.7944 120.95 4.75307
      vertex -2.08849 120.15 4.37576
    endloop
  endfacet
  facet normal -0.706724 -0.707103 0.0233594
    outer loop
      vertex -3.19827 120.95 3.22609
      vertex -3.2 120.95 3.17375
      vertex -2.39914 120.15 3.18678
    endloop
  endfacet
  facet normal -0.137959 -0.70711 0.693515
    outer loop
      vertex -0.469193 120.95 6.36237
      vertex -0.776794 120.95 6.30118
      vertex -0.59491 120.15 5.52168
    endloop
  endfacet
  facet normal 0.653215 0.707114 0.270739
    outer loop
      vertex 2.22415 139.85 4.09296
      vertex 2.20416 139.85 4.14119
      vertex 2.93323 139.05 4.47159
    endloop
  endfacet
  facet normal -0.321386 0 -0.946948
    outer loop
      vertex -2.70615 120.95 0.0608978
      vertex -2.60706 139.05 0.0272675
      vertex -2.60706 120.95 0.0272675
    endloop
  endfacet
  facet normal -0.321386 0 -0.946948
    outer loop
      vertex -2.60706 139.05 0.0272675
      vertex -2.70615 120.95 0.0608978
      vertex -2.70615 139.05 0.0608978
    endloop
  endfacet
  facet normal -0.705597 0.707102 0.0462428
    outer loop
      vertex -2.39914 139.85 3.18678
      vertex -3.19827 139.05 3.22609
      vertex -3.17603 139.05 3.56544
    endloop
  endfacet
  facet normal -0.669585 -0.707108 0.227273
    outer loop
      vertex -2.22415 120.15 4.09296
      vertex -3.07411 120.95 4.07785
      vertex -2.30812 120.15 3.84557
    endloop
  endfacet
  facet normal -0.669586 -0.707109 0.227268
    outer loop
      vertex -2.9733 120.95 4.37486
      vertex -3.07411 120.95 4.07785
      vertex -2.22415 120.15 4.09296
    endloop
  endfacet
  facet normal -0.991444 0 0.130536
    outer loop
      vertex -3.17603 120.95 3.56544
      vertex -3.16237 139.05 3.66919
      vertex -3.17603 139.05 3.56544
    endloop
  endfacet
  facet normal -0.991444 0 0.130536
    outer loop
      vertex -3.16237 139.05 3.66919
      vertex -3.17603 120.95 3.56544
      vertex -3.16237 120.95 3.66919
    endloop
  endfacet
  facet normal -0.707102 0.707111 0
    outer loop
      vertex -3.2 139.05 3.17375
      vertex -2.39999 139.85 0.826111
      vertex -3.2 139.05 0.800003
    endloop
  endfacet
  facet normal -0.707102 0.707111 0
    outer loop
      vertex -2.39999 139.85 0.826111
      vertex -3.2 139.05 3.17375
      vertex -2.39999 139.85 3.16084
    endloop
  endfacet
  facet normal -0.531431 0.707351 -0.466085
    outer loop
      vertex -2.96568 139.05 0.234314
      vertex -3.03468 139.05 0.312988
      vertex -2.39839 139.85 0.801605
    endloop
  endfacet
  facet normal -0.705599 -0.707112 -0.0460687
    outer loop
      vertex -2.39999 120.15 0.826111
      vertex -3.2 120.95 0.800003
      vertex -2.39839 120.15 0.801605
    endloop
  endfacet
  facet normal 0 -1 0
    outer loop
      vertex 0 120.15 4.50814
      vertex -0.0260773 120.15 5.59656
      vertex -0.286926 120.15 5.57945
    endloop
  endfacet
  facet normal 0 -1 0
    outer loop
      vertex -0.0260773 120.15 5.59656
      vertex 0 120.15 4.50814
      vertex 0.0260773 120.15 5.59656
    endloop
  endfacet
  facet normal 0 -1 0
    outer loop
      vertex 0 120.15 4.50814
      vertex -0.286926 120.15 5.57945
      vertex -0.338928 120.15 5.5726
    endloop
  endfacet
  facet normal 0 -1 -0
    outer loop
      vertex 0.0260773 120.15 5.59656
      vertex 0 120.15 4.50814
      vertex 0.286926 120.15 5.57945
    endloop
  endfacet
  facet normal 0 -1 0
    outer loop
      vertex 0 120.15 4.50814
      vertex -0.338928 120.15 5.5726
      vertex -0.59491 120.15 5.52168
    endloop
  endfacet
  facet normal 0 -1 -0
    outer loop
      vertex 0.286926 120.15 5.57945
      vertex 0 120.15 4.50814
      vertex 0.338928 120.15 5.5726
    endloop
  endfacet
  facet normal 0 -1 0
    outer loop
      vertex 0 120.15 4.50814
      vertex -0.59491 120.15 5.52168
      vertex -0.645569 120.15 5.50812
    endloop
  endfacet
  facet normal 0 -1 -0
    outer loop
      vertex 0.338928 120.15 5.5726
      vertex 0 120.15 4.50814
      vertex 0.59491 120.15 5.52168
    endloop
  endfacet
  facet normal 0 -1 0
    outer loop
      vertex 0 120.15 4.50814
      vertex -0.645569 120.15 5.50812
      vertex -0.89296 120.15 5.42415
    endloop
  endfacet
  facet normal 0 -1 -0
    outer loop
      vertex 0.59491 120.15 5.52168
      vertex 0 120.15 4.50814
      vertex 0.645569 120.15 5.50812
    endloop
  endfacet
  facet normal 0 -1 0
    outer loop
      vertex 0 120.15 4.50814
      vertex -0.89296 120.15 5.42415
      vertex -0.941193 120.15 5.40416
    endloop
  endfacet
  facet normal 0 -1 -0
    outer loop
      vertex 0.645569 120.15 5.50812
      vertex 0 120.15 4.50814
      vertex 0.89296 120.15 5.42415
    endloop
  endfacet
  facet normal 0 -1 0
    outer loop
      vertex 0 120.15 4.50814
      vertex -0.941193 120.15 5.40416
      vertex -1.17577 120.15 5.28848
    endloop
  endfacet
  facet normal 0 -1 -0
    outer loop
      vertex 0.89296 120.15 5.42415
      vertex 0 120.15 4.50814
      vertex 0.941193 120.15 5.40416
    endloop
  endfacet
  facet normal 0 -1 0
    outer loop
      vertex -0.654068 120.15 3.85407
      vertex -1.17577 120.15 5.28848
      vertex -1.22092 120.15 5.26241
    endloop
  endfacet
  facet normal 0 -1 -0
    outer loop
      vertex 0.941193 120.15 5.40416
      vertex 0 120.15 4.50814
      vertex 1.17577 120.15 5.28848
    endloop
  endfacet
  facet normal 0 -1 0
    outer loop
      vertex -0.654068 120.15 3.85407
      vertex -1.22092 120.15 5.26241
      vertex -1.43813 120.15 5.11728
    endloop
  endfacet
  facet normal 0 -1 0
    outer loop
      vertex 0.654068 120.15 3.85407
      vertex 1.17577 120.15 5.28848
      vertex 0 120.15 4.50814
    endloop
  endfacet
  facet normal 0 -1 0
    outer loop
      vertex -0.654068 120.15 3.85407
      vertex -1.43813 120.15 5.11728
      vertex -1.47964 120.15 5.08542
    endloop
  endfacet
  facet normal 0 -1 -0
    outer loop
      vertex 1.17577 120.15 5.28848
      vertex 0.654068 120.15 3.85407
      vertex 1.22092 120.15 5.26241
    endloop
  endfacet
  facet normal 0 -1 0
    outer loop
      vertex -0.654068 120.15 3.85407
      vertex -1.47964 120.15 5.08542
      vertex -1.67612 120.15 4.91312
    endloop
  endfacet
  facet normal 0 -1 -0
    outer loop
      vertex 1.22092 120.15 5.26241
      vertex 0.654068 120.15 3.85407
      vertex 1.43813 120.15 5.11728
    endloop
  endfacet
  facet normal 0 -1 0
    outer loop
      vertex -0.654068 120.15 3.85407
      vertex -1.67612 120.15 4.91312
      vertex -1.71312 120.15 4.87611
    endloop
  endfacet
  facet normal 0 -1 -0
    outer loop
      vertex 1.43813 120.15 5.11728
      vertex 0.654068 120.15 3.85407
      vertex 1.47964 120.15 5.08542
    endloop
  endfacet
  facet normal 0 -1 0
    outer loop
      vertex -0.654068 120.15 3.85407
      vertex -1.71312 120.15 4.87611
      vertex -1.88542 120.15 4.67964
    endloop
  endfacet
  facet normal 0 -1 -0
    outer loop
      vertex 1.47964 120.15 5.08542
      vertex 0.654068 120.15 3.85407
      vertex 1.67612 120.15 4.91312
    endloop
  endfacet
  facet normal 0 -1 0
    outer loop
      vertex -0.733841 120.15 3.76309
      vertex -1.88542 120.15 4.67964
      vertex -1.91728 120.15 4.63812
    endloop
  endfacet
  facet normal 0 -1 -0
    outer loop
      vertex 1.67612 120.15 4.91312
      vertex 0.654068 120.15 3.85407
      vertex 1.71312 120.15 4.87611
    endloop
  endfacet
  facet normal 0 -1 -0
    outer loop
      vertex 1.71312 120.15 4.87611
      vertex 0.654068 120.15 3.85407
      vertex 1.88542 120.15 4.67964
    endloop
  endfacet
  facet normal 0 -1 0
    outer loop
      vertex -0.733841 120.15 3.76309
      vertex -1.91728 120.15 4.63812
      vertex -2.06241 120.15 4.42091
    endloop
  endfacet
  facet normal 0 -1 0
    outer loop
      vertex -0.801071 120.15 3.66249
      vertex -2.06241 120.15 4.42091
      vertex -2.08849 120.15 4.37576
    endloop
  endfacet
  facet normal 0 -1 0
    outer loop
      vertex -0.801071 120.15 3.66249
      vertex -2.08849 120.15 4.37576
      vertex -2.20416 120.15 4.14119
    endloop
  endfacet
  facet normal 0 -1 0
    outer loop
      vertex -0.854584 120.15 3.55397
      vertex -2.20416 120.15 4.14119
      vertex -2.22415 120.15 4.09296
    endloop
  endfacet
  facet normal 0 -1 0
    outer loop
      vertex -1.17577 120.15 5.28848
      vertex -0.654068 120.15 3.85407
      vertex 0 120.15 4.50814
    endloop
  endfacet
  facet normal 0 -1 0
    outer loop
      vertex -0.854584 120.15 3.55397
      vertex -2.22415 120.15 4.09296
      vertex -2.30812 120.15 3.84557
    endloop
  endfacet
  facet normal 0 -1 0
    outer loop
      vertex -0.893478 120.15 3.43939
      vertex -2.30812 120.15 3.84557
      vertex -2.32169 120.15 3.79491
    endloop
  endfacet
  facet normal 0 -1 0
    outer loop
      vertex -1.88542 120.15 4.67964
      vertex -0.733841 120.15 3.76309
      vertex -0.654068 120.15 3.85407
    endloop
  endfacet
  facet normal 0 -1 0
    outer loop
      vertex -2.06241 120.15 4.42091
      vertex -0.801071 120.15 3.66249
      vertex -0.733841 120.15 3.76309
    endloop
  endfacet
  facet normal 0 -1 0
    outer loop
      vertex -2.20416 120.15 4.14119
      vertex -0.854584 120.15 3.55397
      vertex -0.801071 120.15 3.66249
    endloop
  endfacet
  facet normal 0 -1 0
    outer loop
      vertex -0.893478 120.15 3.43939
      vertex -2.32169 120.15 3.79491
      vertex -2.37263 120.15 3.5388
    endloop
  endfacet
  facet normal 0 -1 0
    outer loop
      vertex -0.917084 120.15 3.32073
      vertex -2.37263 120.15 3.5388
      vertex -2.37946 120.15 3.48695
    endloop
  endfacet
  facet normal 0 -1 0
    outer loop
      vertex -2.30812 120.15 3.84557
      vertex -0.893478 120.15 3.43939
      vertex -0.854584 120.15 3.55397
    endloop
  endfacet
  facet normal 0 -1 0
    outer loop
      vertex -2.37263 120.15 3.5388
      vertex -0.917084 120.15 3.32073
      vertex -0.893478 120.15 3.43939
    endloop
  endfacet
  facet normal 0 -1 0
    outer loop
      vertex -2.37946 120.15 3.48695
      vertex -0.924988 120.15 3.2
      vertex -0.917084 120.15 3.32073
    endloop
  endfacet
  facet normal 0 -1 0
    outer loop
      vertex -2.39914 120.15 3.18678
      vertex -0.924988 120.15 3.2
      vertex -2.37946 120.15 3.48695
    endloop
  endfacet
  facet normal 0 -1 0
    outer loop
      vertex -2.39999 120.15 3.16084
      vertex -0.924988 120.15 3.2
      vertex -2.39914 120.15 3.18678
    endloop
  endfacet
  facet normal 0 -1 0
    outer loop
      vertex -2.39999 120.15 3.16084
      vertex -0.917084 120.15 3.07927
      vertex -0.924988 120.15 3.2
    endloop
  endfacet
  facet normal 0 -1 0
    outer loop
      vertex -2.39999 120.15 3.16084
      vertex -0.893478 120.15 2.9606
      vertex -0.917084 120.15 3.07927
    endloop
  endfacet
  facet normal 0 -1 0
    outer loop
      vertex -2.39999 120.15 3.16084
      vertex -0.854584 120.15 2.84603
      vertex -0.893478 120.15 2.9606
    endloop
  endfacet
  facet normal 0 -1 0
    outer loop
      vertex -2.39999 120.15 3.16084
      vertex -0.801071 120.15 2.73751
      vertex -0.854584 120.15 2.84603
    endloop
  endfacet
  facet normal 0 -1 0
    outer loop
      vertex -2.39999 120.15 0.826111
      vertex -0.801071 120.15 2.73751
      vertex -2.39999 120.15 3.16084
    endloop
  endfacet
  facet normal 0 -1 -0
    outer loop
      vertex -0.801071 120.15 2.73751
      vertex -2.39999 120.15 0.826111
      vertex -0.733841 120.15 2.6369
    endloop
  endfacet
  facet normal 0 -1 -0
    outer loop
      vertex -0.733841 120.15 2.6369
      vertex -2.39999 120.15 0.826111
      vertex -0.654068 120.15 2.54593
    endloop
  endfacet
  facet normal 0 -1 0
    outer loop
      vertex -2.37389 120.15 0.800003
      vertex -0.654068 120.15 2.54593
      vertex -2.39999 120.15 0.826111
    endloop
  endfacet
  facet normal 0 -1 -0
    outer loop
      vertex -0.654068 120.15 2.54593
      vertex -2.37389 120.15 0.800003
      vertex -0.563095 120.15 2.46616
    endloop
  endfacet
  facet normal 0 -1 0
    outer loop
      vertex -0.353973 120.15 2.34542
      vertex 0.199997 120.15 0.800003
      vertex -0.239395 120.15 2.30652
    endloop
  endfacet
  facet normal 0 -1 0
    outer loop
      vertex -0.462494 120.15 2.39893
      vertex 0.199997 120.15 0.800003
      vertex -0.353973 120.15 2.34542
    endloop
  endfacet
  facet normal 0 -1 0
    outer loop
      vertex 0.199997 120.15 0.800003
      vertex -0.462494 120.15 2.39893
      vertex -2.37389 120.15 0.800003
    endloop
  endfacet
  facet normal 0 -1 -0
    outer loop
      vertex -0.563095 120.15 2.46616
      vertex -2.37389 120.15 0.800003
      vertex -0.462494 120.15 2.39893
    endloop
  endfacet
  facet normal 0 -1 0
    outer loop
      vertex 0.733841 120.15 3.76309
      vertex 1.88542 120.15 4.67964
      vertex 0.654068 120.15 3.85407
    endloop
  endfacet
  facet normal 0 -1 -0
    outer loop
      vertex 1.88542 120.15 4.67964
      vertex 0.733841 120.15 3.76309
      vertex 1.91728 120.15 4.63812
    endloop
  endfacet
  facet normal 0 -1 -0
    outer loop
      vertex 1.91728 120.15 4.63812
      vertex 0.733841 120.15 3.76309
      vertex 2.06241 120.15 4.42091
    endloop
  endfacet
  facet normal 0 -1 0
    outer loop
      vertex 0.801071 120.15 3.66249
      vertex 2.06241 120.15 4.42091
      vertex 0.733841 120.15 3.76309
    endloop
  endfacet
  facet normal 0 -1 -0
    outer loop
      vertex 2.06241 120.15 4.42091
      vertex 0.801071 120.15 3.66249
      vertex 2.08849 120.15 4.37576
    endloop
  endfacet
  facet normal 0 -1 -0
    outer loop
      vertex 2.08849 120.15 4.37576
      vertex 0.801071 120.15 3.66249
      vertex 2.20416 120.15 4.14119
    endloop
  endfacet
  facet normal 0 -1 0
    outer loop
      vertex 0.854584 120.15 3.55397
      vertex 2.20416 120.15 4.14119
      vertex 0.801071 120.15 3.66249
    endloop
  endfacet
  facet normal 0 -1 -0
    outer loop
      vertex 2.20416 120.15 4.14119
      vertex 0.854584 120.15 3.55397
      vertex 2.22415 120.15 4.09296
    endloop
  endfacet
  facet normal 0 -1 -0
    outer loop
      vertex 2.22415 120.15 4.09296
      vertex 0.854584 120.15 3.55397
      vertex 2.2557 120.15 4
    endloop
  endfacet
  facet normal 0 -1 0
    outer loop
      vertex 0.893478 120.15 3.43939
      vertex 2.2557 120.15 4
      vertex 0.854584 120.15 3.55397
    endloop
  endfacet
  facet normal 0 -1 0
    outer loop
      vertex 0.917084 120.15 3.32073
      vertex 2.2557 120.15 4
      vertex 0.893478 120.15 3.43939
    endloop
  endfacet
  facet normal 0 -1 0
    outer loop
      vertex 0.924988 120.15 3.2
      vertex 2.2557 120.15 4
      vertex 0.917084 120.15 3.32073
    endloop
  endfacet
  facet normal 0 -1 0
    outer loop
      vertex 0.917084 120.15 3.07927
      vertex 2.2557 120.15 4
      vertex 0.924988 120.15 3.2
    endloop
  endfacet
  facet normal 0 -1 0
    outer loop
      vertex 0.893478 120.15 2.9606
      vertex 2.2557 120.15 4
      vertex 0.917084 120.15 3.07927
    endloop
  endfacet
  facet normal 0 -1 0
    outer loop
      vertex 0.854584 120.15 2.84603
      vertex 2.2557 120.15 4
      vertex 0.893478 120.15 2.9606
    endloop
  endfacet
  facet normal 0 -1 0
    outer loop
      vertex 0.801071 120.15 2.73751
      vertex 2.2557 120.15 4
      vertex 0.854584 120.15 2.84603
    endloop
  endfacet
  facet normal 0 -1 0
    outer loop
      vertex 2.2557 120.15 4
      vertex 0.801071 120.15 2.73751
      vertex 1 120.15 0
    endloop
  endfacet
  facet normal 0 -1 0
    outer loop
      vertex 1 120.15 0
      vertex 0.801071 120.15 2.73751
      vertex 0.733841 120.15 2.6369
    endloop
  endfacet
  facet normal 0 -1 0
    outer loop
      vertex 1 120.15 0
      vertex 0.733841 120.15 2.6369
      vertex 0.654068 120.15 2.54593
    endloop
  endfacet
  facet normal 0 -1 0
    outer loop
      vertex 1 120.15 0
      vertex 0.654068 120.15 2.54593
      vertex 0.563095 120.15 2.46616
    endloop
  endfacet
  facet normal 0 -1 0
    outer loop
      vertex 0.199997 120.15 0.800003
      vertex 0.563095 120.15 2.46616
      vertex 0.462494 120.15 2.39893
    endloop
  endfacet
  facet normal 0 -1 0
    outer loop
      vertex 0.199997 120.15 0.800003
      vertex 0.462494 120.15 2.39893
      vertex 0.353973 120.15 2.34542
    endloop
  endfacet
  facet normal 0 -1 0
    outer loop
      vertex 0.199997 120.15 0.800003
      vertex 0.353973 120.15 2.34542
      vertex 0.239395 120.15 2.30652
    endloop
  endfacet
  facet normal 0 -1 0
    outer loop
      vertex -0.239395 120.15 2.30652
      vertex 0.199997 120.15 0.800003
      vertex -0.120728 120.15 2.28292
    endloop
  endfacet
  facet normal 0 -1 0
    outer loop
      vertex -0.120728 120.15 2.28292
      vertex 0.199997 120.15 0.800003
      vertex 0 120.15 2.27501
    endloop
  endfacet
  facet normal 0 -1 0
    outer loop
      vertex 0 120.15 2.27501
      vertex 0.199997 120.15 0.800003
      vertex 0.120728 120.15 2.28292
    endloop
  endfacet
  facet normal 0 -1 0
    outer loop
      vertex -2.37389 120.15 0.800003
      vertex -2.39999 120.15 0.826111
      vertex -2.39839 120.15 0.801605
    endloop
  endfacet
  facet normal 0 -1 0
    outer loop
      vertex 0.120728 120.15 2.28292
      vertex 0.199997 120.15 0.800003
      vertex 0.239395 120.15 2.30652
    endloop
  endfacet
  facet normal 0 -1 -0
    outer loop
      vertex 0.563095 120.15 2.46616
      vertex 0.199997 120.15 0.800003
      vertex 1 120.15 0
    endloop
  endfacet
  facet normal 0 -1 -0
    outer loop
      vertex 2.2557 120.15 4
      vertex 1 120.15 0
      vertex 6.7 120.15 0
    endloop
  endfacet
  facet normal 0 -1 0
    outer loop
      vertex 2.2557 120.15 4
      vertex 6.7 120.15 0
      vertex 6.7 120.15 4
    endloop
  endfacet
  facet normal -0.997855 0 -0.0654623
    outer loop
      vertex -3.19315 120.95 0.695587
      vertex -3.2 139.05 0.800003
      vertex -3.19315 139.05 0.695587
    endloop
  endfacet
  facet normal -0.997855 -0 -0.0654623
    outer loop
      vertex -3.2 139.05 0.800003
      vertex -3.19315 120.95 0.695587
      vertex -3.2 120.95 0.800003
    endloop
  endfacet
  facet normal -0.946949 0 -0.321384
    outer loop
      vertex -3.1391 120.95 0.493851
      vertex -3.17273 139.05 0.592941
      vertex -3.1391 139.05 0.493851
    endloop
  endfacet
  facet normal -0.946949 -0 -0.321384
    outer loop
      vertex -3.17273 139.05 0.592941
      vertex -3.1391 120.95 0.493851
      vertex -3.17273 120.95 0.592941
    endloop
  endfacet
  facet normal -0.634005 0.7073 -0.312672
    outer loop
      vertex -3.09282 139.05 0.400009
      vertex -3.1391 139.05 0.493851
      vertex -2.39839 139.85 0.801605
    endloop
  endfacet
  facet normal -0.831494 0 -0.555533
    outer loop
      vertex -3.03468 120.95 0.312988
      vertex -3.09282 139.05 0.400009
      vertex -3.03468 139.05 0.312988
    endloop
  endfacet
  facet normal -0.831494 -0 -0.555533
    outer loop
      vertex -3.09282 139.05 0.400009
      vertex -3.03468 120.95 0.312988
      vertex -3.09282 120.95 0.400009
    endloop
  endfacet
  facet normal -0.634005 -0.7073 -0.312672
    outer loop
      vertex -2.39839 120.15 0.801605
      vertex -3.1391 120.95 0.493851
      vertex -3.09282 120.95 0.400009
    endloop
  endfacet
  facet normal -0.896864 0 -0.442306
    outer loop
      vertex -3.09282 120.95 0.400009
      vertex -3.1391 139.05 0.493851
      vertex -3.09282 139.05 0.400009
    endloop
  endfacet
  facet normal -0.896864 -0 -0.442306
    outer loop
      vertex -3.1391 139.05 0.493851
      vertex -3.09282 120.95 0.400009
      vertex -3.1391 120.95 0.493851
    endloop
  endfacet
  facet normal 0.65935 0 0.751836
    outer loop
      vertex 1.9874 139.05 5.70419
      vertex 2.22331 120.95 5.4973
      vertex 2.22331 139.05 5.4973
    endloop
  endfacet
  facet normal 0.65935 0 0.751836
    outer loop
      vertex 2.22331 120.95 5.4973
      vertex 1.9874 139.05 5.70419
      vertex 1.9874 120.95 5.70419
    endloop
  endfacet
  facet normal -0.182957 0.70711 0.683024
    outer loop
      vertex -0.645569 139.85 5.50812
      vertex -0.877853 139.05 6.27411
      vertex -0.776794 139.05 6.30118
    endloop
  endfacet
  facet normal 0.946941 -0 0.321407
    outer loop
      vertex 2.9733 120.95 4.37486
      vertex 3.07411 139.05 4.07785
      vertex 2.9733 139.05 4.37486
    endloop
  endfacet
  facet normal 0.946941 0 0.321407
    outer loop
      vertex 3.07411 139.05 4.07785
      vertex 2.9733 120.95 4.37486
      vertex 3.07411 120.95 4.07785
    endloop
  endfacet
  facet normal -0.980783 0 0.195104
    outer loop
      vertex -3.16237 120.95 3.66919
      vertex -3.10118 139.05 3.97679
      vertex -3.16237 139.05 3.66919
    endloop
  endfacet
  facet normal -0.980783 0 0.195104
    outer loop
      vertex -3.10118 139.05 3.97679
      vertex -3.16237 120.95 3.66919
      vertex -3.10118 120.95 3.97679
    endloop
  endfacet
  facet normal -0.5 0.707107 0.5
    outer loop
      vertex -1.67612 139.85 4.91312
      vertex -2.2973 139.05 5.42331
      vertex -2.22331 139.05 5.4973
    endloop
  endfacet
  facet normal -0.500064 0.707111 0.499929
    outer loop
      vertex -2.2973 139.05 5.42331
      vertex -1.67612 139.85 4.91312
      vertex -1.71312 139.85 4.87611
    endloop
  endfacet
  facet normal -0.392836 -0.70711 0.587942
    outer loop
      vertex -1.22092 120.15 5.26241
      vertex -1.64365 120.95 5.94211
      vertex -1.43813 120.15 5.11728
    endloop
  endfacet
  facet normal -0.705597 -0.707102 0.0462428
    outer loop
      vertex -3.17603 120.95 3.56544
      vertex -3.19827 120.95 3.22609
      vertex -2.39914 120.15 3.18678
    endloop
  endfacet
  facet normal -0.706726 -0.707108 0.0231579
    outer loop
      vertex -2.39914 120.15 3.18678
      vertex -3.2 120.95 3.17375
      vertex -2.39999 120.15 3.16084
    endloop
  endfacet
  facet normal -0.555568 0 0.831471
    outer loop
      vertex -1.90436 139.05 5.76791
      vertex -1.64365 120.95 5.94211
      vertex -1.64365 139.05 5.94211
    endloop
  endfacet
  facet normal -0.555568 0 0.831471
    outer loop
      vertex -1.64365 120.95 5.94211
      vertex -1.90436 139.05 5.76791
      vertex -1.90436 120.95 5.76791
    endloop
  endfacet
  facet normal 0.430464 0.707108 0.560981
    outer loop
      vertex 1.9874 139.05 5.70419
      vertex 1.43813 139.85 5.11728
      vertex 1.90436 139.05 5.76791
    endloop
  endfacet
  facet normal 0.430527 0.707112 0.560928
    outer loop
      vertex 1.43813 139.85 5.11728
      vertex 1.9874 139.05 5.70419
      vertex 1.47964 139.85 5.08542
    endloop
  endfacet
  facet normal 0.182834 -0.707116 0.683051
    outer loop
      vertex 0.776794 120.95 6.30118
      vertex 0.59491 120.15 5.52168
      vertex 0.645569 120.15 5.50812
    endloop
  endfacet
  facet normal 0.182957 -0.70711 0.683024
    outer loop
      vertex 0.776794 120.95 6.30118
      vertex 0.645569 120.15 5.50812
      vertex 0.877853 120.95 6.27411
    endloop
  endfacet
  facet normal 0.5 -0.707107 0.5
    outer loop
      vertex 1.67612 120.15 4.91312
      vertex 2.2973 120.95 5.42331
      vertex 2.22331 120.95 5.4973
    endloop
  endfacet
  facet normal 0.500064 -0.707111 0.499929
    outer loop
      vertex 2.2973 120.95 5.42331
      vertex 1.67612 120.15 4.91312
      vertex 1.71312 120.15 4.87611
    endloop
  endfacet
  facet normal 0.531626 -0.707109 0.466231
    outer loop
      vertex 2.2973 120.95 5.42331
      vertex 1.71312 120.15 4.87611
      vertex 2.5042 120.95 5.18739
    endloop
  endfacet
  facet normal 0.0923452 0.707116 0.701042
    outer loop
      vertex 0.338928 139.85 5.5726
      vertex 0.286926 139.85 5.57945
      vertex 0.365433 139.05 6.37604
    endloop
  endfacet
  facet normal 0.896848 -0 0.442338
    outer loop
      vertex 2.7944 120.95 4.75307
      vertex 2.93323 139.05 4.47159
      vertex 2.7944 139.05 4.75307
    endloop
  endfacet
  facet normal 0.896848 0 0.442338
    outer loop
      vertex 2.93323 139.05 4.47159
      vertex 2.7944 120.95 4.75307
      vertex 2.93323 120.95 4.47159
    endloop
  endfacet
  facet normal 0.466213 0.707109 0.53164
    outer loop
      vertex 1.67612 139.85 4.91312
      vertex 1.47964 139.85 5.08542
      vertex 1.9874 139.05 5.70419
    endloop
  endfacet
  facet normal 0.182957 0.70711 0.683024
    outer loop
      vertex 0.877853 139.05 6.27411
      vertex 0.645569 139.85 5.50812
      vertex 0.776794 139.05 6.30118
    endloop
  endfacet
  facet normal -0.0461376 -0.707107 -0.705599
    outer loop
      vertex -2.39839 120.15 0.801605
      vertex -2.39999 120.95 0
      vertex -2.37389 120.15 0.800003
    endloop
  endfacet
  facet normal -0.65939 0 -0.751801
    outer loop
      vertex -2.96568 120.95 0.234314
      vertex -2.88701 139.05 0.165314
      vertex -2.88701 120.95 0.165314
    endloop
  endfacet
  facet normal -0.65939 0 -0.751801
    outer loop
      vertex -2.88701 139.05 0.165314
      vertex -2.96568 120.95 0.234314
      vertex -2.96568 139.05 0.234314
    endloop
  endfacet
  facet normal -0.669459 0.707249 -0.227207
    outer loop
      vertex -3.1391 139.05 0.493851
      vertex -3.17273 139.05 0.592941
      vertex -2.39839 139.85 0.801605
    endloop
  endfacet
  facet normal -0.693443 0.707182 -0.137951
    outer loop
      vertex -3.17273 139.05 0.592941
      vertex -3.19315 139.05 0.695587
      vertex -2.39839 139.85 0.801605
    endloop
  endfacet
  facet normal -0.683025 -0.707109 0.182956
    outer loop
      vertex -3.07411 120.95 4.07785
      vertex -3.10118 120.95 3.97679
      vertex -2.30812 120.15 3.84557
    endloop
  endfacet
  facet normal -0.965947 0 0.258739
    outer loop
      vertex -3.10118 120.95 3.97679
      vertex -3.07411 139.05 4.07785
      vertex -3.10118 139.05 3.97679
    endloop
  endfacet
  facet normal -0.965947 0 0.258739
    outer loop
      vertex -3.07411 139.05 4.07785
      vertex -3.10118 120.95 3.97679
      vertex -3.07411 120.95 4.07785
    endloop
  endfacet
  facet normal -0.701055 -0.707108 0.0923028
    outer loop
      vertex -3.16237 120.95 3.66919
      vertex -3.17603 120.95 3.56544
      vertex -2.37263 120.15 3.5388
    endloop
  endfacet
  facet normal -0.137922 0.707181 -0.69345
    outer loop
      vertex -2.50441 139.05 0.0068512
      vertex -2.60706 139.05 0.0272675
      vertex -2.39839 139.85 0.801605
    endloop
  endfacet
  facet normal -0.227209 0.707249 -0.669459
    outer loop
      vertex -2.60706 139.05 0.0272675
      vertex -2.70615 139.05 0.0608978
      vertex -2.39839 139.85 0.801605
    endloop
  endfacet
  facet normal -0.669459 -0.707249 -0.227207
    outer loop
      vertex -2.39839 120.15 0.801605
      vertex -3.17273 120.95 0.592941
      vertex -3.1391 120.95 0.493851
    endloop
  endfacet
  facet normal -0.587766 -0.707334 -0.392695
    outer loop
      vertex -2.39839 120.15 0.801605
      vertex -3.09282 120.95 0.400009
      vertex -3.03468 120.95 0.312988
    endloop
  endfacet
  facet normal 0.312743 0.707109 0.634183
    outer loop
      vertex 1.17577 139.85 5.28848
      vertex 0.941193 139.85 5.40416
      vertex 1.27159 139.05 6.13322
    endloop
  endfacet
  facet normal -0.137959 0.70711 0.693515
    outer loop
      vertex -0.59491 139.85 5.52168
      vertex -0.776794 139.05 6.30118
      vertex -0.469193 139.05 6.36237
    endloop
  endfacet
  facet normal 0.634186 0.707114 0.312727
    outer loop
      vertex 2.20416 139.85 4.14119
      vertex 2.08849 139.85 4.37576
      vertex 2.93323 139.05 4.47159
    endloop
  endfacet
  facet normal 0.612378 0.707103 0.353552
    outer loop
      vertex 2.7944 139.05 4.75307
      vertex 2.08849 139.85 4.37576
      vertex 2.74211 139.05 4.84364
    endloop
  endfacet
  facet normal 0.866028 -0 0.499996
    outer loop
      vertex 2.74211 120.95 4.84364
      vertex 2.7944 139.05 4.75307
      vertex 2.74211 139.05 4.84364
    endloop
  endfacet
  facet normal 0.866028 0 0.499996
    outer loop
      vertex 2.7944 139.05 4.75307
      vertex 2.74211 120.95 4.84364
      vertex 2.7944 120.95 4.75307
    endloop
  endfacet
  facet normal 0.560978 0.707111 0.430462
    outer loop
      vertex 2.56792 139.05 5.10435
      vertex 1.88542 139.85 4.67964
      vertex 2.5042 139.05 5.18739
    endloop
  endfacet
  facet normal 0.560978 0.707111 0.430462
    outer loop
      vertex 1.88542 139.85 4.67964
      vertex 2.56792 139.05 5.10435
      vertex 1.91728 139.85 4.63812
    endloop
  endfacet
  facet normal 0.66973 0.707281 0.226307
    outer loop
      vertex 2.81739 139.318 4
      vertex 2.22415 139.85 4.09296
      vertex 3.07411 139.05 4.07785
    endloop
  endfacet
  facet normal 0.669662 0.707034 0.227279
    outer loop
      vertex 2.22415 139.85 4.09296
      vertex 2.81739 139.318 4
      vertex 2.2557 139.85 4
    endloop
  endfacet
  facet normal 0.669586 0.707109 0.227268
    outer loop
      vertex 3.07411 139.05 4.07785
      vertex 2.22415 139.85 4.09296
      vertex 2.9733 139.05 4.37486
    endloop
  endfacet
  facet normal -0.653273 0.707108 0.270616
    outer loop
      vertex -2.22415 139.85 4.09296
      vertex -2.9733 139.05 4.37486
      vertex -2.93323 139.05 4.47159
    endloop
  endfacet
  facet normal 0.0462816 0.707116 0.705582
    outer loop
      vertex 0.286926 139.85 5.57945
      vertex 0.0260773 139.85 5.59656
      vertex 0.365433 139.05 6.37604
    endloop
  endfacet
  facet normal -0.587945 0.707111 0.392828
    outer loop
      vertex -1.91728 139.85 4.63812
      vertex -2.74211 139.05 4.84364
      vertex -2.56792 139.05 5.10435
    endloop
  endfacet
  facet normal -0.831486 0 0.555546
    outer loop
      vertex -2.74211 120.95 4.84364
      vertex -2.56792 139.05 5.10435
      vertex -2.74211 139.05 4.84364
    endloop
  endfacet
  facet normal -0.831486 0 0.555546
    outer loop
      vertex -2.56792 139.05 5.10435
      vertex -2.74211 120.95 4.84364
      vertex -2.56792 120.95 5.10435
    endloop
  endfacet
  facet normal -0.683025 0.707109 0.182956
    outer loop
      vertex -2.30812 139.85 3.84557
      vertex -3.10118 139.05 3.97679
      vertex -3.07411 139.05 4.07785
    endloop
  endfacet
  facet normal 0.353522 0.707105 0.612393
    outer loop
      vertex 1.64365 139.05 5.94211
      vertex 1.17577 139.85 5.28848
      vertex 1.55307 139.05 5.9944
    endloop
  endfacet
  facet normal 0.0462416 0.707108 0.705591
    outer loop
      vertex 0.365433 139.05 6.37604
      vertex 0.0260773 139.85 5.59656
      vertex 0.0523224 139.05 6.39656
    endloop
  endfacet
  facet normal -0.669585 0.707108 0.227273
    outer loop
      vertex -2.30812 139.85 3.84557
      vertex -3.07411 139.05 4.07785
      vertex -2.22415 139.85 4.09296
    endloop
  endfacet
  facet normal -0.227272 0.707109 0.669585
    outer loop
      vertex -0.645569 139.85 5.50812
      vertex -0.89296 139.85 5.42415
      vertex -0.877853 139.05 6.27411
    endloop
  endfacet
  facet normal -0.0654712 0 -0.997854
    outer loop
      vertex -2.50441 120.95 0.0068512
      vertex -2.39999 139.05 0
      vertex -2.39999 120.95 0
    endloop
  endfacet
  facet normal -0.0654712 0 -0.997854
    outer loop
      vertex -2.39999 139.05 0
      vertex -2.50441 120.95 0.0068512
      vertex -2.50441 139.05 0.0068512
    endloop
  endfacet
  facet normal -0.0462954 -0.707102 -0.705594
    outer loop
      vertex -2.39839 120.15 0.801605
      vertex -2.50441 120.95 0.0068512
      vertex -2.39999 120.95 0
    endloop
  endfacet
  facet normal -0.312679 -0.7073 -0.634002
    outer loop
      vertex -2.39839 120.15 0.801605
      vertex -2.79999 120.95 0.107178
      vertex -2.70615 120.95 0.0608978
    endloop
  endfacet
  facet normal -0.442315 0 -0.89686
    outer loop
      vertex -2.79999 120.95 0.107178
      vertex -2.70615 139.05 0.0608978
      vertex -2.70615 120.95 0.0608978
    endloop
  endfacet
  facet normal -0.442315 0 -0.89686
    outer loop
      vertex -2.70615 139.05 0.0608978
      vertex -2.79999 120.95 0.107178
      vertex -2.79999 139.05 0.107178
    endloop
  endfacet
  facet normal -0.555511 0 -0.831509
    outer loop
      vertex -2.88701 120.95 0.165314
      vertex -2.79999 139.05 0.107178
      vertex -2.79999 120.95 0.107178
    endloop
  endfacet
  facet normal -0.555511 0 -0.831509
    outer loop
      vertex -2.79999 139.05 0.107178
      vertex -2.88701 120.95 0.165314
      vertex -2.88701 139.05 0.165314
    endloop
  endfacet
  facet normal -0.392679 -0.707335 -0.587776
    outer loop
      vertex -2.39839 120.15 0.801605
      vertex -2.88701 120.95 0.165314
      vertex -2.79999 120.95 0.107178
    endloop
  endfacet
  facet normal -0.392679 0.707335 -0.587776
    outer loop
      vertex -2.79999 139.05 0.107178
      vertex -2.88701 139.05 0.165314
      vertex -2.39839 139.85 0.801605
    endloop
  endfacet
  facet normal -0.312679 0.7073 -0.634002
    outer loop
      vertex -2.70615 139.05 0.0608978
      vertex -2.79999 139.05 0.107178
      vertex -2.39839 139.85 0.801605
    endloop
  endfacet
  facet normal -0.999454 0 0.0330351
    outer loop
      vertex -3.2 120.95 3.17375
      vertex -3.19827 139.05 3.22609
      vertex -3.2 139.05 3.17375
    endloop
  endfacet
  facet normal -0.999454 0 0.0330351
    outer loop
      vertex -3.19827 139.05 3.22609
      vertex -3.2 120.95 3.17375
      vertex -3.19827 120.95 3.22609
    endloop
  endfacet
  facet normal -0.980781 0 -0.195113
    outer loop
      vertex -3.17273 120.95 0.592941
      vertex -3.19315 139.05 0.695587
      vertex -3.17273 139.05 0.592941
    endloop
  endfacet
  facet normal -0.980781 -0 -0.195113
    outer loop
      vertex -3.19315 139.05 0.695587
      vertex -3.17273 120.95 0.592941
      vertex -3.19315 120.95 0.695587
    endloop
  endfacet
  facet normal -0.693443 -0.707182 -0.137951
    outer loop
      vertex -2.39839 120.15 0.801605
      vertex -3.19315 120.95 0.695587
      vertex -3.17273 120.95 0.592941
    endloop
  endfacet
  facet normal 0.965956 -0 0.258705
    outer loop
      vertex 3.07411 120.95 4.07785
      vertex 3.09496 139.05 4
      vertex 3.07411 139.05 4.07785
    endloop
  endfacet
  facet normal 0.965956 0 0.258705
    outer loop
      vertex 3.09496 139.05 4
      vertex 3.07411 120.95 4.07785
      vertex 3.09496 120.95 4
    endloop
  endfacet
  facet normal 0.392846 0.707108 0.587938
    outer loop
      vertex 1.90436 139.05 5.76791
      vertex 1.43813 139.85 5.11728
      vertex 1.64365 139.05 5.94211
    endloop
  endfacet
  facet normal -0.560978 0.707111 0.430462
    outer loop
      vertex -1.88542 139.85 4.67964
      vertex -2.56792 139.05 5.10435
      vertex -2.5042 139.05 5.18739
    endloop
  endfacet
  facet normal -0.560978 0.707111 0.430462
    outer loop
      vertex -2.56792 139.05 5.10435
      vertex -1.88542 139.85 4.67964
      vertex -1.91728 139.85 4.63812
    endloop
  endfacet
  facet normal -0.669586 0.707109 0.227268
    outer loop
      vertex -2.22415 139.85 4.09296
      vertex -3.07411 139.05 4.07785
      vertex -2.9733 139.05 4.37486
    endloop
  endfacet
  facet normal -0.946941 0 0.321407
    outer loop
      vertex -3.07411 120.95 4.07785
      vertex -2.9733 139.05 4.37486
      vertex -3.07411 139.05 4.07785
    endloop
  endfacet
  facet normal -0.946941 0 0.321407
    outer loop
      vertex -2.9733 139.05 4.37486
      vertex -3.07411 120.95 4.07785
      vertex -2.9733 120.95 4.37486
    endloop
  endfacet
  facet normal -0.693524 0.707105 0.137941
    outer loop
      vertex -2.37263 139.85 3.5388
      vertex -3.10118 139.05 3.97679
      vertex -2.32169 139.85 3.79491
    endloop
  endfacet
  facet normal -0.693517 0.707108 0.137959
    outer loop
      vertex -2.37263 139.85 3.5388
      vertex -3.16237 139.05 3.66919
      vertex -3.10118 139.05 3.97679
    endloop
  endfacet
  facet normal -0.63417 0.707104 0.312782
    outer loop
      vertex -2.08849 139.85 4.37576
      vertex -2.93323 139.05 4.47159
      vertex -2.7944 139.05 4.75307
    endloop
  endfacet
  facet normal 0.608768 0 0.793348
    outer loop
      vertex 1.90436 139.05 5.76791
      vertex 1.9874 120.95 5.70419
      vertex 1.9874 139.05 5.70419
    endloop
  endfacet
  facet normal 0.608768 0 0.793348
    outer loop
      vertex 1.9874 120.95 5.70419
      vertex 1.90436 139.05 5.76791
      vertex 1.90436 120.95 5.76791
    endloop
  endfacet
  facet normal 0.499954 0 0.866052
    outer loop
      vertex 1.55307 139.05 5.9944
      vertex 1.64365 120.95 5.94211
      vertex 1.64365 139.05 5.94211
    endloop
  endfacet
  facet normal 0.499954 0 0.866052
    outer loop
      vertex 1.64365 120.95 5.94211
      vertex 1.55307 139.05 5.9944
      vertex 1.55307 120.95 5.9944
    endloop
  endfacet
  facet normal 0.555568 0 0.831471
    outer loop
      vertex 1.64365 139.05 5.94211
      vertex 1.90436 120.95 5.76791
      vertex 1.90436 139.05 5.76791
    endloop
  endfacet
  facet normal 0.555568 0 0.831471
    outer loop
      vertex 1.90436 120.95 5.76791
      vertex 1.64365 139.05 5.94211
      vertex 1.64365 120.95 5.94211
    endloop
  endfacet
  facet normal -0.612295 0.70711 0.35368
    outer loop
      vertex -2.08849 139.85 4.37576
      vertex -2.74211 139.05 4.84364
      vertex -2.06241 139.85 4.42091
    endloop
  endfacet
  facet normal -0.182834 0.707116 0.683051
    outer loop
      vertex -0.645569 139.85 5.50812
      vertex -0.776794 139.05 6.30118
      vertex -0.59491 139.85 5.52168
    endloop
  endfacet
  facet normal 0.707107 -0 0.707107
    outer loop
      vertex 2.22331 120.95 5.4973
      vertex 2.2973 139.05 5.42331
      vertex 2.22331 139.05 5.4973
    endloop
  endfacet
  facet normal 0.707107 0 0.707107
    outer loop
      vertex 2.2973 139.05 5.42331
      vertex 2.22331 120.95 5.4973
      vertex 2.2973 120.95 5.42331
    endloop
  endfacet
  facet normal 0.751834 -0 0.659353
    outer loop
      vertex 2.2973 120.95 5.42331
      vertex 2.5042 139.05 5.18739
      vertex 2.2973 139.05 5.42331
    endloop
  endfacet
  facet normal 0.751834 0 0.659353
    outer loop
      vertex 2.5042 139.05 5.18739
      vertex 2.2973 120.95 5.42331
      vertex 2.5042 120.95 5.18739
    endloop
  endfacet
  facet normal -0.0923595 0.707115 0.701041
    outer loop
      vertex -0.338928 139.85 5.5726
      vertex -0.469193 139.05 6.36237
      vertex -0.365433 139.05 6.37604
    endloop
  endfacet
  facet normal 0.392836 0.70711 0.587942
    outer loop
      vertex 1.43813 139.85 5.11728
      vertex 1.22092 139.85 5.26241
      vertex 1.64365 139.05 5.94211
    endloop
  endfacet
  facet normal 0.270727 0.70711 0.653225
    outer loop
      vertex 0.941193 139.85 5.40416
      vertex 0.89296 139.85 5.42415
      vertex 1.27159 139.05 6.13322
    endloop
  endfacet
  facet normal -0.587942 0.70711 0.392836
    outer loop
      vertex -2.06241 139.85 4.42091
      vertex -2.74211 139.05 4.84364
      vertex -1.91728 139.85 4.63812
    endloop
  endfacet
  facet normal 0.0923595 0.707115 0.701041
    outer loop
      vertex 0.469193 139.05 6.36237
      vertex 0.338928 139.85 5.5726
      vertex 0.365433 139.05 6.37604
    endloop
  endfacet
  facet normal -0.0462416 0.707108 0.705591
    outer loop
      vertex -0.0260773 139.85 5.59656
      vertex -0.365433 139.05 6.37604
      vertex -0.0523224 139.05 6.39656
    endloop
  endfacet
  facet normal -0 0 1
    outer loop
      vertex -0.0523224 139.05 6.39656
      vertex 0.0523224 120.95 6.39656
      vertex 0.0523224 139.05 6.39656
    endloop
  endfacet
  facet normal 0 0 1
    outer loop
      vertex 0.0523224 120.95 6.39656
      vertex -0.0523224 139.05 6.39656
      vertex -0.0523224 120.95 6.39656
    endloop
  endfacet
  facet normal -0.130618 0 0.991433
    outer loop
      vertex -0.469193 139.05 6.36237
      vertex -0.365433 120.95 6.37604
      vertex -0.365433 139.05 6.37604
    endloop
  endfacet
  facet normal -0.130618 0 0.991433
    outer loop
      vertex -0.365433 120.95 6.37604
      vertex -0.469193 139.05 6.36237
      vertex -0.469193 120.95 6.36237
    endloop
  endfacet
  facet normal -0.0653957 0 0.997859
    outer loop
      vertex -0.365433 139.05 6.37604
      vertex -0.0523224 120.95 6.39656
      vertex -0.0523224 139.05 6.39656
    endloop
  endfacet
  facet normal -0.0653957 0 0.997859
    outer loop
      vertex -0.0523224 120.95 6.39656
      vertex -0.365433 139.05 6.37604
      vertex -0.365433 120.95 6.37604
    endloop
  endfacet
  facet normal 0.137954 0.70711 0.693515
    outer loop
      vertex 0.59491 139.85 5.52168
      vertex 0.338928 139.85 5.5726
      vertex 0.469193 139.05 6.36237
    endloop
  endfacet
  facet normal 0.0653957 0 0.997859
    outer loop
      vertex 0.0523224 139.05 6.39656
      vertex 0.365433 120.95 6.37604
      vertex 0.365433 139.05 6.37604
    endloop
  endfacet
  facet normal 0.0653957 0 0.997859
    outer loop
      vertex 0.365433 120.95 6.37604
      vertex 0.0523224 139.05 6.39656
      vertex 0.0523224 120.95 6.39656
    endloop
  endfacet
  facet normal 0 1 -0
    outer loop
      vertex 6.7 139.85 0
      vertex 2.2557 139.85 4
      vertex 6.7 139.85 4
    endloop
  endfacet
  facet normal 0 1 0
    outer loop
      vertex 2.2557 139.85 4
      vertex 0.733841 139.85 3.76309
      vertex 0.654068 139.85 3.85407
    endloop
  endfacet
  facet normal 0 1 0
    outer loop
      vertex 2.2557 139.85 4
      vertex 0.801071 139.85 3.66249
      vertex 0.733841 139.85 3.76309
    endloop
  endfacet
  facet normal 0 1 0
    outer loop
      vertex 2.2557 139.85 4
      vertex 0.854584 139.85 3.55397
      vertex 0.801071 139.85 3.66249
    endloop
  endfacet
  facet normal 0 1 0
    outer loop
      vertex 2.2557 139.85 4
      vertex 0.893478 139.85 3.43939
      vertex 0.854584 139.85 3.55397
    endloop
  endfacet
  facet normal 0 1 0
    outer loop
      vertex 2.2557 139.85 4
      vertex 0.917084 139.85 3.32073
      vertex 0.893478 139.85 3.43939
    endloop
  endfacet
  facet normal 0 1 0
    outer loop
      vertex 2.2557 139.85 4
      vertex 0.924988 139.85 3.2
      vertex 0.917084 139.85 3.32073
    endloop
  endfacet
  facet normal 0 1 0
    outer loop
      vertex 2.2557 139.85 4
      vertex 0.917084 139.85 3.07927
      vertex 0.924988 139.85 3.2
    endloop
  endfacet
  facet normal 0 1 0
    outer loop
      vertex 2.2557 139.85 4
      vertex 0.893478 139.85 2.9606
      vertex 0.917084 139.85 3.07927
    endloop
  endfacet
  facet normal 0 1 0
    outer loop
      vertex 1 139.85 0
      vertex 2.2557 139.85 4
      vertex 6.7 139.85 0
    endloop
  endfacet
  facet normal 0 1 0
    outer loop
      vertex 2.2557 139.85 4
      vertex 0.854584 139.85 2.84603
      vertex 0.893478 139.85 2.9606
    endloop
  endfacet
  facet normal -0 1 0
    outer loop
      vertex 0.801071 139.85 2.73751
      vertex 2.2557 139.85 4
      vertex 1 139.85 0
    endloop
  endfacet
  facet normal 0 1 0
    outer loop
      vertex 2.2557 139.85 4
      vertex 0.801071 139.85 2.73751
      vertex 0.854584 139.85 2.84603
    endloop
  endfacet
  facet normal 0 1 0
    outer loop
      vertex 0.801071 139.85 2.73751
      vertex 1 139.85 0
      vertex 0.733841 139.85 2.6369
    endloop
  endfacet
  facet normal 0 1 0
    outer loop
      vertex 0.733841 139.85 2.6369
      vertex 1 139.85 0
      vertex 0.654068 139.85 2.54593
    endloop
  endfacet
  facet normal 0 1 0
    outer loop
      vertex 0.654068 139.85 2.54593
      vertex 1 139.85 0
      vertex 0.563095 139.85 2.46616
    endloop
  endfacet
  facet normal 0 1 0
    outer loop
      vertex 0.563095 139.85 2.46616
      vertex 0.199997 139.85 0.800003
      vertex 0.462494 139.85 2.39893
    endloop
  endfacet
  facet normal 0 1 0
    outer loop
      vertex 0.199997 139.85 0.800003
      vertex 0 139.85 2.27501
      vertex 0.120728 139.85 2.28292
    endloop
  endfacet
  facet normal 0 1 -0
    outer loop
      vertex 0.199997 139.85 0.800003
      vertex 0.120728 139.85 2.28292
      vertex 0.239395 139.85 2.30652
    endloop
  endfacet
  facet normal 0 1 0
    outer loop
      vertex 0.462494 139.85 2.39893
      vertex 0.199997 139.85 0.800003
      vertex 0.353973 139.85 2.34542
    endloop
  endfacet
  facet normal 0 1 0
    outer loop
      vertex 0 139.85 2.27501
      vertex 0.199997 139.85 0.800003
      vertex -2.37389 139.85 0.800003
    endloop
  endfacet
  facet normal 0 1 0
    outer loop
      vertex 0 139.85 2.27501
      vertex -2.37389 139.85 0.800003
      vertex -2.39999 139.85 0.826111
    endloop
  endfacet
  facet normal -0 1 0
    outer loop
      vertex 0.199997 139.85 0.800003
      vertex 0.563095 139.85 2.46616
      vertex 1 139.85 0
    endloop
  endfacet
  facet normal 0 1 0
    outer loop
      vertex 0.353973 139.85 2.34542
      vertex 0.199997 139.85 0.800003
      vertex 0.239395 139.85 2.30652
    endloop
  endfacet
  facet normal 0 1 0
    outer loop
      vertex 0 139.85 4.50814
      vertex 0.0260773 139.85 5.59656
      vertex 0.286926 139.85 5.57945
    endloop
  endfacet
  facet normal 0 1 0
    outer loop
      vertex 0.0260773 139.85 5.59656
      vertex 0 139.85 4.50814
      vertex -0.0260773 139.85 5.59656
    endloop
  endfacet
  facet normal 0 1 0
    outer loop
      vertex 0 139.85 4.50814
      vertex 0.286926 139.85 5.57945
      vertex 0.338928 139.85 5.5726
    endloop
  endfacet
  facet normal 0 1 0
    outer loop
      vertex -0.0260773 139.85 5.59656
      vertex 0 139.85 4.50814
      vertex -0.286926 139.85 5.57945
    endloop
  endfacet
  facet normal 0 1 0
    outer loop
      vertex 0 139.85 4.50814
      vertex 0.338928 139.85 5.5726
      vertex 0.59491 139.85 5.52168
    endloop
  endfacet
  facet normal 0 1 0
    outer loop
      vertex -0.286926 139.85 5.57945
      vertex 0 139.85 4.50814
      vertex -0.338928 139.85 5.5726
    endloop
  endfacet
  facet normal 0 1 0
    outer loop
      vertex 0 139.85 4.50814
      vertex 0.59491 139.85 5.52168
      vertex 0.645569 139.85 5.50812
    endloop
  endfacet
  facet normal 0 1 0
    outer loop
      vertex -0.338928 139.85 5.5726
      vertex 0 139.85 4.50814
      vertex -0.59491 139.85 5.52168
    endloop
  endfacet
  facet normal 0 1 0
    outer loop
      vertex 0 139.85 4.50814
      vertex 0.645569 139.85 5.50812
      vertex 0.89296 139.85 5.42415
    endloop
  endfacet
  facet normal 0 1 0
    outer loop
      vertex -0.59491 139.85 5.52168
      vertex 0 139.85 4.50814
      vertex -0.645569 139.85 5.50812
    endloop
  endfacet
  facet normal 0 1 0
    outer loop
      vertex 0 139.85 4.50814
      vertex 0.89296 139.85 5.42415
      vertex 0.941193 139.85 5.40416
    endloop
  endfacet
  facet normal 0 1 0
    outer loop
      vertex -0.645569 139.85 5.50812
      vertex 0 139.85 4.50814
      vertex -0.89296 139.85 5.42415
    endloop
  endfacet
  facet normal 0 1 0
    outer loop
      vertex 0 139.85 4.50814
      vertex 0.941193 139.85 5.40416
      vertex 1.17577 139.85 5.28848
    endloop
  endfacet
  facet normal 0 1 0
    outer loop
      vertex -0.89296 139.85 5.42415
      vertex 0 139.85 4.50814
      vertex -0.941193 139.85 5.40416
    endloop
  endfacet
  facet normal 0 1 0
    outer loop
      vertex 0.654068 139.85 3.85407
      vertex 1.17577 139.85 5.28848
      vertex 1.22092 139.85 5.26241
    endloop
  endfacet
  facet normal 0 1 0
    outer loop
      vertex -0.941193 139.85 5.40416
      vertex 0 139.85 4.50814
      vertex -1.17577 139.85 5.28848
    endloop
  endfacet
  facet normal 0 1 0
    outer loop
      vertex 0.654068 139.85 3.85407
      vertex 1.22092 139.85 5.26241
      vertex 1.43813 139.85 5.11728
    endloop
  endfacet
  facet normal 0 1 -0
    outer loop
      vertex -0.654068 139.85 3.85407
      vertex -1.17577 139.85 5.28848
      vertex 0 139.85 4.50814
    endloop
  endfacet
  facet normal 0 1 0
    outer loop
      vertex 0.654068 139.85 3.85407
      vertex 1.43813 139.85 5.11728
      vertex 1.47964 139.85 5.08542
    endloop
  endfacet
  facet normal 0 1 0
    outer loop
      vertex -1.17577 139.85 5.28848
      vertex -0.654068 139.85 3.85407
      vertex -1.22092 139.85 5.26241
    endloop
  endfacet
  facet normal 0 1 0
    outer loop
      vertex 0.654068 139.85 3.85407
      vertex 1.47964 139.85 5.08542
      vertex 1.67612 139.85 4.91312
    endloop
  endfacet
  facet normal 0 1 0
    outer loop
      vertex -1.22092 139.85 5.26241
      vertex -0.654068 139.85 3.85407
      vertex -1.43813 139.85 5.11728
    endloop
  endfacet
  facet normal 0 1 0
    outer loop
      vertex 0.654068 139.85 3.85407
      vertex 1.67612 139.85 4.91312
      vertex 1.71312 139.85 4.87611
    endloop
  endfacet
  facet normal 0 1 0
    outer loop
      vertex -1.43813 139.85 5.11728
      vertex -0.654068 139.85 3.85407
      vertex -1.47964 139.85 5.08542
    endloop
  endfacet
  facet normal 0 1 0
    outer loop
      vertex 0.654068 139.85 3.85407
      vertex 1.71312 139.85 4.87611
      vertex 1.88542 139.85 4.67964
    endloop
  endfacet
  facet normal 0 1 0
    outer loop
      vertex -1.47964 139.85 5.08542
      vertex -0.654068 139.85 3.85407
      vertex -1.67612 139.85 4.91312
    endloop
  endfacet
  facet normal 0 1 0
    outer loop
      vertex 0.654068 139.85 3.85407
      vertex 1.88542 139.85 4.67964
      vertex 1.91728 139.85 4.63812
    endloop
  endfacet
  facet normal 0 1 0
    outer loop
      vertex -1.67612 139.85 4.91312
      vertex -0.654068 139.85 3.85407
      vertex -1.71312 139.85 4.87611
    endloop
  endfacet
  facet normal 0 1 0
    outer loop
      vertex -1.71312 139.85 4.87611
      vertex -0.654068 139.85 3.85407
      vertex -1.88542 139.85 4.67964
    endloop
  endfacet
  facet normal 0 1 0
    outer loop
      vertex 0.654068 139.85 3.85407
      vertex 1.91728 139.85 4.63812
      vertex 2.06241 139.85 4.42091
    endloop
  endfacet
  facet normal 0 1 0
    outer loop
      vertex 0.654068 139.85 3.85407
      vertex 2.06241 139.85 4.42091
      vertex 2.08849 139.85 4.37576
    endloop
  endfacet
  facet normal 0 1 0
    outer loop
      vertex 0.654068 139.85 3.85407
      vertex 2.08849 139.85 4.37576
      vertex 2.20416 139.85 4.14119
    endloop
  endfacet
  facet normal 0 1 0
    outer loop
      vertex 0.654068 139.85 3.85407
      vertex 2.20416 139.85 4.14119
      vertex 2.22415 139.85 4.09296
    endloop
  endfacet
  facet normal 0 1 0
    outer loop
      vertex 0.654068 139.85 3.85407
      vertex 2.22415 139.85 4.09296
      vertex 2.2557 139.85 4
    endloop
  endfacet
  facet normal 0 1 0
    outer loop
      vertex 1.17577 139.85 5.28848
      vertex 0.654068 139.85 3.85407
      vertex 0 139.85 4.50814
    endloop
  endfacet
  facet normal 0 1 -0
    outer loop
      vertex -0.733841 139.85 3.76309
      vertex -1.88542 139.85 4.67964
      vertex -0.654068 139.85 3.85407
    endloop
  endfacet
  facet normal 0 1 0
    outer loop
      vertex -1.88542 139.85 4.67964
      vertex -0.733841 139.85 3.76309
      vertex -1.91728 139.85 4.63812
    endloop
  endfacet
  facet normal 0 1 0
    outer loop
      vertex -1.91728 139.85 4.63812
      vertex -0.733841 139.85 3.76309
      vertex -2.06241 139.85 4.42091
    endloop
  endfacet
  facet normal 0 1 -0
    outer loop
      vertex -0.801071 139.85 3.66249
      vertex -2.06241 139.85 4.42091
      vertex -0.733841 139.85 3.76309
    endloop
  endfacet
  facet normal 0 1 0
    outer loop
      vertex -2.06241 139.85 4.42091
      vertex -0.801071 139.85 3.66249
      vertex -2.08849 139.85 4.37576
    endloop
  endfacet
  facet normal 0 1 0
    outer loop
      vertex -2.08849 139.85 4.37576
      vertex -0.801071 139.85 3.66249
      vertex -2.20416 139.85 4.14119
    endloop
  endfacet
  facet normal 0 1 -0
    outer loop
      vertex -0.854584 139.85 3.55397
      vertex -2.20416 139.85 4.14119
      vertex -0.801071 139.85 3.66249
    endloop
  endfacet
  facet normal 0 1 0
    outer loop
      vertex -2.20416 139.85 4.14119
      vertex -0.854584 139.85 3.55397
      vertex -2.22415 139.85 4.09296
    endloop
  endfacet
  facet normal 0 1 0
    outer loop
      vertex -2.22415 139.85 4.09296
      vertex -0.854584 139.85 3.55397
      vertex -2.30812 139.85 3.84557
    endloop
  endfacet
  facet normal 0 1 -0
    outer loop
      vertex -0.893478 139.85 3.43939
      vertex -2.30812 139.85 3.84557
      vertex -0.854584 139.85 3.55397
    endloop
  endfacet
  facet normal 0 1 0
    outer loop
      vertex -2.30812 139.85 3.84557
      vertex -0.893478 139.85 3.43939
      vertex -2.32169 139.85 3.79491
    endloop
  endfacet
  facet normal 0 1 0
    outer loop
      vertex -2.32169 139.85 3.79491
      vertex -0.893478 139.85 3.43939
      vertex -2.37263 139.85 3.5388
    endloop
  endfacet
  facet normal 0 1 -0
    outer loop
      vertex -0.917084 139.85 3.32073
      vertex -2.37263 139.85 3.5388
      vertex -0.893478 139.85 3.43939
    endloop
  endfacet
  facet normal 0 1 0
    outer loop
      vertex -2.37263 139.85 3.5388
      vertex -0.917084 139.85 3.32073
      vertex -2.37946 139.85 3.48695
    endloop
  endfacet
  facet normal 0 1 -0
    outer loop
      vertex -0.924988 139.85 3.2
      vertex -2.37946 139.85 3.48695
      vertex -0.917084 139.85 3.32073
    endloop
  endfacet
  facet normal 0 1 0
    outer loop
      vertex -0.924988 139.85 3.2
      vertex -2.39914 139.85 3.18678
      vertex -2.37946 139.85 3.48695
    endloop
  endfacet
  facet normal 0 1 0
    outer loop
      vertex -0.924988 139.85 3.2
      vertex -2.39999 139.85 3.16084
      vertex -2.39914 139.85 3.18678
    endloop
  endfacet
  facet normal 0 1 0
    outer loop
      vertex -0.917084 139.85 3.07927
      vertex -2.39999 139.85 3.16084
      vertex -0.924988 139.85 3.2
    endloop
  endfacet
  facet normal 0 1 0
    outer loop
      vertex -0.893478 139.85 2.9606
      vertex -2.39999 139.85 3.16084
      vertex -0.917084 139.85 3.07927
    endloop
  endfacet
  facet normal 0 1 0
    outer loop
      vertex -0.854584 139.85 2.84603
      vertex -2.39999 139.85 3.16084
      vertex -0.893478 139.85 2.9606
    endloop
  endfacet
  facet normal 0 1 0
    outer loop
      vertex -0.801071 139.85 2.73751
      vertex -2.39999 139.85 3.16084
      vertex -0.854584 139.85 2.84603
    endloop
  endfacet
  facet normal 0 1 0
    outer loop
      vertex -2.39999 139.85 0.826111
      vertex -0.801071 139.85 2.73751
      vertex -0.733841 139.85 2.6369
    endloop
  endfacet
  facet normal 0 1 0
    outer loop
      vertex -2.39999 139.85 0.826111
      vertex -0.733841 139.85 2.6369
      vertex -0.654068 139.85 2.54593
    endloop
  endfacet
  facet normal 0 1 0
    outer loop
      vertex -2.39999 139.85 0.826111
      vertex -0.654068 139.85 2.54593
      vertex -0.563095 139.85 2.46616
    endloop
  endfacet
  facet normal 0 1 0
    outer loop
      vertex -2.39999 139.85 0.826111
      vertex -0.563095 139.85 2.46616
      vertex -0.462494 139.85 2.39893
    endloop
  endfacet
  facet normal 0 1 0
    outer loop
      vertex -2.39999 139.85 0.826111
      vertex -0.462494 139.85 2.39893
      vertex -0.353973 139.85 2.34542
    endloop
  endfacet
  facet normal 0 1 0
    outer loop
      vertex -0.801071 139.85 2.73751
      vertex -2.39999 139.85 0.826111
      vertex -2.39999 139.85 3.16084
    endloop
  endfacet
  facet normal 0 1 0
    outer loop
      vertex -0.239395 139.85 2.30652
      vertex -2.39999 139.85 0.826111
      vertex -0.353973 139.85 2.34542
    endloop
  endfacet
  facet normal 0 1 0
    outer loop
      vertex -0.120728 139.85 2.28292
      vertex -2.39999 139.85 0.826111
      vertex -0.239395 139.85 2.30652
    endloop
  endfacet
  facet normal 0 1 0
    outer loop
      vertex -2.39999 139.85 0.826111
      vertex -0.120728 139.85 2.28292
      vertex 0 139.85 2.27501
    endloop
  endfacet
  facet normal 0 1 0
    outer loop
      vertex -2.39999 139.85 0.826111
      vertex -2.37389 139.85 0.800003
      vertex -2.39839 139.85 0.801605
    endloop
  endfacet
  facet normal 0.195104 0 0.980783
    outer loop
      vertex 0.469193 139.05 6.36237
      vertex 0.776794 120.95 6.30118
      vertex 0.776794 139.05 6.30118
    endloop
  endfacet
  facet normal 0.195104 0 0.980783
    outer loop
      vertex 0.776794 120.95 6.30118
      vertex 0.469193 139.05 6.36237
      vertex 0.469193 120.95 6.36237
    endloop
  endfacet
  facet normal 0.227285 0.707107 0.669583
    outer loop
      vertex 0.89296 139.85 5.42415
      vertex 0.877853 139.05 6.27411
      vertex 1.17487 139.05 6.17329
    endloop
  endfacet
  facet normal 0.182834 0.707116 0.683051
    outer loop
      vertex 0.645569 139.85 5.50812
      vertex 0.59491 139.85 5.52168
      vertex 0.776794 139.05 6.30118
    endloop
  endfacet
  facet normal 0.137959 0.70711 0.693515
    outer loop
      vertex 0.59491 139.85 5.52168
      vertex 0.469193 139.05 6.36237
      vertex 0.776794 139.05 6.30118
    endloop
  endfacet
  facet normal 0.258742 0 0.965947
    outer loop
      vertex 0.776794 139.05 6.30118
      vertex 0.877853 120.95 6.27411
      vertex 0.877853 139.05 6.27411
    endloop
  endfacet
  facet normal 0.258742 0 0.965947
    outer loop
      vertex 0.877853 120.95 6.27411
      vertex 0.776794 139.05 6.30118
      vertex 0.776794 120.95 6.30118
    endloop
  endfacet
  facet normal 0.227272 -0.707109 0.669585
    outer loop
      vertex 0.877853 160.95 6.27411
      vertex 0.645569 160.15 5.50812
      vertex 0.89296 160.15 5.42415
    endloop
  endfacet
  facet normal -0.195104 0 0.980783
    outer loop
      vertex -0.776794 179.05 6.30118
      vertex -0.469193 160.95 6.36237
      vertex -0.469193 179.05 6.36237
    endloop
  endfacet
  facet normal -0.195104 0 0.980783
    outer loop
      vertex -0.469193 160.95 6.36237
      vertex -0.776794 179.05 6.30118
      vertex -0.776794 160.95 6.30118
    endloop
  endfacet
  facet normal 0.65935 0 0.751836
    outer loop
      vertex 1.9874 179.05 5.70419
      vertex 2.22331 160.95 5.4973
      vertex 2.22331 179.05 5.4973
    endloop
  endfacet
  facet normal 0.65935 0 0.751836
    outer loop
      vertex 2.22331 160.95 5.4973
      vertex 1.9874 179.05 5.70419
      vertex 1.9874 160.95 5.70419
    endloop
  endfacet
  facet normal 0.227285 -0.707107 0.669583
    outer loop
      vertex 1.17487 160.95 6.17329
      vertex 0.877853 160.95 6.27411
      vertex 0.89296 160.15 5.42415
    endloop
  endfacet
  facet normal 0.612295 0.70711 0.35368
    outer loop
      vertex 2.08849 179.85 4.37576
      vertex 2.06241 179.85 4.42091
      vertex 2.74211 179.05 4.84364
    endloop
  endfacet
  facet normal -0.270641 0.707105 0.653266
    outer loop
      vertex -0.89296 179.85 5.42415
      vertex -1.27159 179.05 6.13322
      vertex -1.17487 179.05 6.17329
    endloop
  endfacet
  facet normal -0.0461376 0.707107 -0.705599
    outer loop
      vertex -2.37389 179.85 0.800003
      vertex -2.39999 179.05 0
      vertex -2.39839 179.85 0.801605
    endloop
  endfacet
  facet normal -0.312763 0.707105 0.634178
    outer loop
      vertex -1.17577 179.85 5.28848
      vertex -1.55307 179.05 5.9944
      vertex -1.27159 179.05 6.13322
    endloop
  endfacet
  facet normal 0.0462416 -0.707108 0.705591
    outer loop
      vertex 0.0523224 160.95 6.39656
      vertex 0.0260773 160.15 5.59656
      vertex 0.365433 160.95 6.37604
    endloop
  endfacet
  facet normal 0.653273 0.707108 0.270616
    outer loop
      vertex 2.9733 179.05 4.37486
      vertex 2.22415 179.85 4.09296
      vertex 2.93323 179.05 4.47159
    endloop
  endfacet
  facet normal -0.442313 0 0.896861
    outer loop
      vertex -1.55307 179.05 5.9944
      vertex -1.27159 160.95 6.13322
      vertex -1.27159 179.05 6.13322
    endloop
  endfacet
  facet normal -0.442313 0 0.896861
    outer loop
      vertex -1.27159 160.95 6.13322
      vertex -1.55307 179.05 5.9944
      vertex -1.55307 160.95 5.9944
    endloop
  endfacet
  facet normal 0.5 0.707107 0.5
    outer loop
      vertex 2.2973 179.05 5.42331
      vertex 1.67612 179.85 4.91312
      vertex 2.22331 179.05 5.4973
    endloop
  endfacet
  facet normal 0.500064 0.707111 0.499929
    outer loop
      vertex 1.67612 179.85 4.91312
      vertex 2.2973 179.05 5.42331
      vertex 1.71312 179.85 4.87611
    endloop
  endfacet
  facet normal 0 -0.707108 -0.707105
    outer loop
      vertex -2.39999 160.95 0
      vertex 0.199997 160.15 0.800003
      vertex -2.37389 160.15 0.800003
    endloop
  endfacet
  facet normal 0 -0.707108 -0.707105
    outer loop
      vertex 0.199997 160.15 0.800003
      vertex -2.39999 160.95 0
      vertex 1 160.95 0
    endloop
  endfacet
  facet normal 0.531626 0.707109 0.466231
    outer loop
      vertex 2.5042 179.05 5.18739
      vertex 1.71312 179.85 4.87611
      vertex 2.2973 179.05 5.42331
    endloop
  endfacet
  facet normal 0.946941 -0 0.321407
    outer loop
      vertex 2.9733 160.95 4.37486
      vertex 3.07411 179.05 4.07785
      vertex 2.9733 179.05 4.37486
    endloop
  endfacet
  facet normal 0.946941 0 0.321407
    outer loop
      vertex 3.07411 179.05 4.07785
      vertex 2.9733 160.95 4.37486
      vertex 3.07411 160.95 4.07785
    endloop
  endfacet
  facet normal -0.608768 0 0.793348
    outer loop
      vertex -1.9874 179.05 5.70419
      vertex -1.90436 160.95 5.76791
      vertex -1.90436 179.05 5.76791
    endloop
  endfacet
  facet normal -0.608768 0 0.793348
    outer loop
      vertex -1.90436 160.95 5.76791
      vertex -1.9874 179.05 5.70419
      vertex -1.9874 160.95 5.70419
    endloop
  endfacet
  facet normal -0.270727 0.70711 0.653225
    outer loop
      vertex -0.941193 179.85 5.40416
      vertex -1.27159 179.05 6.13322
      vertex -0.89296 179.85 5.42415
    endloop
  endfacet
  facet normal -0.896848 0 0.442338
    outer loop
      vertex -2.93323 160.95 4.47159
      vertex -2.7944 179.05 4.75307
      vertex -2.93323 179.05 4.47159
    endloop
  endfacet
  facet normal -0.896848 0 0.442338
    outer loop
      vertex -2.7944 179.05 4.75307
      vertex -2.93323 160.95 4.47159
      vertex -2.7944 160.95 4.75307
    endloop
  endfacet
  facet normal -0.182957 -0.70711 0.683024
    outer loop
      vertex -0.776794 160.95 6.30118
      vertex -0.877853 160.95 6.27411
      vertex -0.645569 160.15 5.50812
    endloop
  endfacet
  facet normal -0.531628 0.70711 0.466227
    outer loop
      vertex -1.88542 179.85 4.67964
      vertex -2.5042 179.05 5.18739
      vertex -1.71312 179.85 4.87611
    endloop
  endfacet
  facet normal 0.312763 0.707105 0.634178
    outer loop
      vertex 1.55307 179.05 5.9944
      vertex 1.17577 179.85 5.28848
      vertex 1.27159 179.05 6.13322
    endloop
  endfacet
  facet normal 0.682881 -0.707266 0.182891
    outer loop
      vertex 3.07411 160.95 4.07785
      vertex 2.81739 160.682 4
      vertex 3.09496 160.95 4
    endloop
  endfacet
  facet normal -0.65935 0 0.751836
    outer loop
      vertex -2.22331 179.05 5.4973
      vertex -1.9874 160.95 5.70419
      vertex -1.9874 179.05 5.70419
    endloop
  endfacet
  facet normal -0.65935 0 0.751836
    outer loop
      vertex -1.9874 160.95 5.70419
      vertex -2.22331 179.05 5.4973
      vertex -2.22331 160.95 5.4973
    endloop
  endfacet
  facet normal 0.270641 -0.707105 0.653266
    outer loop
      vertex 1.17487 160.95 6.17329
      vertex 0.89296 160.15 5.42415
      vertex 1.27159 160.95 6.13322
    endloop
  endfacet
  facet normal 0.227272 0.707109 0.669585
    outer loop
      vertex 0.89296 179.85 5.42415
      vertex 0.645569 179.85 5.50812
      vertex 0.877853 179.05 6.27411
    endloop
  endfacet
  facet normal 0.353522 -0.707105 0.612393
    outer loop
      vertex 1.55307 160.95 5.9944
      vertex 1.17577 160.15 5.28848
      vertex 1.64365 160.95 5.94211
    endloop
  endfacet
  facet normal -0.0462816 -0.707116 0.705582
    outer loop
      vertex -0.0260773 160.15 5.59656
      vertex -0.365433 160.95 6.37604
      vertex -0.286926 160.15 5.57945
    endloop
  endfacet
  facet normal -0.499954 0 0.866052
    outer loop
      vertex -1.64365 179.05 5.94211
      vertex -1.55307 160.95 5.9944
      vertex -1.55307 179.05 5.9944
    endloop
  endfacet
  facet normal -0.499954 0 0.866052
    outer loop
      vertex -1.55307 160.95 5.9944
      vertex -1.64365 179.05 5.94211
      vertex -1.64365 160.95 5.94211
    endloop
  endfacet
  facet normal -0.923869 0 0.382709
    outer loop
      vertex -2.9733 160.95 4.37486
      vertex -2.93323 179.05 4.47159
      vertex -2.9733 179.05 4.37486
    endloop
  endfacet
  facet normal -0.923869 0 0.382709
    outer loop
      vertex -2.93323 179.05 4.47159
      vertex -2.9733 160.95 4.37486
      vertex -2.93323 160.95 4.47159
    endloop
  endfacet
  facet normal -1 0 0
    outer loop
      vertex -3.2 160.95 0.800003
      vertex -3.2 179.05 3.17375
      vertex -3.2 179.05 0.800003
    endloop
  endfacet
  facet normal -1 -0 0
    outer loop
      vertex -3.2 179.05 3.17375
      vertex -3.2 160.95 0.800003
      vertex -3.2 160.95 3.17375
    endloop
  endfacet
  facet normal -0.137954 0.70711 0.693515
    outer loop
      vertex -0.338928 179.85 5.5726
      vertex -0.59491 179.85 5.52168
      vertex -0.469193 179.05 6.36237
    endloop
  endfacet
  facet normal -0.382743 0 0.923855
    outer loop
      vertex -1.27159 179.05 6.13322
      vertex -1.17487 160.95 6.17329
      vertex -1.17487 179.05 6.17329
    endloop
  endfacet
  facet normal -0.382743 0 0.923855
    outer loop
      vertex -1.17487 160.95 6.17329
      vertex -1.27159 179.05 6.13322
      vertex -1.27159 160.95 6.13322
    endloop
  endfacet
  facet normal -0.560978 -0.707111 0.430462
    outer loop
      vertex -2.56792 160.95 5.10435
      vertex -1.88542 160.15 4.67964
      vertex -2.5042 160.95 5.18739
    endloop
  endfacet
  facet normal -0.560978 -0.707111 0.430462
    outer loop
      vertex -1.88542 160.15 4.67964
      vertex -2.56792 160.95 5.10435
      vertex -1.91728 160.15 4.63812
    endloop
  endfacet
  facet normal -0.634186 0.707114 0.312727
    outer loop
      vertex -2.20416 179.85 4.14119
      vertex -2.93323 179.05 4.47159
      vertex -2.08849 179.85 4.37576
    endloop
  endfacet
  facet normal 0.0923452 -0.707116 0.701042
    outer loop
      vertex 0.365433 160.95 6.37604
      vertex 0.286926 160.15 5.57945
      vertex 0.338928 160.15 5.5726
    endloop
  endfacet
  facet normal -0.430464 0.707108 0.560981
    outer loop
      vertex -1.43813 179.85 5.11728
      vertex -1.9874 179.05 5.70419
      vertex -1.90436 179.05 5.76791
    endloop
  endfacet
  facet normal -0.430527 0.707112 0.560928
    outer loop
      vertex -1.9874 179.05 5.70419
      vertex -1.43813 179.85 5.11728
      vertex -1.47964 179.85 5.08542
    endloop
  endfacet
  facet normal -0.693517 -0.707108 0.137959
    outer loop
      vertex -3.10118 160.95 3.97679
      vertex -3.16237 160.95 3.66919
      vertex -2.37263 160.15 3.5388
    endloop
  endfacet
  facet normal 0.653215 -0.707114 0.270739
    outer loop
      vertex 2.93323 160.95 4.47159
      vertex 2.20416 160.15 4.14119
      vertex 2.22415 160.15 4.09296
    endloop
  endfacet
  facet normal -0.270727 -0.70711 0.653225
    outer loop
      vertex -0.89296 160.15 5.42415
      vertex -1.27159 160.95 6.13322
      vertex -0.941193 160.15 5.40416
    endloop
  endfacet
  facet normal -0.683025 -0.707109 0.182958
    outer loop
      vertex -2.30812 160.15 3.84557
      vertex -3.10118 160.95 3.97679
      vertex -2.32169 160.15 3.79491
    endloop
  endfacet
  facet normal -0.653215 -0.707114 0.270739
    outer loop
      vertex -2.20416 160.15 4.14119
      vertex -2.93323 160.95 4.47159
      vertex -2.22415 160.15 4.09296
    endloop
  endfacet
  facet normal 0.0462816 -0.707116 0.705582
    outer loop
      vertex 0.365433 160.95 6.37604
      vertex 0.0260773 160.15 5.59656
      vertex 0.286926 160.15 5.57945
    endloop
  endfacet
  facet normal -0.866028 0 0.499996
    outer loop
      vertex -2.7944 160.95 4.75307
      vertex -2.74211 179.05 4.84364
      vertex -2.7944 179.05 4.75307
    endloop
  endfacet
  facet normal -0.866028 0 0.499996
    outer loop
      vertex -2.74211 179.05 4.84364
      vertex -2.7944 160.95 4.75307
      vertex -2.74211 160.95 4.84364
    endloop
  endfacet
  facet normal -0.707102 -0.707111 0
    outer loop
      vertex -2.39999 160.15 0.826111
      vertex -3.2 160.95 3.17375
      vertex -3.2 160.95 0.800003
    endloop
  endfacet
  facet normal -0.707102 -0.707111 0
    outer loop
      vertex -3.2 160.95 3.17375
      vertex -2.39999 160.15 0.826111
      vertex -2.39999 160.15 3.16084
    endloop
  endfacet
  facet normal 0.466213 -0.707109 0.53164
    outer loop
      vertex 1.9874 160.95 5.70419
      vertex 1.47964 160.15 5.08542
      vertex 1.67612 160.15 4.91312
    endloop
  endfacet
  facet normal -0.182834 -0.707116 0.683051
    outer loop
      vertex -0.59491 160.15 5.52168
      vertex -0.776794 160.95 6.30118
      vertex -0.645569 160.15 5.50812
    endloop
  endfacet
  facet normal -0.531431 -0.707351 -0.466085
    outer loop
      vertex -2.39839 160.15 0.801605
      vertex -3.03468 160.95 0.312988
      vertex -2.96568 160.95 0.234314
    endloop
  endfacet
  facet normal -0.693443 -0.707182 -0.137951
    outer loop
      vertex -2.39839 160.15 0.801605
      vertex -3.19315 160.95 0.695587
      vertex -3.17273 160.95 0.592941
    endloop
  endfacet
  facet normal -0.466213 0.707109 0.53164
    outer loop
      vertex -1.67612 179.85 4.91312
      vertex -1.9874 179.05 5.70419
      vertex -1.47964 179.85 5.08542
    endloop
  endfacet
  facet normal -0.705599 0.707112 -0.0460687
    outer loop
      vertex -2.39839 179.85 0.801605
      vertex -3.2 179.05 0.800003
      vertex -2.39999 179.85 0.826111
    endloop
  endfacet
  facet normal -0.0462954 0.707102 -0.705594
    outer loop
      vertex -2.39999 179.05 0
      vertex -2.50441 179.05 0.0068512
      vertex -2.39839 179.85 0.801605
    endloop
  endfacet
  facet normal -0.531626 -0.707109 0.466231
    outer loop
      vertex -2.2973 160.95 5.42331
      vertex -2.5042 160.95 5.18739
      vertex -1.71312 160.15 4.87611
    endloop
  endfacet
  facet normal -0.0462416 -0.707108 0.705591
    outer loop
      vertex -0.0523224 160.95 6.39656
      vertex -0.365433 160.95 6.37604
      vertex -0.0260773 160.15 5.59656
    endloop
  endfacet
  facet normal 0.587945 -0.707111 0.392828
    outer loop
      vertex 2.56792 160.95 5.10435
      vertex 1.91728 160.15 4.63812
      vertex 2.74211 160.95 4.84364
    endloop
  endfacet
  facet normal -0.0923595 -0.707115 0.701041
    outer loop
      vertex -0.365433 160.95 6.37604
      vertex -0.469193 160.95 6.36237
      vertex -0.338928 160.15 5.5726
    endloop
  endfacet
  facet normal 0.442313 0 0.896861
    outer loop
      vertex 1.27159 179.05 6.13322
      vertex 1.55307 160.95 5.9944
      vertex 1.55307 179.05 5.9944
    endloop
  endfacet
  facet normal 0.442313 0 0.896861
    outer loop
      vertex 1.55307 160.95 5.9944
      vertex 1.27159 179.05 6.13322
      vertex 1.27159 160.95 6.13322
    endloop
  endfacet
  facet normal 0.312743 -0.707109 0.634183
    outer loop
      vertex 1.27159 160.95 6.13322
      vertex 0.941193 160.15 5.40416
      vertex 1.17577 160.15 5.28848
    endloop
  endfacet
  facet normal -0.5 -0.707107 0.5
    outer loop
      vertex -2.2973 160.95 5.42331
      vertex -1.67612 160.15 4.91312
      vertex -2.22331 160.95 5.4973
    endloop
  endfacet
  facet normal -0.500064 -0.707111 0.499929
    outer loop
      vertex -1.67612 160.15 4.91312
      vertex -2.2973 160.95 5.42331
      vertex -1.71312 160.15 4.87611
    endloop
  endfacet
  facet normal 0.353579 0.707108 0.612356
    outer loop
      vertex 1.22092 179.85 5.26241
      vertex 1.17577 179.85 5.28848
      vertex 1.64365 179.05 5.94211
    endloop
  endfacet
  facet normal -0.392836 0.70711 0.587942
    outer loop
      vertex -1.43813 179.85 5.11728
      vertex -1.64365 179.05 5.94211
      vertex -1.22092 179.85 5.26241
    endloop
  endfacet
  facet normal -0.0923452 0.707116 0.701042
    outer loop
      vertex -0.338928 179.85 5.5726
      vertex -0.365433 179.05 6.37604
      vertex -0.286926 179.85 5.57945
    endloop
  endfacet
  facet normal -0.0923595 0.707115 0.701041
    outer loop
      vertex -0.338928 179.85 5.5726
      vertex -0.469193 179.05 6.36237
      vertex -0.365433 179.05 6.37604
    endloop
  endfacet
  facet normal -0.612295 -0.70711 0.35368
    outer loop
      vertex -2.06241 160.15 4.42091
      vertex -2.74211 160.95 4.84364
      vertex -2.08849 160.15 4.37576
    endloop
  endfacet
  facet normal -0.227209 -0.707249 -0.669459
    outer loop
      vertex -2.39839 160.15 0.801605
      vertex -2.70615 160.95 0.0608978
      vertex -2.60706 160.95 0.0272675
    endloop
  endfacet
  facet normal 0.587942 0.70711 0.392836
    outer loop
      vertex 2.06241 179.85 4.42091
      vertex 1.91728 179.85 4.63812
      vertex 2.74211 179.05 4.84364
    endloop
  endfacet
  facet normal -0.701055 0.707108 0.0923028
    outer loop
      vertex -2.37263 179.85 3.5388
      vertex -3.17603 179.05 3.56544
      vertex -3.16237 179.05 3.66919
    endloop
  endfacet
  facet normal -0.137954 -0.70711 0.693515
    outer loop
      vertex -0.469193 160.95 6.36237
      vertex -0.59491 160.15 5.52168
      vertex -0.338928 160.15 5.5726
    endloop
  endfacet
  facet normal 0.653273 -0.707108 0.270616
    outer loop
      vertex 2.93323 160.95 4.47159
      vertex 2.22415 160.15 4.09296
      vertex 2.9733 160.95 4.37486
    endloop
  endfacet
  facet normal -0.751817 0 -0.659371
    outer loop
      vertex -2.96568 160.95 0.234314
      vertex -3.03468 179.05 0.312988
      vertex -2.96568 179.05 0.234314
    endloop
  endfacet
  facet normal -0.751817 -0 -0.659371
    outer loop
      vertex -3.03468 179.05 0.312988
      vertex -2.96568 160.95 0.234314
      vertex -3.03468 160.95 0.312988
    endloop
  endfacet
  facet normal -0.466098 -0.707352 -0.531419
    outer loop
      vertex -2.39839 160.15 0.801605
      vertex -2.96568 160.95 0.234314
      vertex -2.88701 160.95 0.165314
    endloop
  endfacet
  facet normal -0.706724 0.707103 0.0233594
    outer loop
      vertex -2.39914 179.85 3.18678
      vertex -3.2 179.05 3.17375
      vertex -3.19827 179.05 3.22609
    endloop
  endfacet
  facet normal 0.66973 0.707281 0.226307
    outer loop
      vertex 2.81739 179.318 4
      vertex 2.22415 179.85 4.09296
      vertex 3.07411 179.05 4.07785
    endloop
  endfacet
  facet normal 0.669662 0.707034 0.227279
    outer loop
      vertex 2.22415 179.85 4.09296
      vertex 2.81739 179.318 4
      vertex 2.2557 179.85 4
    endloop
  endfacet
  facet normal -0.227272 0.707109 0.669585
    outer loop
      vertex -0.645569 179.85 5.50812
      vertex -0.89296 179.85 5.42415
      vertex -0.877853 179.05 6.27411
    endloop
  endfacet
  facet normal -0.312743 0.707109 0.634183
    outer loop
      vertex -1.17577 179.85 5.28848
      vertex -1.27159 179.05 6.13322
      vertex -0.941193 179.85 5.40416
    endloop
  endfacet
  facet normal -0.353579 0.707108 0.612356
    outer loop
      vertex -1.22092 179.85 5.26241
      vertex -1.64365 179.05 5.94211
      vertex -1.17577 179.85 5.28848
    endloop
  endfacet
  facet normal -0.701051 0.707106 0.0923468
    outer loop
      vertex -2.37946 179.85 3.48695
      vertex -3.17603 179.05 3.56544
      vertex -2.37263 179.85 3.5388
    endloop
  endfacet
  facet normal -0.270641 -0.707105 0.653266
    outer loop
      vertex -1.17487 160.95 6.17329
      vertex -1.27159 160.95 6.13322
      vertex -0.89296 160.15 5.42415
    endloop
  endfacet
  facet normal -0.353522 0.707105 0.612393
    outer loop
      vertex -1.17577 179.85 5.28848
      vertex -1.64365 179.05 5.94211
      vertex -1.55307 179.05 5.9944
    endloop
  endfacet
  facet normal 0 0.707108 -0.707105
    outer loop
      vertex -2.39999 179.05 0
      vertex 0.199997 179.85 0.800003
      vertex 1 179.05 0
    endloop
  endfacet
  facet normal 0 0.707108 -0.707105
    outer loop
      vertex 0.199997 179.85 0.800003
      vertex -2.39999 179.05 0
      vertex -2.37389 179.85 0.800003
    endloop
  endfacet
  facet normal 0.63417 -0.707104 0.312782
    outer loop
      vertex 2.7944 160.95 4.75307
      vertex 2.08849 160.15 4.37576
      vertex 2.93323 160.95 4.47159
    endloop
  endfacet
  facet normal -0.466232 0.707106 0.531629
    outer loop
      vertex -1.67612 179.85 4.91312
      vertex -2.22331 179.05 5.4973
      vertex -1.9874 179.05 5.70419
    endloop
  endfacet
  facet normal -0.705593 -0.707106 0.0462607
    outer loop
      vertex -2.37946 160.15 3.48695
      vertex -3.17603 160.95 3.56544
      vertex -2.39914 160.15 3.18678
    endloop
  endfacet
  facet normal 0.466232 -0.707106 0.531629
    outer loop
      vertex 1.9874 160.95 5.70419
      vertex 1.67612 160.15 4.91312
      vertex 2.22331 160.95 5.4973
    endloop
  endfacet
  facet normal -0.653273 -0.707108 0.270616
    outer loop
      vertex -2.93323 160.95 4.47159
      vertex -2.9733 160.95 4.37486
      vertex -2.22415 160.15 4.09296
    endloop
  endfacet
  facet normal 0.0923595 -0.707115 0.701041
    outer loop
      vertex 0.365433 160.95 6.37604
      vertex 0.338928 160.15 5.5726
      vertex 0.469193 160.95 6.36237
    endloop
  endfacet
  facet normal 0.0923452 0.707116 0.701042
    outer loop
      vertex 0.338928 179.85 5.5726
      vertex 0.286926 179.85 5.57945
      vertex 0.365433 179.05 6.37604
    endloop
  endfacet
  facet normal -0.587945 -0.707111 0.392828
    outer loop
      vertex -2.56792 160.95 5.10435
      vertex -2.74211 160.95 4.84364
      vertex -1.91728 160.15 4.63812
    endloop
  endfacet
  facet normal 0.312763 -0.707105 0.634178
    outer loop
      vertex 1.27159 160.95 6.13322
      vertex 1.17577 160.15 5.28848
      vertex 1.55307 160.95 5.9944
    endloop
  endfacet
  facet normal 0.531628 -0.70711 0.466227
    outer loop
      vertex 2.5042 160.95 5.18739
      vertex 1.71312 160.15 4.87611
      vertex 1.88542 160.15 4.67964
    endloop
  endfacet
  facet normal 0.270727 -0.70711 0.653225
    outer loop
      vertex 1.27159 160.95 6.13322
      vertex 0.89296 160.15 5.42415
      vertex 0.941193 160.15 5.40416
    endloop
  endfacet
  facet normal -0.227272 -0.707109 0.669585
    outer loop
      vertex -0.877853 160.95 6.27411
      vertex -0.89296 160.15 5.42415
      vertex -0.645569 160.15 5.50812
    endloop
  endfacet
  facet normal 0 0.707107 0.707107
    outer loop
      vertex 0.0260773 179.85 5.59656
      vertex -0.0523224 179.05 6.39656
      vertex 0.0523224 179.05 6.39656
    endloop
  endfacet
  facet normal 0 0.707107 0.707107
    outer loop
      vertex -0.0523224 179.05 6.39656
      vertex 0.0260773 179.85 5.59656
      vertex -0.0260773 179.85 5.59656
    endloop
  endfacet
  facet normal 0.587945 0.707111 0.392828
    outer loop
      vertex 2.74211 179.05 4.84364
      vertex 1.91728 179.85 4.63812
      vertex 2.56792 179.05 5.10435
    endloop
  endfacet
  facet normal -0.705593 0.707106 0.0462607
    outer loop
      vertex -2.39914 179.85 3.18678
      vertex -3.17603 179.05 3.56544
      vertex -2.37946 179.85 3.48695
    endloop
  endfacet
  facet normal 0 -0.707107 0.707107
    outer loop
      vertex -0.0260773 160.15 5.59656
      vertex 0.0523224 160.95 6.39656
      vertex -0.0523224 160.95 6.39656
    endloop
  endfacet
  facet normal 0 -0.707107 0.707107
    outer loop
      vertex 0.0523224 160.95 6.39656
      vertex -0.0260773 160.15 5.59656
      vertex 0.0260773 160.15 5.59656
    endloop
  endfacet
  facet normal 0.499954 0 0.866052
    outer loop
      vertex 1.55307 179.05 5.9944
      vertex 1.64365 160.95 5.94211
      vertex 1.64365 179.05 5.94211
    endloop
  endfacet
  facet normal 0.499954 0 0.866052
    outer loop
      vertex 1.64365 160.95 5.94211
      vertex 1.55307 179.05 5.9944
      vertex 1.55307 160.95 5.9944
    endloop
  endfacet
  facet normal 0.430464 -0.707108 0.560981
    outer loop
      vertex 1.43813 160.15 5.11728
      vertex 1.9874 160.95 5.70419
      vertex 1.90436 160.95 5.76791
    endloop
  endfacet
  facet normal 0.430527 -0.707112 0.560928
    outer loop
      vertex 1.9874 160.95 5.70419
      vertex 1.43813 160.15 5.11728
      vertex 1.47964 160.15 5.08542
    endloop
  endfacet
  facet normal -0.683025 0.707109 0.182958
    outer loop
      vertex -2.32169 179.85 3.79491
      vertex -3.10118 179.05 3.97679
      vertex -2.30812 179.85 3.84557
    endloop
  endfacet
  facet normal 0.669586 -0.707109 0.227268
    outer loop
      vertex 2.9733 160.95 4.37486
      vertex 2.22415 160.15 4.09296
      vertex 3.07411 160.95 4.07785
    endloop
  endfacet
  facet normal 0.831486 -0 0.555546
    outer loop
      vertex 2.56792 160.95 5.10435
      vertex 2.74211 179.05 4.84364
      vertex 2.56792 179.05 5.10435
    endloop
  endfacet
  facet normal 0.831486 0 0.555546
    outer loop
      vertex 2.74211 179.05 4.84364
      vertex 2.56792 160.95 5.10435
      vertex 2.74211 160.95 4.84364
    endloop
  endfacet
  facet normal -0.227285 -0.707107 0.669583
    outer loop
      vertex -0.877853 160.95 6.27411
      vertex -1.17487 160.95 6.17329
      vertex -0.89296 160.15 5.42415
    endloop
  endfacet
  facet normal -0.0653957 0 0.997859
    outer loop
      vertex -0.365433 179.05 6.37604
      vertex -0.0523224 160.95 6.39656
      vertex -0.0523224 179.05 6.39656
    endloop
  endfacet
  facet normal -0.0653957 0 0.997859
    outer loop
      vertex -0.0523224 160.95 6.39656
      vertex -0.365433 179.05 6.37604
      vertex -0.365433 160.95 6.37604
    endloop
  endfacet
  facet normal -0.321429 0 0.946934
    outer loop
      vertex -1.17487 179.05 6.17329
      vertex -0.877853 160.95 6.27411
      vertex -0.877853 179.05 6.27411
    endloop
  endfacet
  facet normal -0.321429 0 0.946934
    outer loop
      vertex -0.877853 160.95 6.27411
      vertex -1.17487 179.05 6.17329
      vertex -1.17487 160.95 6.17329
    endloop
  endfacet
  facet normal 0.555568 0 0.831471
    outer loop
      vertex 1.64365 179.05 5.94211
      vertex 1.90436 160.95 5.76791
      vertex 1.90436 179.05 5.76791
    endloop
  endfacet
  facet normal 0.555568 0 0.831471
    outer loop
      vertex 1.90436 160.95 5.76791
      vertex 1.64365 179.05 5.94211
      vertex 1.64365 160.95 5.94211
    endloop
  endfacet
  facet normal 0.353579 -0.707108 0.612356
    outer loop
      vertex 1.64365 160.95 5.94211
      vertex 1.17577 160.15 5.28848
      vertex 1.22092 160.15 5.26241
    endloop
  endfacet
  facet normal 0.612295 -0.70711 0.35368
    outer loop
      vertex 2.74211 160.95 4.84364
      vertex 2.06241 160.15 4.42091
      vertex 2.08849 160.15 4.37576
    endloop
  endfacet
  facet normal -0.793348 0 0.608768
    outer loop
      vertex -2.56792 160.95 5.10435
      vertex -2.5042 179.05 5.18739
      vertex -2.56792 179.05 5.10435
    endloop
  endfacet
  facet normal -0.793348 0 0.608768
    outer loop
      vertex -2.5042 179.05 5.18739
      vertex -2.56792 160.95 5.10435
      vertex -2.5042 160.95 5.18739
    endloop
  endfacet
  facet normal -0.195071 0 -0.980789
    outer loop
      vertex -2.60706 160.95 0.0272675
      vertex -2.50441 179.05 0.0068512
      vertex -2.50441 160.95 0.0068512
    endloop
  endfacet
  facet normal -0.195071 0 -0.980789
    outer loop
      vertex -2.50441 179.05 0.0068512
      vertex -2.60706 160.95 0.0272675
      vertex -2.60706 179.05 0.0272675
    endloop
  endfacet
  facet normal 0.270641 0.707105 0.653266
    outer loop
      vertex 1.27159 179.05 6.13322
      vertex 0.89296 179.85 5.42415
      vertex 1.17487 179.05 6.17329
    endloop
  endfacet
  facet normal -0.555511 0 -0.831509
    outer loop
      vertex -2.88701 160.95 0.165314
      vertex -2.79999 179.05 0.107178
      vertex -2.79999 160.95 0.107178
    endloop
  endfacet
  facet normal -0.555511 0 -0.831509
    outer loop
      vertex -2.79999 179.05 0.107178
      vertex -2.88701 160.95 0.165314
      vertex -2.88701 179.05 0.165314
    endloop
  endfacet
  facet normal -0.0923452 -0.707116 0.701042
    outer loop
      vertex -0.286926 160.15 5.57945
      vertex -0.365433 160.95 6.37604
      vertex -0.338928 160.15 5.5726
    endloop
  endfacet
  facet normal -0.612378 0.707103 0.353552
    outer loop
      vertex -2.08849 179.85 4.37576
      vertex -2.7944 179.05 4.75307
      vertex -2.74211 179.05 4.84364
    endloop
  endfacet
  facet normal -0.587766 0.707334 -0.392695
    outer loop
      vertex -3.03468 179.05 0.312988
      vertex -3.09282 179.05 0.400009
      vertex -2.39839 179.85 0.801605
    endloop
  endfacet
  facet normal -0.831494 0 -0.555533
    outer loop
      vertex -3.03468 160.95 0.312988
      vertex -3.09282 179.05 0.400009
      vertex -3.03468 179.05 0.312988
    endloop
  endfacet
  facet normal -0.831494 -0 -0.555533
    outer loop
      vertex -3.09282 179.05 0.400009
      vertex -3.03468 160.95 0.312988
      vertex -3.09282 160.95 0.400009
    endloop
  endfacet
  facet normal -0.430464 -0.707108 0.560981
    outer loop
      vertex -1.9874 160.95 5.70419
      vertex -1.43813 160.15 5.11728
      vertex -1.90436 160.95 5.76791
    endloop
  endfacet
  facet normal -0.430527 -0.707112 0.560928
    outer loop
      vertex -1.43813 160.15 5.11728
      vertex -1.9874 160.95 5.70419
      vertex -1.47964 160.15 5.08542
    endloop
  endfacet
  facet normal -0.669459 -0.707249 -0.227207
    outer loop
      vertex -2.39839 160.15 0.801605
      vertex -3.17273 160.95 0.592941
      vertex -3.1391 160.95 0.493851
    endloop
  endfacet
  facet normal -0.466098 0.707352 -0.531419
    outer loop
      vertex -2.88701 179.05 0.165314
      vertex -2.96568 179.05 0.234314
      vertex -2.39839 179.85 0.801605
    endloop
  endfacet
  facet normal -0.227285 0.707107 0.669583
    outer loop
      vertex -0.89296 179.85 5.42415
      vertex -1.17487 179.05 6.17329
      vertex -0.877853 179.05 6.27411
    endloop
  endfacet
  facet normal 0.965956 -0 0.258705
    outer loop
      vertex 3.07411 160.95 4.07785
      vertex 3.09496 179.05 4
      vertex 3.07411 179.05 4.07785
    endloop
  endfacet
  facet normal 0.965956 0 0.258705
    outer loop
      vertex 3.09496 179.05 4
      vertex 3.07411 160.95 4.07785
      vertex 3.09496 160.95 4
    endloop
  endfacet
  facet normal 0.531628 0.70711 0.466227
    outer loop
      vertex 1.88542 179.85 4.67964
      vertex 1.71312 179.85 4.87611
      vertex 2.5042 179.05 5.18739
    endloop
  endfacet
  facet normal -0.706726 0.707108 0.0231579
    outer loop
      vertex -2.39999 179.85 3.16084
      vertex -3.2 179.05 3.17375
      vertex -2.39914 179.85 3.18678
    endloop
  endfacet
  facet normal -0.353522 -0.707105 0.612393
    outer loop
      vertex -1.55307 160.95 5.9944
      vertex -1.64365 160.95 5.94211
      vertex -1.17577 160.15 5.28848
    endloop
  endfacet
  facet normal -0.392846 -0.707108 0.587938
    outer loop
      vertex -1.64365 160.95 5.94211
      vertex -1.90436 160.95 5.76791
      vertex -1.43813 160.15 5.11728
    endloop
  endfacet
  facet normal -0.392846 0.707108 0.587938
    outer loop
      vertex -1.43813 179.85 5.11728
      vertex -1.90436 179.05 5.76791
      vertex -1.64365 179.05 5.94211
    endloop
  endfacet
  facet normal -0.531626 0.707109 0.466231
    outer loop
      vertex -1.71312 179.85 4.87611
      vertex -2.5042 179.05 5.18739
      vertex -2.2973 179.05 5.42331
    endloop
  endfacet
  facet normal -0.751834 0 0.659353
    outer loop
      vertex -2.5042 160.95 5.18739
      vertex -2.2973 179.05 5.42331
      vertex -2.5042 179.05 5.18739
    endloop
  endfacet
  facet normal -0.751834 0 0.659353
    outer loop
      vertex -2.2973 179.05 5.42331
      vertex -2.5042 160.95 5.18739
      vertex -2.2973 160.95 5.42331
    endloop
  endfacet
  facet normal -0.707107 0 0.707107
    outer loop
      vertex -2.2973 160.95 5.42331
      vertex -2.22331 179.05 5.4973
      vertex -2.2973 179.05 5.42331
    endloop
  endfacet
  facet normal -0.707107 0 0.707107
    outer loop
      vertex -2.22331 179.05 5.4973
      vertex -2.2973 160.95 5.42331
      vertex -2.22331 160.95 5.4973
    endloop
  endfacet
  facet normal -0.312743 -0.707109 0.634183
    outer loop
      vertex -0.941193 160.15 5.40416
      vertex -1.27159 160.95 6.13322
      vertex -1.17577 160.15 5.28848
    endloop
  endfacet
  facet normal 0.587942 -0.70711 0.392836
    outer loop
      vertex 2.74211 160.95 4.84364
      vertex 1.91728 160.15 4.63812
      vertex 2.06241 160.15 4.42091
    endloop
  endfacet
  facet normal -0.701051 -0.707106 0.0923468
    outer loop
      vertex -2.37263 160.15 3.5388
      vertex -3.17603 160.95 3.56544
      vertex -2.37946 160.15 3.48695
    endloop
  endfacet
  facet normal -0.312763 -0.707105 0.634178
    outer loop
      vertex -1.27159 160.95 6.13322
      vertex -1.55307 160.95 5.9944
      vertex -1.17577 160.15 5.28848
    endloop
  endfacet
  facet normal 0.560978 -0.707111 0.430462
    outer loop
      vertex 1.88542 160.15 4.67964
      vertex 2.56792 160.95 5.10435
      vertex 2.5042 160.95 5.18739
    endloop
  endfacet
  facet normal 0.560978 -0.707111 0.430462
    outer loop
      vertex 2.56792 160.95 5.10435
      vertex 1.88542 160.15 4.67964
      vertex 1.91728 160.15 4.63812
    endloop
  endfacet
  facet normal 0.137959 -0.70711 0.693515
    outer loop
      vertex 0.776794 160.95 6.30118
      vertex 0.469193 160.95 6.36237
      vertex 0.59491 160.15 5.52168
    endloop
  endfacet
  facet normal -0.693524 -0.707105 0.137941
    outer loop
      vertex -2.32169 160.15 3.79491
      vertex -3.10118 160.95 3.97679
      vertex -2.37263 160.15 3.5388
    endloop
  endfacet
  facet normal 0.669662 -0.707034 0.227279
    outer loop
      vertex 2.81739 160.682 4
      vertex 2.22415 160.15 4.09296
      vertex 2.2557 160.15 4
    endloop
  endfacet
  facet normal 0.66973 -0.707281 0.226307
    outer loop
      vertex 2.22415 160.15 4.09296
      vertex 2.81739 160.682 4
      vertex 3.07411 160.95 4.07785
    endloop
  endfacet
  facet normal 0.392836 -0.70711 0.587942
    outer loop
      vertex 1.64365 160.95 5.94211
      vertex 1.22092 160.15 5.26241
      vertex 1.43813 160.15 5.11728
    endloop
  endfacet
  facet normal 0.392846 -0.707108 0.587938
    outer loop
      vertex 1.64365 160.95 5.94211
      vertex 1.43813 160.15 5.11728
      vertex 1.90436 160.95 5.76791
    endloop
  endfacet
  facet normal 0.382743 0 0.923855
    outer loop
      vertex 1.17487 179.05 6.17329
      vertex 1.27159 160.95 6.13322
      vertex 1.27159 179.05 6.13322
    endloop
  endfacet
  facet normal 0.382743 0 0.923855
    outer loop
      vertex 1.27159 160.95 6.13322
      vertex 1.17487 179.05 6.17329
      vertex 1.17487 160.95 6.17329
    endloop
  endfacet
  facet normal 0.137954 -0.70711 0.693515
    outer loop
      vertex 0.469193 160.95 6.36237
      vertex 0.338928 160.15 5.5726
      vertex 0.59491 160.15 5.52168
    endloop
  endfacet
  facet normal 0.0653957 0 0.997859
    outer loop
      vertex 0.0523224 179.05 6.39656
      vertex 0.365433 160.95 6.37604
      vertex 0.365433 179.05 6.37604
    endloop
  endfacet
  facet normal 0.0653957 0 0.997859
    outer loop
      vertex 0.365433 160.95 6.37604
      vertex 0.0523224 179.05 6.39656
      vertex 0.0523224 160.95 6.39656
    endloop
  endfacet
  facet normal 0.923869 -0 0.382709
    outer loop
      vertex 2.93323 160.95 4.47159
      vertex 2.9733 179.05 4.37486
      vertex 2.93323 179.05 4.47159
    endloop
  endfacet
  facet normal 0.923869 0 0.382709
    outer loop
      vertex 2.9733 179.05 4.37486
      vertex 2.93323 160.95 4.47159
      vertex 2.9733 160.95 4.37486
    endloop
  endfacet
  facet normal 0.612378 -0.707103 0.353552
    outer loop
      vertex 2.74211 160.95 4.84364
      vertex 2.08849 160.15 4.37576
      vertex 2.7944 160.95 4.75307
    endloop
  endfacet
  facet normal -0.353579 -0.707108 0.612356
    outer loop
      vertex -1.17577 160.15 5.28848
      vertex -1.64365 160.95 5.94211
      vertex -1.22092 160.15 5.26241
    endloop
  endfacet
  facet normal 0.634186 -0.707114 0.312727
    outer loop
      vertex 2.93323 160.95 4.47159
      vertex 2.08849 160.15 4.37576
      vertex 2.20416 160.15 4.14119
    endloop
  endfacet
  facet normal -0.531628 -0.70711 0.466227
    outer loop
      vertex -1.71312 160.15 4.87611
      vertex -2.5042 160.95 5.18739
      vertex -1.88542 160.15 4.67964
    endloop
  endfacet
  facet normal -0.466213 -0.707109 0.53164
    outer loop
      vertex -1.47964 160.15 5.08542
      vertex -1.9874 160.95 5.70419
      vertex -1.67612 160.15 4.91312
    endloop
  endfacet
  facet normal -0.634186 -0.707114 0.312727
    outer loop
      vertex -2.08849 160.15 4.37576
      vertex -2.93323 160.95 4.47159
      vertex -2.20416 160.15 4.14119
    endloop
  endfacet
  facet normal 0.793348 -0 0.608768
    outer loop
      vertex 2.5042 160.95 5.18739
      vertex 2.56792 179.05 5.10435
      vertex 2.5042 179.05 5.18739
    endloop
  endfacet
  facet normal 0.793348 0 0.608768
    outer loop
      vertex 2.56792 179.05 5.10435
      vertex 2.5042 160.95 5.18739
      vertex 2.56792 160.95 5.10435
    endloop
  endfacet
  facet normal 0.896848 -0 0.442338
    outer loop
      vertex 2.7944 160.95 4.75307
      vertex 2.93323 179.05 4.47159
      vertex 2.7944 179.05 4.75307
    endloop
  endfacet
  facet normal 0.896848 0 0.442338
    outer loop
      vertex 2.93323 179.05 4.47159
      vertex 2.7944 160.95 4.75307
      vertex 2.93323 160.95 4.47159
    endloop
  endfacet
  facet normal -0.587942 -0.70711 0.392836
    outer loop
      vertex -1.91728 160.15 4.63812
      vertex -2.74211 160.95 4.84364
      vertex -2.06241 160.15 4.42091
    endloop
  endfacet
  facet normal 0.353522 0.707105 0.612393
    outer loop
      vertex 1.64365 179.05 5.94211
      vertex 1.17577 179.85 5.28848
      vertex 1.55307 179.05 5.9944
    endloop
  endfacet
  facet normal -0.466232 -0.707106 0.531629
    outer loop
      vertex -1.9874 160.95 5.70419
      vertex -2.22331 160.95 5.4973
      vertex -1.67612 160.15 4.91312
    endloop
  endfacet
  facet normal -0.63417 -0.707104 0.312782
    outer loop
      vertex -2.7944 160.95 4.75307
      vertex -2.93323 160.95 4.47159
      vertex -2.08849 160.15 4.37576
    endloop
  endfacet
  facet normal -0.612378 -0.707103 0.353552
    outer loop
      vertex -2.74211 160.95 4.84364
      vertex -2.7944 160.95 4.75307
      vertex -2.08849 160.15 4.37576
    endloop
  endfacet
  facet normal -0.706724 -0.707103 0.0233594
    outer loop
      vertex -3.19827 160.95 3.22609
      vertex -3.2 160.95 3.17375
      vertex -2.39914 160.15 3.18678
    endloop
  endfacet
  facet normal -0.137959 -0.70711 0.693515
    outer loop
      vertex -0.469193 160.95 6.36237
      vertex -0.776794 160.95 6.30118
      vertex -0.59491 160.15 5.52168
    endloop
  endfacet
  facet normal -0.0654712 0 -0.997854
    outer loop
      vertex -2.50441 160.95 0.0068512
      vertex -2.39999 179.05 0
      vertex -2.39999 160.95 0
    endloop
  endfacet
  facet normal -0.0654712 0 -0.997854
    outer loop
      vertex -2.39999 179.05 0
      vertex -2.50441 160.95 0.0068512
      vertex -2.50441 179.05 0.0068512
    endloop
  endfacet
  facet normal 0.612378 0.707103 0.353552
    outer loop
      vertex 2.7944 179.05 4.75307
      vertex 2.08849 179.85 4.37576
      vertex 2.74211 179.05 4.84364
    endloop
  endfacet
  facet normal 0.653215 0.707114 0.270739
    outer loop
      vertex 2.22415 179.85 4.09296
      vertex 2.20416 179.85 4.14119
      vertex 2.93323 179.05 4.47159
    endloop
  endfacet
  facet normal -0.321386 0 -0.946948
    outer loop
      vertex -2.70615 160.95 0.0608978
      vertex -2.60706 179.05 0.0272675
      vertex -2.60706 160.95 0.0272675
    endloop
  endfacet
  facet normal -0.321386 0 -0.946948
    outer loop
      vertex -2.60706 179.05 0.0272675
      vertex -2.70615 160.95 0.0608978
      vertex -2.70615 179.05 0.0608978
    endloop
  endfacet
  facet normal -0.669459 0.707249 -0.227207
    outer loop
      vertex -3.1391 179.05 0.493851
      vertex -3.17273 179.05 0.592941
      vertex -2.39839 179.85 0.801605
    endloop
  endfacet
  facet normal -0.705597 0.707102 0.0462428
    outer loop
      vertex -2.39914 179.85 3.18678
      vertex -3.19827 179.05 3.22609
      vertex -3.17603 179.05 3.56544
    endloop
  endfacet
  facet normal -0.669585 -0.707108 0.227273
    outer loop
      vertex -2.22415 160.15 4.09296
      vertex -3.07411 160.95 4.07785
      vertex -2.30812 160.15 3.84557
    endloop
  endfacet
  facet normal -0.669586 -0.707109 0.227268
    outer loop
      vertex -2.9733 160.95 4.37486
      vertex -3.07411 160.95 4.07785
      vertex -2.22415 160.15 4.09296
    endloop
  endfacet
  facet normal -0.991444 0 0.130536
    outer loop
      vertex -3.17603 160.95 3.56544
      vertex -3.16237 179.05 3.66919
      vertex -3.17603 179.05 3.56544
    endloop
  endfacet
  facet normal -0.991444 0 0.130536
    outer loop
      vertex -3.16237 179.05 3.66919
      vertex -3.17603 160.95 3.56544
      vertex -3.16237 160.95 3.66919
    endloop
  endfacet
  facet normal -0.999454 0 0.0330351
    outer loop
      vertex -3.2 160.95 3.17375
      vertex -3.19827 179.05 3.22609
      vertex -3.2 179.05 3.17375
    endloop
  endfacet
  facet normal -0.999454 0 0.0330351
    outer loop
      vertex -3.19827 179.05 3.22609
      vertex -3.2 160.95 3.17375
      vertex -3.19827 160.95 3.22609
    endloop
  endfacet
  facet normal -0.707102 0.707111 0
    outer loop
      vertex -3.2 179.05 3.17375
      vertex -2.39999 179.85 0.826111
      vertex -3.2 179.05 0.800003
    endloop
  endfacet
  facet normal -0.707102 0.707111 0
    outer loop
      vertex -2.39999 179.85 0.826111
      vertex -3.2 179.05 3.17375
      vertex -2.39999 179.85 3.16084
    endloop
  endfacet
  facet normal -0.531431 0.707351 -0.466085
    outer loop
      vertex -2.96568 179.05 0.234314
      vertex -3.03468 179.05 0.312988
      vertex -2.39839 179.85 0.801605
    endloop
  endfacet
  facet normal -0.705599 -0.707112 -0.0460687
    outer loop
      vertex -2.39999 160.15 0.826111
      vertex -3.2 160.95 0.800003
      vertex -2.39839 160.15 0.801605
    endloop
  endfacet
  facet normal 0 -1 0
    outer loop
      vertex 0 160.15 4.50814
      vertex -0.0260773 160.15 5.59656
      vertex -0.286926 160.15 5.57945
    endloop
  endfacet
  facet normal 0 -1 0
    outer loop
      vertex -0.0260773 160.15 5.59656
      vertex 0 160.15 4.50814
      vertex 0.0260773 160.15 5.59656
    endloop
  endfacet
  facet normal 0 -1 0
    outer loop
      vertex 0 160.15 4.50814
      vertex -0.286926 160.15 5.57945
      vertex -0.338928 160.15 5.5726
    endloop
  endfacet
  facet normal 0 -1 -0
    outer loop
      vertex 0.0260773 160.15 5.59656
      vertex 0 160.15 4.50814
      vertex 0.286926 160.15 5.57945
    endloop
  endfacet
  facet normal 0 -1 0
    outer loop
      vertex 0 160.15 4.50814
      vertex -0.338928 160.15 5.5726
      vertex -0.59491 160.15 5.52168
    endloop
  endfacet
  facet normal 0 -1 -0
    outer loop
      vertex 0.286926 160.15 5.57945
      vertex 0 160.15 4.50814
      vertex 0.338928 160.15 5.5726
    endloop
  endfacet
  facet normal 0 -1 0
    outer loop
      vertex 0 160.15 4.50814
      vertex -0.59491 160.15 5.52168
      vertex -0.645569 160.15 5.50812
    endloop
  endfacet
  facet normal 0 -1 -0
    outer loop
      vertex 0.338928 160.15 5.5726
      vertex 0 160.15 4.50814
      vertex 0.59491 160.15 5.52168
    endloop
  endfacet
  facet normal 0 -1 0
    outer loop
      vertex 0 160.15 4.50814
      vertex -0.645569 160.15 5.50812
      vertex -0.89296 160.15 5.42415
    endloop
  endfacet
  facet normal 0 -1 -0
    outer loop
      vertex 0.59491 160.15 5.52168
      vertex 0 160.15 4.50814
      vertex 0.645569 160.15 5.50812
    endloop
  endfacet
  facet normal 0 -1 0
    outer loop
      vertex 0 160.15 4.50814
      vertex -0.89296 160.15 5.42415
      vertex -0.941193 160.15 5.40416
    endloop
  endfacet
  facet normal 0 -1 -0
    outer loop
      vertex 0.645569 160.15 5.50812
      vertex 0 160.15 4.50814
      vertex 0.89296 160.15 5.42415
    endloop
  endfacet
  facet normal 0 -1 0
    outer loop
      vertex 0 160.15 4.50814
      vertex -0.941193 160.15 5.40416
      vertex -1.17577 160.15 5.28848
    endloop
  endfacet
  facet normal 0 -1 -0
    outer loop
      vertex 0.89296 160.15 5.42415
      vertex 0 160.15 4.50814
      vertex 0.941193 160.15 5.40416
    endloop
  endfacet
  facet normal 0 -1 0
    outer loop
      vertex -0.654068 160.15 3.85407
      vertex -1.17577 160.15 5.28848
      vertex -1.22092 160.15 5.26241
    endloop
  endfacet
  facet normal 0 -1 -0
    outer loop
      vertex 0.941193 160.15 5.40416
      vertex 0 160.15 4.50814
      vertex 1.17577 160.15 5.28848
    endloop
  endfacet
  facet normal 0 -1 0
    outer loop
      vertex -0.654068 160.15 3.85407
      vertex -1.22092 160.15 5.26241
      vertex -1.43813 160.15 5.11728
    endloop
  endfacet
  facet normal 0 -1 0
    outer loop
      vertex 0.654068 160.15 3.85407
      vertex 1.17577 160.15 5.28848
      vertex 0 160.15 4.50814
    endloop
  endfacet
  facet normal 0 -1 0
    outer loop
      vertex -0.654068 160.15 3.85407
      vertex -1.43813 160.15 5.11728
      vertex -1.47964 160.15 5.08542
    endloop
  endfacet
  facet normal 0 -1 -0
    outer loop
      vertex 1.17577 160.15 5.28848
      vertex 0.654068 160.15 3.85407
      vertex 1.22092 160.15 5.26241
    endloop
  endfacet
  facet normal 0 -1 0
    outer loop
      vertex -0.654068 160.15 3.85407
      vertex -1.47964 160.15 5.08542
      vertex -1.67612 160.15 4.91312
    endloop
  endfacet
  facet normal 0 -1 -0
    outer loop
      vertex 1.22092 160.15 5.26241
      vertex 0.654068 160.15 3.85407
      vertex 1.43813 160.15 5.11728
    endloop
  endfacet
  facet normal 0 -1 0
    outer loop
      vertex -0.654068 160.15 3.85407
      vertex -1.67612 160.15 4.91312
      vertex -1.71312 160.15 4.87611
    endloop
  endfacet
  facet normal 0 -1 -0
    outer loop
      vertex 1.43813 160.15 5.11728
      vertex 0.654068 160.15 3.85407
      vertex 1.47964 160.15 5.08542
    endloop
  endfacet
  facet normal 0 -1 0
    outer loop
      vertex -0.654068 160.15 3.85407
      vertex -1.71312 160.15 4.87611
      vertex -1.88542 160.15 4.67964
    endloop
  endfacet
  facet normal 0 -1 -0
    outer loop
      vertex 1.47964 160.15 5.08542
      vertex 0.654068 160.15 3.85407
      vertex 1.67612 160.15 4.91312
    endloop
  endfacet
  facet normal 0 -1 0
    outer loop
      vertex -0.733841 160.15 3.76309
      vertex -1.88542 160.15 4.67964
      vertex -1.91728 160.15 4.63812
    endloop
  endfacet
  facet normal 0 -1 -0
    outer loop
      vertex 1.67612 160.15 4.91312
      vertex 0.654068 160.15 3.85407
      vertex 1.71312 160.15 4.87611
    endloop
  endfacet
  facet normal 0 -1 -0
    outer loop
      vertex 1.71312 160.15 4.87611
      vertex 0.654068 160.15 3.85407
      vertex 1.88542 160.15 4.67964
    endloop
  endfacet
  facet normal 0 -1 0
    outer loop
      vertex -0.733841 160.15 3.76309
      vertex -1.91728 160.15 4.63812
      vertex -2.06241 160.15 4.42091
    endloop
  endfacet
  facet normal 0 -1 0
    outer loop
      vertex -0.801071 160.15 3.66249
      vertex -2.06241 160.15 4.42091
      vertex -2.08849 160.15 4.37576
    endloop
  endfacet
  facet normal 0 -1 0
    outer loop
      vertex -0.801071 160.15 3.66249
      vertex -2.08849 160.15 4.37576
      vertex -2.20416 160.15 4.14119
    endloop
  endfacet
  facet normal 0 -1 0
    outer loop
      vertex -0.854584 160.15 3.55397
      vertex -2.20416 160.15 4.14119
      vertex -2.22415 160.15 4.09296
    endloop
  endfacet
  facet normal 0 -1 0
    outer loop
      vertex -1.17577 160.15 5.28848
      vertex -0.654068 160.15 3.85407
      vertex 0 160.15 4.50814
    endloop
  endfacet
  facet normal 0 -1 0
    outer loop
      vertex -0.854584 160.15 3.55397
      vertex -2.22415 160.15 4.09296
      vertex -2.30812 160.15 3.84557
    endloop
  endfacet
  facet normal 0 -1 0
    outer loop
      vertex -0.893478 160.15 3.43939
      vertex -2.30812 160.15 3.84557
      vertex -2.32169 160.15 3.79491
    endloop
  endfacet
  facet normal 0 -1 0
    outer loop
      vertex -1.88542 160.15 4.67964
      vertex -0.733841 160.15 3.76309
      vertex -0.654068 160.15 3.85407
    endloop
  endfacet
  facet normal 0 -1 0
    outer loop
      vertex -2.06241 160.15 4.42091
      vertex -0.801071 160.15 3.66249
      vertex -0.733841 160.15 3.76309
    endloop
  endfacet
  facet normal 0 -1 0
    outer loop
      vertex -2.20416 160.15 4.14119
      vertex -0.854584 160.15 3.55397
      vertex -0.801071 160.15 3.66249
    endloop
  endfacet
  facet normal 0 -1 0
    outer loop
      vertex -0.893478 160.15 3.43939
      vertex -2.32169 160.15 3.79491
      vertex -2.37263 160.15 3.5388
    endloop
  endfacet
  facet normal 0 -1 0
    outer loop
      vertex -0.917084 160.15 3.32073
      vertex -2.37263 160.15 3.5388
      vertex -2.37946 160.15 3.48695
    endloop
  endfacet
  facet normal 0 -1 0
    outer loop
      vertex -2.30812 160.15 3.84557
      vertex -0.893478 160.15 3.43939
      vertex -0.854584 160.15 3.55397
    endloop
  endfacet
  facet normal 0 -1 0
    outer loop
      vertex -2.37263 160.15 3.5388
      vertex -0.917084 160.15 3.32073
      vertex -0.893478 160.15 3.43939
    endloop
  endfacet
  facet normal 0 -1 0
    outer loop
      vertex -2.37946 160.15 3.48695
      vertex -0.924988 160.15 3.2
      vertex -0.917084 160.15 3.32073
    endloop
  endfacet
  facet normal 0 -1 0
    outer loop
      vertex -2.39914 160.15 3.18678
      vertex -0.924988 160.15 3.2
      vertex -2.37946 160.15 3.48695
    endloop
  endfacet
  facet normal 0 -1 0
    outer loop
      vertex -2.39999 160.15 3.16084
      vertex -0.924988 160.15 3.2
      vertex -2.39914 160.15 3.18678
    endloop
  endfacet
  facet normal 0 -1 0
    outer loop
      vertex -2.39999 160.15 3.16084
      vertex -0.917084 160.15 3.07927
      vertex -0.924988 160.15 3.2
    endloop
  endfacet
  facet normal 0 -1 0
    outer loop
      vertex -2.39999 160.15 3.16084
      vertex -0.893478 160.15 2.9606
      vertex -0.917084 160.15 3.07927
    endloop
  endfacet
  facet normal 0 -1 0
    outer loop
      vertex -2.39999 160.15 3.16084
      vertex -0.854584 160.15 2.84603
      vertex -0.893478 160.15 2.9606
    endloop
  endfacet
  facet normal 0 -1 0
    outer loop
      vertex -2.39999 160.15 3.16084
      vertex -0.801071 160.15 2.73751
      vertex -0.854584 160.15 2.84603
    endloop
  endfacet
  facet normal 0 -1 0
    outer loop
      vertex -2.39999 160.15 0.826111
      vertex -0.801071 160.15 2.73751
      vertex -2.39999 160.15 3.16084
    endloop
  endfacet
  facet normal 0 -1 -0
    outer loop
      vertex -0.801071 160.15 2.73751
      vertex -2.39999 160.15 0.826111
      vertex -0.733841 160.15 2.6369
    endloop
  endfacet
  facet normal 0 -1 -0
    outer loop
      vertex -0.733841 160.15 2.6369
      vertex -2.39999 160.15 0.826111
      vertex -0.654068 160.15 2.54593
    endloop
  endfacet
  facet normal 0 -1 0
    outer loop
      vertex -2.37389 160.15 0.800003
      vertex -0.654068 160.15 2.54593
      vertex -2.39999 160.15 0.826111
    endloop
  endfacet
  facet normal 0 -1 -0
    outer loop
      vertex -0.654068 160.15 2.54593
      vertex -2.37389 160.15 0.800003
      vertex -0.563095 160.15 2.46616
    endloop
  endfacet
  facet normal 0 -1 0
    outer loop
      vertex -0.353973 160.15 2.34542
      vertex 0.199997 160.15 0.800003
      vertex -0.239395 160.15 2.30652
    endloop
  endfacet
  facet normal 0 -1 0
    outer loop
      vertex -0.462494 160.15 2.39893
      vertex 0.199997 160.15 0.800003
      vertex -0.353973 160.15 2.34542
    endloop
  endfacet
  facet normal 0 -1 0
    outer loop
      vertex 0.199997 160.15 0.800003
      vertex -0.462494 160.15 2.39893
      vertex -2.37389 160.15 0.800003
    endloop
  endfacet
  facet normal 0 -1 -0
    outer loop
      vertex -0.563095 160.15 2.46616
      vertex -2.37389 160.15 0.800003
      vertex -0.462494 160.15 2.39893
    endloop
  endfacet
  facet normal 0 -1 0
    outer loop
      vertex 0.733841 160.15 3.76309
      vertex 1.88542 160.15 4.67964
      vertex 0.654068 160.15 3.85407
    endloop
  endfacet
  facet normal 0 -1 -0
    outer loop
      vertex 1.88542 160.15 4.67964
      vertex 0.733841 160.15 3.76309
      vertex 1.91728 160.15 4.63812
    endloop
  endfacet
  facet normal 0 -1 -0
    outer loop
      vertex 1.91728 160.15 4.63812
      vertex 0.733841 160.15 3.76309
      vertex 2.06241 160.15 4.42091
    endloop
  endfacet
  facet normal 0 -1 0
    outer loop
      vertex 0.801071 160.15 3.66249
      vertex 2.06241 160.15 4.42091
      vertex 0.733841 160.15 3.76309
    endloop
  endfacet
  facet normal 0 -1 -0
    outer loop
      vertex 2.06241 160.15 4.42091
      vertex 0.801071 160.15 3.66249
      vertex 2.08849 160.15 4.37576
    endloop
  endfacet
  facet normal 0 -1 -0
    outer loop
      vertex 2.08849 160.15 4.37576
      vertex 0.801071 160.15 3.66249
      vertex 2.20416 160.15 4.14119
    endloop
  endfacet
  facet normal 0 -1 0
    outer loop
      vertex 0.854584 160.15 3.55397
      vertex 2.20416 160.15 4.14119
      vertex 0.801071 160.15 3.66249
    endloop
  endfacet
  facet normal 0 -1 -0
    outer loop
      vertex 2.20416 160.15 4.14119
      vertex 0.854584 160.15 3.55397
      vertex 2.22415 160.15 4.09296
    endloop
  endfacet
  facet normal 0 -1 -0
    outer loop
      vertex 2.22415 160.15 4.09296
      vertex 0.854584 160.15 3.55397
      vertex 2.2557 160.15 4
    endloop
  endfacet
  facet normal 0 -1 0
    outer loop
      vertex 0.893478 160.15 3.43939
      vertex 2.2557 160.15 4
      vertex 0.854584 160.15 3.55397
    endloop
  endfacet
  facet normal 0 -1 0
    outer loop
      vertex 0.917084 160.15 3.32073
      vertex 2.2557 160.15 4
      vertex 0.893478 160.15 3.43939
    endloop
  endfacet
  facet normal 0 -1 0
    outer loop
      vertex 0.924988 160.15 3.2
      vertex 2.2557 160.15 4
      vertex 0.917084 160.15 3.32073
    endloop
  endfacet
  facet normal 0 -1 0
    outer loop
      vertex 0.917084 160.15 3.07927
      vertex 2.2557 160.15 4
      vertex 0.924988 160.15 3.2
    endloop
  endfacet
  facet normal 0 -1 0
    outer loop
      vertex 0.893478 160.15 2.9606
      vertex 2.2557 160.15 4
      vertex 0.917084 160.15 3.07927
    endloop
  endfacet
  facet normal 0 -1 0
    outer loop
      vertex 0.854584 160.15 2.84603
      vertex 2.2557 160.15 4
      vertex 0.893478 160.15 2.9606
    endloop
  endfacet
  facet normal 0 -1 0
    outer loop
      vertex 0.801071 160.15 2.73751
      vertex 2.2557 160.15 4
      vertex 0.854584 160.15 2.84603
    endloop
  endfacet
  facet normal 0 -1 0
    outer loop
      vertex 2.2557 160.15 4
      vertex 0.801071 160.15 2.73751
      vertex 1 160.15 0
    endloop
  endfacet
  facet normal 0 -1 0
    outer loop
      vertex 1 160.15 0
      vertex 0.801071 160.15 2.73751
      vertex 0.733841 160.15 2.6369
    endloop
  endfacet
  facet normal 0 -1 0
    outer loop
      vertex 1 160.15 0
      vertex 0.733841 160.15 2.6369
      vertex 0.654068 160.15 2.54593
    endloop
  endfacet
  facet normal 0 -1 0
    outer loop
      vertex 1 160.15 0
      vertex 0.654068 160.15 2.54593
      vertex 0.563095 160.15 2.46616
    endloop
  endfacet
  facet normal 0 -1 0
    outer loop
      vertex 0.199997 160.15 0.800003
      vertex 0.563095 160.15 2.46616
      vertex 0.462494 160.15 2.39893
    endloop
  endfacet
  facet normal 0 -1 0
    outer loop
      vertex 0.199997 160.15 0.800003
      vertex 0.462494 160.15 2.39893
      vertex 0.353973 160.15 2.34542
    endloop
  endfacet
  facet normal 0 -1 0
    outer loop
      vertex 0.199997 160.15 0.800003
      vertex 0.353973 160.15 2.34542
      vertex 0.239395 160.15 2.30652
    endloop
  endfacet
  facet normal 0 -1 0
    outer loop
      vertex -0.239395 160.15 2.30652
      vertex 0.199997 160.15 0.800003
      vertex -0.120728 160.15 2.28292
    endloop
  endfacet
  facet normal 0 -1 0
    outer loop
      vertex -0.120728 160.15 2.28292
      vertex 0.199997 160.15 0.800003
      vertex 0 160.15 2.27501
    endloop
  endfacet
  facet normal 0 -1 0
    outer loop
      vertex 0 160.15 2.27501
      vertex 0.199997 160.15 0.800003
      vertex 0.120728 160.15 2.28292
    endloop
  endfacet
  facet normal 0 -1 0
    outer loop
      vertex -2.37389 160.15 0.800003
      vertex -2.39999 160.15 0.826111
      vertex -2.39839 160.15 0.801605
    endloop
  endfacet
  facet normal 0 -1 0
    outer loop
      vertex 0.120728 160.15 2.28292
      vertex 0.199997 160.15 0.800003
      vertex 0.239395 160.15 2.30652
    endloop
  endfacet
  facet normal 0 -1 -0
    outer loop
      vertex 0.563095 160.15 2.46616
      vertex 0.199997 160.15 0.800003
      vertex 1 160.15 0
    endloop
  endfacet
  facet normal 0 -1 -0
    outer loop
      vertex 2.2557 160.15 4
      vertex 1 160.15 0
      vertex 6.7 160.15 0
    endloop
  endfacet
  facet normal 0 -1 0
    outer loop
      vertex 2.2557 160.15 4
      vertex 6.7 160.15 0
      vertex 6.7 160.15 4
    endloop
  endfacet
  facet normal -0.587766 -0.707334 -0.392695
    outer loop
      vertex -2.39839 160.15 0.801605
      vertex -3.09282 160.95 0.400009
      vertex -3.03468 160.95 0.312988
    endloop
  endfacet
  facet normal -0.634005 0.7073 -0.312672
    outer loop
      vertex -3.09282 179.05 0.400009
      vertex -3.1391 179.05 0.493851
      vertex -2.39839 179.85 0.801605
    endloop
  endfacet
  facet normal -0.634005 -0.7073 -0.312672
    outer loop
      vertex -2.39839 160.15 0.801605
      vertex -3.1391 160.95 0.493851
      vertex -3.09282 160.95 0.400009
    endloop
  endfacet
  facet normal -0.946949 0 -0.321384
    outer loop
      vertex -3.1391 160.95 0.493851
      vertex -3.17273 179.05 0.592941
      vertex -3.1391 179.05 0.493851
    endloop
  endfacet
  facet normal -0.946949 -0 -0.321384
    outer loop
      vertex -3.17273 179.05 0.592941
      vertex -3.1391 160.95 0.493851
      vertex -3.17273 160.95 0.592941
    endloop
  endfacet
  facet normal -0.130618 0 0.991433
    outer loop
      vertex -0.469193 179.05 6.36237
      vertex -0.365433 160.95 6.37604
      vertex -0.365433 179.05 6.37604
    endloop
  endfacet
  facet normal -0.130618 0 0.991433
    outer loop
      vertex -0.365433 160.95 6.37604
      vertex -0.469193 179.05 6.36237
      vertex -0.469193 160.95 6.36237
    endloop
  endfacet
  facet normal 0.669586 0.707109 0.227268
    outer loop
      vertex 3.07411 179.05 4.07785
      vertex 2.22415 179.85 4.09296
      vertex 2.9733 179.05 4.37486
    endloop
  endfacet
  facet normal -0.980783 0 0.195104
    outer loop
      vertex -3.16237 160.95 3.66919
      vertex -3.10118 179.05 3.97679
      vertex -3.16237 179.05 3.66919
    endloop
  endfacet
  facet normal -0.980783 0 0.195104
    outer loop
      vertex -3.10118 179.05 3.97679
      vertex -3.16237 160.95 3.66919
      vertex -3.10118 160.95 3.97679
    endloop
  endfacet
  facet normal -0.5 0.707107 0.5
    outer loop
      vertex -1.67612 179.85 4.91312
      vertex -2.2973 179.05 5.42331
      vertex -2.22331 179.05 5.4973
    endloop
  endfacet
  facet normal -0.500064 0.707111 0.499929
    outer loop
      vertex -2.2973 179.05 5.42331
      vertex -1.67612 179.85 4.91312
      vertex -1.71312 179.85 4.87611
    endloop
  endfacet
  facet normal -0.392836 -0.70711 0.587942
    outer loop
      vertex -1.22092 160.15 5.26241
      vertex -1.64365 160.95 5.94211
      vertex -1.43813 160.15 5.11728
    endloop
  endfacet
  facet normal -0.705597 -0.707102 0.0462428
    outer loop
      vertex -3.17603 160.95 3.56544
      vertex -3.19827 160.95 3.22609
      vertex -2.39914 160.15 3.18678
    endloop
  endfacet
  facet normal -0.706726 -0.707108 0.0231579
    outer loop
      vertex -2.39914 160.15 3.18678
      vertex -3.2 160.95 3.17375
      vertex -2.39999 160.15 3.16084
    endloop
  endfacet
  facet normal -0.555568 0 0.831471
    outer loop
      vertex -1.90436 179.05 5.76791
      vertex -1.64365 160.95 5.94211
      vertex -1.64365 179.05 5.94211
    endloop
  endfacet
  facet normal -0.555568 0 0.831471
    outer loop
      vertex -1.64365 160.95 5.94211
      vertex -1.90436 179.05 5.76791
      vertex -1.90436 160.95 5.76791
    endloop
  endfacet
  facet normal 0.430464 0.707108 0.560981
    outer loop
      vertex 1.9874 179.05 5.70419
      vertex 1.43813 179.85 5.11728
      vertex 1.90436 179.05 5.76791
    endloop
  endfacet
  facet normal 0.430527 0.707112 0.560928
    outer loop
      vertex 1.43813 179.85 5.11728
      vertex 1.9874 179.05 5.70419
      vertex 1.47964 179.85 5.08542
    endloop
  endfacet
  facet normal 0.182834 -0.707116 0.683051
    outer loop
      vertex 0.776794 160.95 6.30118
      vertex 0.59491 160.15 5.52168
      vertex 0.645569 160.15 5.50812
    endloop
  endfacet
  facet normal 0.182957 -0.70711 0.683024
    outer loop
      vertex 0.776794 160.95 6.30118
      vertex 0.645569 160.15 5.50812
      vertex 0.877853 160.95 6.27411
    endloop
  endfacet
  facet normal 0.5 -0.707107 0.5
    outer loop
      vertex 1.67612 160.15 4.91312
      vertex 2.2973 160.95 5.42331
      vertex 2.22331 160.95 5.4973
    endloop
  endfacet
  facet normal 0.500064 -0.707111 0.499929
    outer loop
      vertex 2.2973 160.95 5.42331
      vertex 1.67612 160.15 4.91312
      vertex 1.71312 160.15 4.87611
    endloop
  endfacet
  facet normal 0.531626 -0.707109 0.466231
    outer loop
      vertex 2.2973 160.95 5.42331
      vertex 1.71312 160.15 4.87611
      vertex 2.5042 160.95 5.18739
    endloop
  endfacet
  facet normal 0.137959 0.70711 0.693515
    outer loop
      vertex 0.59491 179.85 5.52168
      vertex 0.469193 179.05 6.36237
      vertex 0.776794 179.05 6.30118
    endloop
  endfacet
  facet normal 0.866028 -0 0.499996
    outer loop
      vertex 2.74211 160.95 4.84364
      vertex 2.7944 179.05 4.75307
      vertex 2.74211 179.05 4.84364
    endloop
  endfacet
  facet normal 0.866028 0 0.499996
    outer loop
      vertex 2.7944 179.05 4.75307
      vertex 2.74211 160.95 4.84364
      vertex 2.7944 160.95 4.75307
    endloop
  endfacet
  facet normal 0.466213 0.707109 0.53164
    outer loop
      vertex 1.67612 179.85 4.91312
      vertex 1.47964 179.85 5.08542
      vertex 1.9874 179.05 5.70419
    endloop
  endfacet
  facet normal 0.182957 0.70711 0.683024
    outer loop
      vertex 0.877853 179.05 6.27411
      vertex 0.645569 179.85 5.50812
      vertex 0.776794 179.05 6.30118
    endloop
  endfacet
  facet normal -0.0461376 -0.707107 -0.705599
    outer loop
      vertex -2.39839 160.15 0.801605
      vertex -2.39999 160.95 0
      vertex -2.37389 160.15 0.800003
    endloop
  endfacet
  facet normal -0.392679 -0.707335 -0.587776
    outer loop
      vertex -2.39839 160.15 0.801605
      vertex -2.88701 160.95 0.165314
      vertex -2.79999 160.95 0.107178
    endloop
  endfacet
  facet normal -0.693443 0.707182 -0.137951
    outer loop
      vertex -3.17273 179.05 0.592941
      vertex -3.19315 179.05 0.695587
      vertex -2.39839 179.85 0.801605
    endloop
  endfacet
  facet normal -0.705592 0.707105 -0.0462889
    outer loop
      vertex -3.19315 179.05 0.695587
      vertex -3.2 179.05 0.800003
      vertex -2.39839 179.85 0.801605
    endloop
  endfacet
  facet normal -0.683025 -0.707109 0.182956
    outer loop
      vertex -3.07411 160.95 4.07785
      vertex -3.10118 160.95 3.97679
      vertex -2.30812 160.15 3.84557
    endloop
  endfacet
  facet normal -0.965947 0 0.258739
    outer loop
      vertex -3.10118 160.95 3.97679
      vertex -3.07411 179.05 4.07785
      vertex -3.10118 179.05 3.97679
    endloop
  endfacet
  facet normal -0.965947 0 0.258739
    outer loop
      vertex -3.07411 179.05 4.07785
      vertex -3.10118 160.95 3.97679
      vertex -3.07411 160.95 4.07785
    endloop
  endfacet
  facet normal -0.997859 0 0.0653968
    outer loop
      vertex -3.19827 160.95 3.22609
      vertex -3.17603 179.05 3.56544
      vertex -3.19827 179.05 3.22609
    endloop
  endfacet
  facet normal -0.997859 0 0.0653968
    outer loop
      vertex -3.17603 179.05 3.56544
      vertex -3.19827 160.95 3.22609
      vertex -3.17603 160.95 3.56544
    endloop
  endfacet
  facet normal -0.701055 -0.707108 0.0923028
    outer loop
      vertex -3.16237 160.95 3.66919
      vertex -3.17603 160.95 3.56544
      vertex -2.37263 160.15 3.5388
    endloop
  endfacet
  facet normal -0.137922 0.707181 -0.69345
    outer loop
      vertex -2.50441 179.05 0.0068512
      vertex -2.60706 179.05 0.0272675
      vertex -2.39839 179.85 0.801605
    endloop
  endfacet
  facet normal -0.227209 0.707249 -0.669459
    outer loop
      vertex -2.60706 179.05 0.0272675
      vertex -2.70615 179.05 0.0608978
      vertex -2.39839 179.85 0.801605
    endloop
  endfacet
  facet normal -0.896864 0 -0.442306
    outer loop
      vertex -3.09282 160.95 0.400009
      vertex -3.1391 179.05 0.493851
      vertex -3.09282 179.05 0.400009
    endloop
  endfacet
  facet normal -0.896864 -0 -0.442306
    outer loop
      vertex -3.1391 179.05 0.493851
      vertex -3.09282 160.95 0.400009
      vertex -3.1391 160.95 0.493851
    endloop
  endfacet
  facet normal -0.980781 0 -0.195113
    outer loop
      vertex -3.17273 160.95 0.592941
      vertex -3.19315 179.05 0.695587
      vertex -3.17273 179.05 0.592941
    endloop
  endfacet
  facet normal -0.980781 -0 -0.195113
    outer loop
      vertex -3.19315 179.05 0.695587
      vertex -3.17273 160.95 0.592941
      vertex -3.19315 160.95 0.695587
    endloop
  endfacet
  facet normal 0.312743 0.707109 0.634183
    outer loop
      vertex 1.17577 179.85 5.28848
      vertex 0.941193 179.85 5.40416
      vertex 1.27159 179.05 6.13322
    endloop
  endfacet
  facet normal -0.137959 0.70711 0.693515
    outer loop
      vertex -0.59491 179.85 5.52168
      vertex -0.776794 179.05 6.30118
      vertex -0.469193 179.05 6.36237
    endloop
  endfacet
  facet normal 0.634186 0.707114 0.312727
    outer loop
      vertex 2.20416 179.85 4.14119
      vertex 2.08849 179.85 4.37576
      vertex 2.93323 179.05 4.47159
    endloop
  endfacet
  facet normal 0.63417 0.707104 0.312782
    outer loop
      vertex 2.93323 179.05 4.47159
      vertex 2.08849 179.85 4.37576
      vertex 2.7944 179.05 4.75307
    endloop
  endfacet
  facet normal 0.560978 0.707111 0.430462
    outer loop
      vertex 2.56792 179.05 5.10435
      vertex 1.88542 179.85 4.67964
      vertex 2.5042 179.05 5.18739
    endloop
  endfacet
  facet normal 0.560978 0.707111 0.430462
    outer loop
      vertex 1.88542 179.85 4.67964
      vertex 2.56792 179.05 5.10435
      vertex 1.91728 179.85 4.63812
    endloop
  endfacet
  facet normal 0.682881 0.707266 0.182891
    outer loop
      vertex 3.09496 179.05 4
      vertex 2.81739 179.318 4
      vertex 3.07411 179.05 4.07785
    endloop
  endfacet
  facet normal -0.653215 0.707114 0.270739
    outer loop
      vertex -2.22415 179.85 4.09296
      vertex -2.93323 179.05 4.47159
      vertex -2.20416 179.85 4.14119
    endloop
  endfacet
  facet normal -0.831486 0 0.555546
    outer loop
      vertex -2.74211 160.95 4.84364
      vertex -2.56792 179.05 5.10435
      vertex -2.74211 179.05 4.84364
    endloop
  endfacet
  facet normal -0.831486 0 0.555546
    outer loop
      vertex -2.56792 179.05 5.10435
      vertex -2.74211 160.95 4.84364
      vertex -2.56792 160.95 5.10435
    endloop
  endfacet
  facet normal -0.683025 0.707109 0.182956
    outer loop
      vertex -2.30812 179.85 3.84557
      vertex -3.10118 179.05 3.97679
      vertex -3.07411 179.05 4.07785
    endloop
  endfacet
  facet normal 0.608768 0 0.793348
    outer loop
      vertex 1.90436 179.05 5.76791
      vertex 1.9874 160.95 5.70419
      vertex 1.9874 179.05 5.70419
    endloop
  endfacet
  facet normal 0.608768 0 0.793348
    outer loop
      vertex 1.9874 160.95 5.70419
      vertex 1.90436 179.05 5.76791
      vertex 1.90436 160.95 5.76791
    endloop
  endfacet
  facet normal -0.669585 0.707108 0.227273
    outer loop
      vertex -2.30812 179.85 3.84557
      vertex -3.07411 179.05 4.07785
      vertex -2.22415 179.85 4.09296
    endloop
  endfacet
  facet normal -0.258742 0 0.965947
    outer loop
      vertex -0.877853 179.05 6.27411
      vertex -0.776794 160.95 6.30118
      vertex -0.776794 179.05 6.30118
    endloop
  endfacet
  facet normal -0.258742 0 0.965947
    outer loop
      vertex -0.776794 160.95 6.30118
      vertex -0.877853 179.05 6.27411
      vertex -0.877853 160.95 6.27411
    endloop
  endfacet
  facet normal 0.321429 0 0.946934
    outer loop
      vertex 0.877853 179.05 6.27411
      vertex 1.17487 160.95 6.17329
      vertex 1.17487 179.05 6.17329
    endloop
  endfacet
  facet normal 0.321429 0 0.946934
    outer loop
      vertex 1.17487 160.95 6.17329
      vertex 0.877853 179.05 6.27411
      vertex 0.877853 160.95 6.27411
    endloop
  endfacet
  facet normal -0.182957 0.70711 0.683024
    outer loop
      vertex -0.645569 179.85 5.50812
      vertex -0.877853 179.05 6.27411
      vertex -0.776794 179.05 6.30118
    endloop
  endfacet
  facet normal -0.0462954 -0.707102 -0.705594
    outer loop
      vertex -2.39839 160.15 0.801605
      vertex -2.50441 160.95 0.0068512
      vertex -2.39999 160.95 0
    endloop
  endfacet
  facet normal -0.137922 -0.707181 -0.69345
    outer loop
      vertex -2.39839 160.15 0.801605
      vertex -2.60706 160.95 0.0272675
      vertex -2.50441 160.95 0.0068512
    endloop
  endfacet
  facet normal -0.312679 -0.7073 -0.634002
    outer loop
      vertex -2.39839 160.15 0.801605
      vertex -2.79999 160.95 0.107178
      vertex -2.70615 160.95 0.0608978
    endloop
  endfacet
  facet normal -0.442315 0 -0.89686
    outer loop
      vertex -2.79999 160.95 0.107178
      vertex -2.70615 179.05 0.0608978
      vertex -2.70615 160.95 0.0608978
    endloop
  endfacet
  facet normal -0.442315 0 -0.89686
    outer loop
      vertex -2.70615 179.05 0.0608978
      vertex -2.79999 160.95 0.107178
      vertex -2.79999 179.05 0.107178
    endloop
  endfacet
  facet normal -0.65939 0 -0.751801
    outer loop
      vertex -2.96568 160.95 0.234314
      vertex -2.88701 179.05 0.165314
      vertex -2.88701 160.95 0.165314
    endloop
  endfacet
  facet normal -0.65939 0 -0.751801
    outer loop
      vertex -2.88701 179.05 0.165314
      vertex -2.96568 160.95 0.234314
      vertex -2.96568 179.05 0.234314
    endloop
  endfacet
  facet normal -0.392679 0.707335 -0.587776
    outer loop
      vertex -2.79999 179.05 0.107178
      vertex -2.88701 179.05 0.165314
      vertex -2.39839 179.85 0.801605
    endloop
  endfacet
  facet normal -0.312679 0.7073 -0.634002
    outer loop
      vertex -2.70615 179.05 0.0608978
      vertex -2.79999 179.05 0.107178
      vertex -2.39839 179.85 0.801605
    endloop
  endfacet
  facet normal -0.705592 -0.707105 -0.0462889
    outer loop
      vertex -2.39839 160.15 0.801605
      vertex -3.2 160.95 0.800003
      vertex -3.19315 160.95 0.695587
    endloop
  endfacet
  facet normal -0.997855 0 -0.0654623
    outer loop
      vertex -3.19315 160.95 0.695587
      vertex -3.2 179.05 0.800003
      vertex -3.19315 179.05 0.695587
    endloop
  endfacet
  facet normal -0.997855 -0 -0.0654623
    outer loop
      vertex -3.2 179.05 0.800003
      vertex -3.19315 160.95 0.695587
      vertex -3.2 160.95 0.800003
    endloop
  endfacet
  facet normal 0.392846 0.707108 0.587938
    outer loop
      vertex 1.90436 179.05 5.76791
      vertex 1.43813 179.85 5.11728
      vertex 1.64365 179.05 5.94211
    endloop
  endfacet
  facet normal -0.653273 0.707108 0.270616
    outer loop
      vertex -2.22415 179.85 4.09296
      vertex -2.9733 179.05 4.37486
      vertex -2.93323 179.05 4.47159
    endloop
  endfacet
  facet normal -0.669586 0.707109 0.227268
    outer loop
      vertex -2.22415 179.85 4.09296
      vertex -3.07411 179.05 4.07785
      vertex -2.9733 179.05 4.37486
    endloop
  endfacet
  facet normal -0.560978 0.707111 0.430462
    outer loop
      vertex -1.88542 179.85 4.67964
      vertex -2.56792 179.05 5.10435
      vertex -2.5042 179.05 5.18739
    endloop
  endfacet
  facet normal -0.560978 0.707111 0.430462
    outer loop
      vertex -2.56792 179.05 5.10435
      vertex -1.88542 179.85 4.67964
      vertex -1.91728 179.85 4.63812
    endloop
  endfacet
  facet normal -0.587945 0.707111 0.392828
    outer loop
      vertex -1.91728 179.85 4.63812
      vertex -2.74211 179.05 4.84364
      vertex -2.56792 179.05 5.10435
    endloop
  endfacet
  facet normal -0.946941 0 0.321407
    outer loop
      vertex -3.07411 160.95 4.07785
      vertex -2.9733 179.05 4.37486
      vertex -3.07411 179.05 4.07785
    endloop
  endfacet
  facet normal -0.946941 0 0.321407
    outer loop
      vertex -2.9733 179.05 4.37486
      vertex -3.07411 160.95 4.07785
      vertex -2.9733 160.95 4.37486
    endloop
  endfacet
  facet normal -0.693524 0.707105 0.137941
    outer loop
      vertex -2.37263 179.85 3.5388
      vertex -3.10118 179.05 3.97679
      vertex -2.32169 179.85 3.79491
    endloop
  endfacet
  facet normal -0.693517 0.707108 0.137959
    outer loop
      vertex -2.37263 179.85 3.5388
      vertex -3.16237 179.05 3.66919
      vertex -3.10118 179.05 3.97679
    endloop
  endfacet
  facet normal 0.466232 0.707106 0.531629
    outer loop
      vertex 2.22331 179.05 5.4973
      vertex 1.67612 179.85 4.91312
      vertex 1.9874 179.05 5.70419
    endloop
  endfacet
  facet normal -0.63417 0.707104 0.312782
    outer loop
      vertex -2.08849 179.85 4.37576
      vertex -2.93323 179.05 4.47159
      vertex -2.7944 179.05 4.75307
    endloop
  endfacet
  facet normal -0.612295 0.70711 0.35368
    outer loop
      vertex -2.08849 179.85 4.37576
      vertex -2.74211 179.05 4.84364
      vertex -2.06241 179.85 4.42091
    endloop
  endfacet
  facet normal -0.182834 0.707116 0.683051
    outer loop
      vertex -0.645569 179.85 5.50812
      vertex -0.776794 179.05 6.30118
      vertex -0.59491 179.85 5.52168
    endloop
  endfacet
  facet normal 0.707107 -0 0.707107
    outer loop
      vertex 2.22331 160.95 5.4973
      vertex 2.2973 179.05 5.42331
      vertex 2.22331 179.05 5.4973
    endloop
  endfacet
  facet normal 0.707107 0 0.707107
    outer loop
      vertex 2.2973 179.05 5.42331
      vertex 2.22331 160.95 5.4973
      vertex 2.2973 160.95 5.42331
    endloop
  endfacet
  facet normal 0.751834 -0 0.659353
    outer loop
      vertex 2.2973 160.95 5.42331
      vertex 2.5042 179.05 5.18739
      vertex 2.2973 179.05 5.42331
    endloop
  endfacet
  facet normal 0.751834 0 0.659353
    outer loop
      vertex 2.5042 179.05 5.18739
      vertex 2.2973 160.95 5.42331
      vertex 2.5042 160.95 5.18739
    endloop
  endfacet
  facet normal -0 0 1
    outer loop
      vertex -0.0523224 179.05 6.39656
      vertex 0.0523224 160.95 6.39656
      vertex 0.0523224 179.05 6.39656
    endloop
  endfacet
  facet normal 0 0 1
    outer loop
      vertex 0.0523224 160.95 6.39656
      vertex -0.0523224 179.05 6.39656
      vertex -0.0523224 160.95 6.39656
    endloop
  endfacet
  facet normal 0.392836 0.70711 0.587942
    outer loop
      vertex 1.43813 179.85 5.11728
      vertex 1.22092 179.85 5.26241
      vertex 1.64365 179.05 5.94211
    endloop
  endfacet
  facet normal -0.0462816 0.707116 0.705582
    outer loop
      vertex -0.286926 179.85 5.57945
      vertex -0.365433 179.05 6.37604
      vertex -0.0260773 179.85 5.59656
    endloop
  endfacet
  facet normal 0.270727 0.70711 0.653225
    outer loop
      vertex 0.941193 179.85 5.40416
      vertex 0.89296 179.85 5.42415
      vertex 1.27159 179.05 6.13322
    endloop
  endfacet
  facet normal -0.0462416 0.707108 0.705591
    outer loop
      vertex -0.0260773 179.85 5.59656
      vertex -0.365433 179.05 6.37604
      vertex -0.0523224 179.05 6.39656
    endloop
  endfacet
  facet normal -0.587942 0.70711 0.392836
    outer loop
      vertex -2.06241 179.85 4.42091
      vertex -2.74211 179.05 4.84364
      vertex -1.91728 179.85 4.63812
    endloop
  endfacet
  facet normal 0.0462416 0.707108 0.705591
    outer loop
      vertex 0.365433 179.05 6.37604
      vertex 0.0260773 179.85 5.59656
      vertex 0.0523224 179.05 6.39656
    endloop
  endfacet
  facet normal 0.0462816 0.707116 0.705582
    outer loop
      vertex 0.286926 179.85 5.57945
      vertex 0.0260773 179.85 5.59656
      vertex 0.365433 179.05 6.37604
    endloop
  endfacet
  facet normal 0.137954 0.70711 0.693515
    outer loop
      vertex 0.59491 179.85 5.52168
      vertex 0.338928 179.85 5.5726
      vertex 0.469193 179.05 6.36237
    endloop
  endfacet
  facet normal 0.0923595 0.707115 0.701041
    outer loop
      vertex 0.469193 179.05 6.36237
      vertex 0.338928 179.85 5.5726
      vertex 0.365433 179.05 6.37604
    endloop
  endfacet
  facet normal 0.182834 0.707116 0.683051
    outer loop
      vertex 0.645569 179.85 5.50812
      vertex 0.59491 179.85 5.52168
      vertex 0.776794 179.05 6.30118
    endloop
  endfacet
  facet normal 0.227285 0.707107 0.669583
    outer loop
      vertex 0.89296 179.85 5.42415
      vertex 0.877853 179.05 6.27411
      vertex 1.17487 179.05 6.17329
    endloop
  endfacet
  facet normal 0 1 -0
    outer loop
      vertex 6.7 179.85 0
      vertex 2.2557 179.85 4
      vertex 6.7 179.85 4
    endloop
  endfacet
  facet normal 0 1 0
    outer loop
      vertex 2.2557 179.85 4
      vertex 0.733841 179.85 3.76309
      vertex 0.654068 179.85 3.85407
    endloop
  endfacet
  facet normal 0 1 0
    outer loop
      vertex 2.2557 179.85 4
      vertex 0.801071 179.85 3.66249
      vertex 0.733841 179.85 3.76309
    endloop
  endfacet
  facet normal 0 1 0
    outer loop
      vertex 2.2557 179.85 4
      vertex 0.854584 179.85 3.55397
      vertex 0.801071 179.85 3.66249
    endloop
  endfacet
  facet normal 0 1 0
    outer loop
      vertex 2.2557 179.85 4
      vertex 0.893478 179.85 3.43939
      vertex 0.854584 179.85 3.55397
    endloop
  endfacet
  facet normal 0 1 0
    outer loop
      vertex 2.2557 179.85 4
      vertex 0.917084 179.85 3.32073
      vertex 0.893478 179.85 3.43939
    endloop
  endfacet
  facet normal 0 1 0
    outer loop
      vertex 2.2557 179.85 4
      vertex 0.924988 179.85 3.2
      vertex 0.917084 179.85 3.32073
    endloop
  endfacet
  facet normal 0 1 0
    outer loop
      vertex 2.2557 179.85 4
      vertex 0.917084 179.85 3.07927
      vertex 0.924988 179.85 3.2
    endloop
  endfacet
  facet normal 0 1 0
    outer loop
      vertex 2.2557 179.85 4
      vertex 0.893478 179.85 2.9606
      vertex 0.917084 179.85 3.07927
    endloop
  endfacet
  facet normal 0 1 0
    outer loop
      vertex 1 179.85 0
      vertex 2.2557 179.85 4
      vertex 6.7 179.85 0
    endloop
  endfacet
  facet normal 0 1 0
    outer loop
      vertex 2.2557 179.85 4
      vertex 0.854584 179.85 2.84603
      vertex 0.893478 179.85 2.9606
    endloop
  endfacet
  facet normal -0 1 0
    outer loop
      vertex 0.801071 179.85 2.73751
      vertex 2.2557 179.85 4
      vertex 1 179.85 0
    endloop
  endfacet
  facet normal 0 1 0
    outer loop
      vertex 2.2557 179.85 4
      vertex 0.801071 179.85 2.73751
      vertex 0.854584 179.85 2.84603
    endloop
  endfacet
  facet normal 0 1 0
    outer loop
      vertex 0.801071 179.85 2.73751
      vertex 1 179.85 0
      vertex 0.733841 179.85 2.6369
    endloop
  endfacet
  facet normal 0 1 0
    outer loop
      vertex 0.733841 179.85 2.6369
      vertex 1 179.85 0
      vertex 0.654068 179.85 2.54593
    endloop
  endfacet
  facet normal 0 1 0
    outer loop
      vertex 0.654068 179.85 2.54593
      vertex 1 179.85 0
      vertex 0.563095 179.85 2.46616
    endloop
  endfacet
  facet normal 0 1 0
    outer loop
      vertex 0.563095 179.85 2.46616
      vertex 0.199997 179.85 0.800003
      vertex 0.462494 179.85 2.39893
    endloop
  endfacet
  facet normal 0 1 0
    outer loop
      vertex 0.199997 179.85 0.800003
      vertex 0 179.85 2.27501
      vertex 0.120728 179.85 2.28292
    endloop
  endfacet
  facet normal 0 1 -0
    outer loop
      vertex 0.199997 179.85 0.800003
      vertex 0.120728 179.85 2.28292
      vertex 0.239395 179.85 2.30652
    endloop
  endfacet
  facet normal 0 1 0
    outer loop
      vertex 0.462494 179.85 2.39893
      vertex 0.199997 179.85 0.800003
      vertex 0.353973 179.85 2.34542
    endloop
  endfacet
  facet normal 0 1 0
    outer loop
      vertex 0 179.85 2.27501
      vertex 0.199997 179.85 0.800003
      vertex -2.37389 179.85 0.800003
    endloop
  endfacet
  facet normal 0 1 0
    outer loop
      vertex 0 179.85 2.27501
      vertex -2.37389 179.85 0.800003
      vertex -2.39999 179.85 0.826111
    endloop
  endfacet
  facet normal -0 1 0
    outer loop
      vertex 0.199997 179.85 0.800003
      vertex 0.563095 179.85 2.46616
      vertex 1 179.85 0
    endloop
  endfacet
  facet normal 0 1 0
    outer loop
      vertex 0.353973 179.85 2.34542
      vertex 0.199997 179.85 0.800003
      vertex 0.239395 179.85 2.30652
    endloop
  endfacet
  facet normal 0 1 0
    outer loop
      vertex 0 179.85 4.50814
      vertex 0.0260773 179.85 5.59656
      vertex 0.286926 179.85 5.57945
    endloop
  endfacet
  facet normal 0 1 0
    outer loop
      vertex 0.0260773 179.85 5.59656
      vertex 0 179.85 4.50814
      vertex -0.0260773 179.85 5.59656
    endloop
  endfacet
  facet normal 0 1 0
    outer loop
      vertex 0 179.85 4.50814
      vertex 0.286926 179.85 5.57945
      vertex 0.338928 179.85 5.5726
    endloop
  endfacet
  facet normal 0 1 0
    outer loop
      vertex -0.0260773 179.85 5.59656
      vertex 0 179.85 4.50814
      vertex -0.286926 179.85 5.57945
    endloop
  endfacet
  facet normal 0 1 0
    outer loop
      vertex 0 179.85 4.50814
      vertex 0.338928 179.85 5.5726
      vertex 0.59491 179.85 5.52168
    endloop
  endfacet
  facet normal 0 1 0
    outer loop
      vertex -0.286926 179.85 5.57945
      vertex 0 179.85 4.50814
      vertex -0.338928 179.85 5.5726
    endloop
  endfacet
  facet normal 0 1 0
    outer loop
      vertex 0 179.85 4.50814
      vertex 0.59491 179.85 5.52168
      vertex 0.645569 179.85 5.50812
    endloop
  endfacet
  facet normal 0 1 0
    outer loop
      vertex -0.338928 179.85 5.5726
      vertex 0 179.85 4.50814
      vertex -0.59491 179.85 5.52168
    endloop
  endfacet
  facet normal 0 1 0
    outer loop
      vertex 0 179.85 4.50814
      vertex 0.645569 179.85 5.50812
      vertex 0.89296 179.85 5.42415
    endloop
  endfacet
  facet normal 0 1 0
    outer loop
      vertex -0.59491 179.85 5.52168
      vertex 0 179.85 4.50814
      vertex -0.645569 179.85 5.50812
    endloop
  endfacet
  facet normal 0 1 0
    outer loop
      vertex 0 179.85 4.50814
      vertex 0.89296 179.85 5.42415
      vertex 0.941193 179.85 5.40416
    endloop
  endfacet
  facet normal 0 1 0
    outer loop
      vertex -0.645569 179.85 5.50812
      vertex 0 179.85 4.50814
      vertex -0.89296 179.85 5.42415
    endloop
  endfacet
  facet normal 0 1 0
    outer loop
      vertex 0 179.85 4.50814
      vertex 0.941193 179.85 5.40416
      vertex 1.17577 179.85 5.28848
    endloop
  endfacet
  facet normal 0 1 0
    outer loop
      vertex -0.89296 179.85 5.42415
      vertex 0 179.85 4.50814
      vertex -0.941193 179.85 5.40416
    endloop
  endfacet
  facet normal 0 1 0
    outer loop
      vertex 0.654068 179.85 3.85407
      vertex 1.17577 179.85 5.28848
      vertex 1.22092 179.85 5.26241
    endloop
  endfacet
  facet normal 0 1 0
    outer loop
      vertex -0.941193 179.85 5.40416
      vertex 0 179.85 4.50814
      vertex -1.17577 179.85 5.28848
    endloop
  endfacet
  facet normal 0 1 0
    outer loop
      vertex 0.654068 179.85 3.85407
      vertex 1.22092 179.85 5.26241
      vertex 1.43813 179.85 5.11728
    endloop
  endfacet
  facet normal 0 1 -0
    outer loop
      vertex -0.654068 179.85 3.85407
      vertex -1.17577 179.85 5.28848
      vertex 0 179.85 4.50814
    endloop
  endfacet
  facet normal 0 1 0
    outer loop
      vertex 0.654068 179.85 3.85407
      vertex 1.43813 179.85 5.11728
      vertex 1.47964 179.85 5.08542
    endloop
  endfacet
  facet normal 0 1 0
    outer loop
      vertex -1.17577 179.85 5.28848
      vertex -0.654068 179.85 3.85407
      vertex -1.22092 179.85 5.26241
    endloop
  endfacet
  facet normal 0 1 0
    outer loop
      vertex 0.654068 179.85 3.85407
      vertex 1.47964 179.85 5.08542
      vertex 1.67612 179.85 4.91312
    endloop
  endfacet
  facet normal 0 1 0
    outer loop
      vertex -1.22092 179.85 5.26241
      vertex -0.654068 179.85 3.85407
      vertex -1.43813 179.85 5.11728
    endloop
  endfacet
  facet normal 0 1 0
    outer loop
      vertex 0.654068 179.85 3.85407
      vertex 1.67612 179.85 4.91312
      vertex 1.71312 179.85 4.87611
    endloop
  endfacet
  facet normal 0 1 0
    outer loop
      vertex -1.43813 179.85 5.11728
      vertex -0.654068 179.85 3.85407
      vertex -1.47964 179.85 5.08542
    endloop
  endfacet
  facet normal 0 1 0
    outer loop
      vertex 0.654068 179.85 3.85407
      vertex 1.71312 179.85 4.87611
      vertex 1.88542 179.85 4.67964
    endloop
  endfacet
  facet normal 0 1 0
    outer loop
      vertex -1.47964 179.85 5.08542
      vertex -0.654068 179.85 3.85407
      vertex -1.67612 179.85 4.91312
    endloop
  endfacet
  facet normal 0 1 0
    outer loop
      vertex 0.654068 179.85 3.85407
      vertex 1.88542 179.85 4.67964
      vertex 1.91728 179.85 4.63812
    endloop
  endfacet
  facet normal 0 1 0
    outer loop
      vertex -1.67612 179.85 4.91312
      vertex -0.654068 179.85 3.85407
      vertex -1.71312 179.85 4.87611
    endloop
  endfacet
  facet normal 0 1 0
    outer loop
      vertex -1.71312 179.85 4.87611
      vertex -0.654068 179.85 3.85407
      vertex -1.88542 179.85 4.67964
    endloop
  endfacet
  facet normal 0 1 0
    outer loop
      vertex 0.654068 179.85 3.85407
      vertex 1.91728 179.85 4.63812
      vertex 2.06241 179.85 4.42091
    endloop
  endfacet
  facet normal 0 1 0
    outer loop
      vertex 0.654068 179.85 3.85407
      vertex 2.06241 179.85 4.42091
      vertex 2.08849 179.85 4.37576
    endloop
  endfacet
  facet normal 0 1 0
    outer loop
      vertex 0.654068 179.85 3.85407
      vertex 2.08849 179.85 4.37576
      vertex 2.20416 179.85 4.14119
    endloop
  endfacet
  facet normal 0 1 0
    outer loop
      vertex 0.654068 179.85 3.85407
      vertex 2.20416 179.85 4.14119
      vertex 2.22415 179.85 4.09296
    endloop
  endfacet
  facet normal 0 1 0
    outer loop
      vertex 0.654068 179.85 3.85407
      vertex 2.22415 179.85 4.09296
      vertex 2.2557 179.85 4
    endloop
  endfacet
  facet normal 0 1 0
    outer loop
      vertex 1.17577 179.85 5.28848
      vertex 0.654068 179.85 3.85407
      vertex 0 179.85 4.50814
    endloop
  endfacet
  facet normal 0 1 -0
    outer loop
      vertex -0.733841 179.85 3.76309
      vertex -1.88542 179.85 4.67964
      vertex -0.654068 179.85 3.85407
    endloop
  endfacet
  facet normal 0 1 0
    outer loop
      vertex -1.88542 179.85 4.67964
      vertex -0.733841 179.85 3.76309
      vertex -1.91728 179.85 4.63812
    endloop
  endfacet
  facet normal 0 1 0
    outer loop
      vertex -1.91728 179.85 4.63812
      vertex -0.733841 179.85 3.76309
      vertex -2.06241 179.85 4.42091
    endloop
  endfacet
  facet normal 0 1 -0
    outer loop
      vertex -0.801071 179.85 3.66249
      vertex -2.06241 179.85 4.42091
      vertex -0.733841 179.85 3.76309
    endloop
  endfacet
  facet normal 0 1 0
    outer loop
      vertex -2.06241 179.85 4.42091
      vertex -0.801071 179.85 3.66249
      vertex -2.08849 179.85 4.37576
    endloop
  endfacet
  facet normal 0 1 0
    outer loop
      vertex -2.08849 179.85 4.37576
      vertex -0.801071 179.85 3.66249
      vertex -2.20416 179.85 4.14119
    endloop
  endfacet
  facet normal 0 1 -0
    outer loop
      vertex -0.854584 179.85 3.55397
      vertex -2.20416 179.85 4.14119
      vertex -0.801071 179.85 3.66249
    endloop
  endfacet
  facet normal 0 1 0
    outer loop
      vertex -2.20416 179.85 4.14119
      vertex -0.854584 179.85 3.55397
      vertex -2.22415 179.85 4.09296
    endloop
  endfacet
  facet normal 0 1 0
    outer loop
      vertex -2.22415 179.85 4.09296
      vertex -0.854584 179.85 3.55397
      vertex -2.30812 179.85 3.84557
    endloop
  endfacet
  facet normal 0 1 -0
    outer loop
      vertex -0.893478 179.85 3.43939
      vertex -2.30812 179.85 3.84557
      vertex -0.854584 179.85 3.55397
    endloop
  endfacet
  facet normal 0 1 0
    outer loop
      vertex -2.30812 179.85 3.84557
      vertex -0.893478 179.85 3.43939
      vertex -2.32169 179.85 3.79491
    endloop
  endfacet
  facet normal 0 1 0
    outer loop
      vertex -2.32169 179.85 3.79491
      vertex -0.893478 179.85 3.43939
      vertex -2.37263 179.85 3.5388
    endloop
  endfacet
  facet normal 0 1 -0
    outer loop
      vertex -0.917084 179.85 3.32073
      vertex -2.37263 179.85 3.5388
      vertex -0.893478 179.85 3.43939
    endloop
  endfacet
  facet normal 0 1 0
    outer loop
      vertex -2.37263 179.85 3.5388
      vertex -0.917084 179.85 3.32073
      vertex -2.37946 179.85 3.48695
    endloop
  endfacet
  facet normal 0 1 -0
    outer loop
      vertex -0.924988 179.85 3.2
      vertex -2.37946 179.85 3.48695
      vertex -0.917084 179.85 3.32073
    endloop
  endfacet
  facet normal 0 1 0
    outer loop
      vertex -0.924988 179.85 3.2
      vertex -2.39914 179.85 3.18678
      vertex -2.37946 179.85 3.48695
    endloop
  endfacet
  facet normal 0 1 0
    outer loop
      vertex -0.924988 179.85 3.2
      vertex -2.39999 179.85 3.16084
      vertex -2.39914 179.85 3.18678
    endloop
  endfacet
  facet normal 0 1 0
    outer loop
      vertex -0.917084 179.85 3.07927
      vertex -2.39999 179.85 3.16084
      vertex -0.924988 179.85 3.2
    endloop
  endfacet
  facet normal 0 1 0
    outer loop
      vertex -0.893478 179.85 2.9606
      vertex -2.39999 179.85 3.16084
      vertex -0.917084 179.85 3.07927
    endloop
  endfacet
  facet normal 0 1 0
    outer loop
      vertex -0.854584 179.85 2.84603
      vertex -2.39999 179.85 3.16084
      vertex -0.893478 179.85 2.9606
    endloop
  endfacet
  facet normal 0 1 0
    outer loop
      vertex -0.801071 179.85 2.73751
      vertex -2.39999 179.85 3.16084
      vertex -0.854584 179.85 2.84603
    endloop
  endfacet
  facet normal 0 1 0
    outer loop
      vertex -2.39999 179.85 0.826111
      vertex -0.801071 179.85 2.73751
      vertex -0.733841 179.85 2.6369
    endloop
  endfacet
  facet normal 0 1 0
    outer loop
      vertex -2.39999 179.85 0.826111
      vertex -0.733841 179.85 2.6369
      vertex -0.654068 179.85 2.54593
    endloop
  endfacet
  facet normal 0 1 0
    outer loop
      vertex -2.39999 179.85 0.826111
      vertex -0.654068 179.85 2.54593
      vertex -0.563095 179.85 2.46616
    endloop
  endfacet
  facet normal 0 1 0
    outer loop
      vertex -2.39999 179.85 0.826111
      vertex -0.563095 179.85 2.46616
      vertex -0.462494 179.85 2.39893
    endloop
  endfacet
  facet normal 0 1 0
    outer loop
      vertex -2.39999 179.85 0.826111
      vertex -0.462494 179.85 2.39893
      vertex -0.353973 179.85 2.34542
    endloop
  endfacet
  facet normal 0 1 0
    outer loop
      vertex -0.801071 179.85 2.73751
      vertex -2.39999 179.85 0.826111
      vertex -2.39999 179.85 3.16084
    endloop
  endfacet
  facet normal 0 1 0
    outer loop
      vertex -0.239395 179.85 2.30652
      vertex -2.39999 179.85 0.826111
      vertex -0.353973 179.85 2.34542
    endloop
  endfacet
  facet normal 0 1 0
    outer loop
      vertex -0.120728 179.85 2.28292
      vertex -2.39999 179.85 0.826111
      vertex -0.239395 179.85 2.30652
    endloop
  endfacet
  facet normal 0 1 0
    outer loop
      vertex -2.39999 179.85 0.826111
      vertex -0.120728 179.85 2.28292
      vertex 0 179.85 2.27501
    endloop
  endfacet
  facet normal 0 1 0
    outer loop
      vertex -2.39999 179.85 0.826111
      vertex -2.37389 179.85 0.800003
      vertex -2.39839 179.85 0.801605
    endloop
  endfacet
  facet normal 0.258742 0 0.965947
    outer loop
      vertex 0.776794 179.05 6.30118
      vertex 0.877853 160.95 6.27411
      vertex 0.877853 179.05 6.27411
    endloop
  endfacet
  facet normal 0.258742 0 0.965947
    outer loop
      vertex 0.877853 160.95 6.27411
      vertex 0.776794 179.05 6.30118
      vertex 0.776794 160.95 6.30118
    endloop
  endfacet
  facet normal 0.130618 0 0.991433
    outer loop
      vertex 0.365433 179.05 6.37604
      vertex 0.469193 160.95 6.36237
      vertex 0.469193 179.05 6.36237
    endloop
  endfacet
  facet normal 0.130618 0 0.991433
    outer loop
      vertex 0.469193 160.95 6.36237
      vertex 0.365433 179.05 6.37604
      vertex 0.365433 160.95 6.37604
    endloop
  endfacet
  facet normal 0.195104 0 0.980783
    outer loop
      vertex 0.469193 179.05 6.36237
      vertex 0.776794 160.95 6.30118
      vertex 0.776794 179.05 6.30118
    endloop
  endfacet
  facet normal 0.195104 0 0.980783
    outer loop
      vertex 0.776794 160.95 6.30118
      vertex 0.469193 179.05 6.36237
      vertex 0.469193 160.95 6.36237
    endloop
  endfacet
  facet normal 0.634186 -0.707114 0.312727
    outer loop
      vertex 2.93323 200.95 4.47159
      vertex 2.08849 200.15 4.37576
      vertex 2.20416 200.15 4.14119
    endloop
  endfacet
  facet normal 0.653215 -0.707114 0.270739
    outer loop
      vertex 2.93323 200.95 4.47159
      vertex 2.20416 200.15 4.14119
      vertex 2.22415 200.15 4.09296
    endloop
  endfacet
  facet normal -0.946949 0 -0.321384
    outer loop
      vertex -3.1391 200.95 0.493851
      vertex -3.17273 219.2 0.592941
      vertex -3.1391 219.2 0.493851
    endloop
  endfacet
  facet normal -0.946949 -0 -0.321384
    outer loop
      vertex -3.17273 219.2 0.592941
      vertex -3.1391 200.95 0.493851
      vertex -3.17273 200.95 0.592941
    endloop
  endfacet
  facet normal -0.137959 -0.70711 0.693515
    outer loop
      vertex -0.469193 200.95 6.36237
      vertex -0.776794 200.95 6.30118
      vertex -0.59491 200.15 5.52168
    endloop
  endfacet
  facet normal -0.0653957 0 0.997859
    outer loop
      vertex -0.365433 219.2 6.37604
      vertex -0.0523224 200.95 6.39656
      vertex -0.0523224 219.2 6.39656
    endloop
  endfacet
  facet normal -0.0653957 0 0.997859
    outer loop
      vertex -0.0523224 200.95 6.39656
      vertex -0.365433 219.2 6.37604
      vertex -0.365433 200.95 6.37604
    endloop
  endfacet
  facet normal 0.560978 -0.707111 0.430462
    outer loop
      vertex 1.88542 200.15 4.67964
      vertex 2.56792 200.95 5.10435
      vertex 2.5042 200.95 5.18739
    endloop
  endfacet
  facet normal 0.560978 -0.707111 0.430462
    outer loop
      vertex 2.56792 200.95 5.10435
      vertex 1.88542 200.15 4.67964
      vertex 1.91728 200.15 4.63812
    endloop
  endfacet
  facet normal 0.668749 0.707751 -0.227736
    outer loop
      vertex 2.69693 219.678 0.677568
      vertex 2.39839 220 0.801605
      vertex 2.65818 219.732 0.731598
    endloop
  endfacet
  facet normal -0.65935 0 0.751836
    outer loop
      vertex -2.22331 219.2 5.4973
      vertex -1.9874 200.95 5.70419
      vertex -1.9874 219.2 5.70419
    endloop
  endfacet
  facet normal -0.65935 0 0.751836
    outer loop
      vertex -1.9874 200.95 5.70419
      vertex -2.22331 219.2 5.4973
      vertex -2.22331 200.95 5.4973
    endloop
  endfacet
  facet normal -0.353579 0.707108 0.612356
    outer loop
      vertex -1.22092 220 5.26241
      vertex -1.64365 219.2 5.94211
      vertex -1.17577 220 5.28848
    endloop
  endfacet
  facet normal -0.195071 0 -0.980789
    outer loop
      vertex -2.60706 200.95 0.0272675
      vertex -2.50441 219.2 0.0068512
      vertex -2.50441 200.95 0.0068512
    endloop
  endfacet
  facet normal -0.195071 0 -0.980789
    outer loop
      vertex -2.50441 219.2 0.0068512
      vertex -2.60706 200.95 0.0272675
      vertex -2.60706 219.2 0.0272675
    endloop
  endfacet
  facet normal -0.0462416 -0.707108 0.705591
    outer loop
      vertex -0.0523224 200.95 6.39656
      vertex -0.365433 200.95 6.37604
      vertex -0.0260773 200.15 5.59656
    endloop
  endfacet
  facet normal -0.980783 0 0.195104
    outer loop
      vertex -3.16237 200.95 3.66919
      vertex -3.10118 219.2 3.97679
      vertex -3.16237 219.2 3.66919
    endloop
  endfacet
  facet normal -0.980783 0 0.195104
    outer loop
      vertex -3.10118 219.2 3.97679
      vertex -3.16237 200.95 3.66919
      vertex -3.10118 200.95 3.97679
    endloop
  endfacet
  facet normal 0.612295 -0.70711 0.35368
    outer loop
      vertex 2.74211 200.95 4.84364
      vertex 2.06241 200.15 4.42091
      vertex 2.08849 200.15 4.37576
    endloop
  endfacet
  facet normal 0.705746 0.707035 0.0449774
    outer loop
      vertex 2.74354 219.645 3.35465
      vertex 2.37946 220 3.48695
      vertex 2.91707 219.46 3.53993
    endloop
  endfacet
  facet normal 0.705945 0.706753 0.0462838
    outer loop
      vertex 2.37946 220 3.48695
      vertex 2.74354 219.645 3.35465
      vertex 2.39914 220 3.18678
    endloop
  endfacet
  facet normal -0.353579 -0.707108 0.612356
    outer loop
      vertex -1.17577 200.15 5.28848
      vertex -1.64365 200.95 5.94211
      vertex -1.22092 200.15 5.26241
    endloop
  endfacet
  facet normal 0.587945 -0.707111 0.392828
    outer loop
      vertex 2.56792 200.95 5.10435
      vertex 1.91728 200.15 4.63812
      vertex 2.74211 200.95 4.84364
    endloop
  endfacet
  facet normal -0.5 0.707107 0.5
    outer loop
      vertex -1.67612 220 4.91312
      vertex -2.2973 219.2 5.42331
      vertex -2.22331 219.2 5.4973
    endloop
  endfacet
  facet normal -0.500064 0.707111 0.499929
    outer loop
      vertex -2.2973 219.2 5.42331
      vertex -1.67612 220 4.91312
      vertex -1.71312 220 4.87611
    endloop
  endfacet
  facet normal -0.312763 0.707105 0.634178
    outer loop
      vertex -1.17577 220 5.28848
      vertex -1.55307 219.2 5.9944
      vertex -1.27159 219.2 6.13322
    endloop
  endfacet
  facet normal -0.63417 -0.707104 0.312782
    outer loop
      vertex -2.7944 200.95 4.75307
      vertex -2.93323 200.95 4.47159
      vertex -2.08849 200.15 4.37576
    endloop
  endfacet
  facet normal 0.227285 0.707107 0.669583
    outer loop
      vertex 0.89296 220 5.42415
      vertex 0.877853 219.2 6.27411
      vertex 1.17487 219.2 6.17329
    endloop
  endfacet
  facet normal 0.793348 -0 0.608768
    outer loop
      vertex 2.5042 200.95 5.18739
      vertex 2.56792 219.2 5.10435
      vertex 2.5042 219.2 5.18739
    endloop
  endfacet
  facet normal 0.793348 0 0.608768
    outer loop
      vertex 2.56792 219.2 5.10435
      vertex 2.5042 200.95 5.18739
      vertex 2.56792 200.95 5.10435
    endloop
  endfacet
  facet normal -0.612295 0.70711 0.35368
    outer loop
      vertex -2.08849 220 4.37576
      vertex -2.74211 219.2 4.84364
      vertex -2.06241 220 4.42091
    endloop
  endfacet
  facet normal -0.634005 0.7073 -0.312672
    outer loop
      vertex -3.09282 219.2 0.400009
      vertex -3.1391 219.2 0.493851
      vertex -2.39839 220 0.801605
    endloop
  endfacet
  facet normal 0.270727 -0.70711 0.653225
    outer loop
      vertex 1.27159 200.95 6.13322
      vertex 0.89296 200.15 5.42415
      vertex 0.941193 200.15 5.40416
    endloop
  endfacet
  facet normal 0.382743 0 0.923855
    outer loop
      vertex 1.17487 219.2 6.17329
      vertex 1.27159 200.95 6.13322
      vertex 1.27159 219.2 6.13322
    endloop
  endfacet
  facet normal 0.382743 0 0.923855
    outer loop
      vertex 1.27159 200.95 6.13322
      vertex 1.17487 219.2 6.17329
      vertex 1.17487 200.95 6.17329
    endloop
  endfacet
  facet normal 0.227209 0.707249 -0.669459
    outer loop
      vertex 2.60706 219.2 0.0272675
      vertex 2.39839 220 0.801605
      vertex 2.70615 219.2 0.0608978
    endloop
  endfacet
  facet normal -0.701055 0.707108 0.0923028
    outer loop
      vertex -2.37263 220 3.5388
      vertex -3.17603 219.2 3.56544
      vertex -3.16237 219.2 3.66919
    endloop
  endfacet
  facet normal 0.531628 -0.70711 0.466227
    outer loop
      vertex 2.5042 200.95 5.18739
      vertex 1.71312 200.15 4.87611
      vertex 1.88542 200.15 4.67964
    endloop
  endfacet
  facet normal -0.705599 -0.707112 -0.0460687
    outer loop
      vertex -2.39999 200.15 0.826111
      vertex -3.2 200.95 0.800003
      vertex -2.39839 200.15 0.801605
    endloop
  endfacet
  facet normal -0.896848 0 0.442338
    outer loop
      vertex -2.93323 200.95 4.47159
      vertex -2.7944 219.2 4.75307
      vertex -2.93323 219.2 4.47159
    endloop
  endfacet
  facet normal -0.896848 0 0.442338
    outer loop
      vertex -2.7944 219.2 4.75307
      vertex -2.93323 200.95 4.47159
      vertex -2.7944 200.95 4.75307
    endloop
  endfacet
  facet normal -0.466232 0.707106 0.531629
    outer loop
      vertex -1.67612 220 4.91312
      vertex -2.22331 219.2 5.4973
      vertex -1.9874 219.2 5.70419
    endloop
  endfacet
  facet normal -0.0654712 0 -0.997854
    outer loop
      vertex -2.50441 200.95 0.0068512
      vertex -2.39999 219.2 0
      vertex -2.39999 200.95 0
    endloop
  endfacet
  facet normal -0.0654712 0 -0.997854
    outer loop
      vertex -2.39999 219.2 0
      vertex -2.50441 200.95 0.0068512
      vertex -2.50441 219.2 0.0068512
    endloop
  endfacet
  facet normal -0.312679 0.7073 -0.634002
    outer loop
      vertex -2.70615 219.2 0.0608978
      vertex -2.79999 219.2 0.107178
      vertex -2.39839 220 0.801605
    endloop
  endfacet
  facet normal 0.965947 0 0.258739
    outer loop
      vertex 3.07411 219.2 4.07785
      vertex 3.10118 219.023 3.97679
      vertex 3.10118 219.2 3.97679
    endloop
  endfacet
  facet normal 0.965928 -4.48235e-05 0.258813
    outer loop
      vertex 3.07411 219.2 4.07785
      vertex 3.09496 219 4
      vertex 3.10118 219.023 3.97679
    endloop
  endfacet
  facet normal 0.965956 -0 0.258705
    outer loop
      vertex 3.07411 200.95 4.07785
      vertex 3.09496 219 4
      vertex 3.07411 219.2 4.07785
    endloop
  endfacet
  facet normal 0.965956 0 0.258705
    outer loop
      vertex 3.09496 219 4
      vertex 3.07411 200.95 4.07785
      vertex 3.09496 200.95 4
    endloop
  endfacet
  facet normal 0 0.707107 0.707107
    outer loop
      vertex 0.0260773 220 5.59656
      vertex -0.0523224 219.2 6.39656
      vertex 0.0523224 219.2 6.39656
    endloop
  endfacet
  facet normal 0 0.707107 0.707107
    outer loop
      vertex -0.0523224 219.2 6.39656
      vertex 0.0260773 220 5.59656
      vertex -0.0260773 220 5.59656
    endloop
  endfacet
  facet normal 0.195104 0 0.980783
    outer loop
      vertex 0.469193 219.2 6.36237
      vertex 0.776794 200.95 6.30118
      vertex 0.776794 219.2 6.30118
    endloop
  endfacet
  facet normal 0.195104 0 0.980783
    outer loop
      vertex 0.776794 200.95 6.30118
      vertex 0.469193 219.2 6.36237
      vertex 0.469193 200.95 6.36237
    endloop
  endfacet
  facet normal 0.831486 -0 0.555546
    outer loop
      vertex 2.56792 200.95 5.10435
      vertex 2.74211 219.2 4.84364
      vertex 2.56792 219.2 5.10435
    endloop
  endfacet
  facet normal 0.831486 0 0.555546
    outer loop
      vertex 2.74211 219.2 4.84364
      vertex 2.56792 200.95 5.10435
      vertex 2.74211 200.95 4.84364
    endloop
  endfacet
  facet normal 0.612378 -0.707103 0.353552
    outer loop
      vertex 2.74211 200.95 4.84364
      vertex 2.08849 200.15 4.37576
      vertex 2.7944 200.95 4.75307
    endloop
  endfacet
  facet normal 0.63417 -0.707104 0.312782
    outer loop
      vertex 2.7944 200.95 4.75307
      vertex 2.08849 200.15 4.37576
      vertex 2.93323 200.95 4.47159
    endloop
  endfacet
  facet normal 0.182957 -0.70711 0.683024
    outer loop
      vertex 0.776794 200.95 6.30118
      vertex 0.645569 200.15 5.50812
      vertex 0.877853 200.95 6.27411
    endloop
  endfacet
  facet normal -0.669585 0.707108 0.227273
    outer loop
      vertex -2.30812 220 3.84557
      vertex -3.07411 219.2 4.07785
      vertex -2.22415 220 4.09296
    endloop
  endfacet
  facet normal 0 0.707108 -0.707105
    outer loop
      vertex 2.39999 219.2 0
      vertex -2.37389 220 0.800003
      vertex 2.37389 220 0.800003
    endloop
  endfacet
  facet normal 0 0.707108 -0.707105
    outer loop
      vertex -2.37389 220 0.800003
      vertex 2.39999 219.2 0
      vertex -2.39999 219.2 0
    endloop
  endfacet
  facet normal -0.227272 0.707109 0.669585
    outer loop
      vertex -0.645569 220 5.50812
      vertex -0.89296 220 5.42415
      vertex -0.877853 219.2 6.27411
    endloop
  endfacet
  facet normal 0.669662 -0.707034 0.227279
    outer loop
      vertex 2.81739 200.682 4
      vertex 2.22415 200.15 4.09296
      vertex 2.2557 200.15 4
    endloop
  endfacet
  facet normal 0.66973 -0.707281 0.226307
    outer loop
      vertex 2.22415 200.15 4.09296
      vertex 2.81739 200.682 4
      vertex 3.07411 200.95 4.07785
    endloop
  endfacet
  facet normal -0.701055 -0.707108 0.0923028
    outer loop
      vertex -3.16237 200.95 3.66919
      vertex -3.17603 200.95 3.56544
      vertex -2.37263 200.15 3.5388
    endloop
  endfacet
  facet normal -0.466098 0.707352 -0.531419
    outer loop
      vertex -2.88701 219.2 0.165314
      vertex -2.96568 219.2 0.234314
      vertex -2.39839 220 0.801605
    endloop
  endfacet
  facet normal -0.0461376 -0.707107 -0.705599
    outer loop
      vertex -2.39839 200.15 0.801605
      vertex -2.39999 200.95 0
      vertex -2.37389 200.15 0.800003
    endloop
  endfacet
  facet normal -0.705597 -0.707102 0.0462428
    outer loop
      vertex -3.17603 200.95 3.56544
      vertex -3.19827 200.95 3.22609
      vertex -2.39914 200.15 3.18678
    endloop
  endfacet
  facet normal -0.701051 0.707106 0.0923468
    outer loop
      vertex -2.37946 220 3.48695
      vertex -3.17603 219.2 3.56544
      vertex -2.37263 220 3.5388
    endloop
  endfacet
  facet normal -0.706726 0.707108 0.0231579
    outer loop
      vertex -2.39999 220 3.16084
      vertex -3.2 219.2 3.17375
      vertex -2.39914 220 3.18678
    endloop
  endfacet
  facet normal -0.706724 0.707103 0.0233594
    outer loop
      vertex -2.39914 220 3.18678
      vertex -3.2 219.2 3.17375
      vertex -3.19827 219.2 3.22609
    endloop
  endfacet
  facet normal -0.392846 0.707108 0.587938
    outer loop
      vertex -1.43813 220 5.11728
      vertex -1.90436 219.2 5.76791
      vertex -1.64365 219.2 5.94211
    endloop
  endfacet
  facet normal -0.182957 0.70711 0.683024
    outer loop
      vertex -0.645569 220 5.50812
      vertex -0.877853 219.2 6.27411
      vertex -0.776794 219.2 6.30118
    endloop
  endfacet
  facet normal 0.430464 0.707108 0.560981
    outer loop
      vertex 1.9874 219.2 5.70419
      vertex 1.43813 220 5.11728
      vertex 1.90436 219.2 5.76791
    endloop
  endfacet
  facet normal 0.430527 0.707112 0.560928
    outer loop
      vertex 1.43813 220 5.11728
      vertex 1.9874 219.2 5.70419
      vertex 1.47964 220 5.08542
    endloop
  endfacet
  facet normal -0.392836 -0.70711 0.587942
    outer loop
      vertex -1.22092 200.15 5.26241
      vertex -1.64365 200.95 5.94211
      vertex -1.43813 200.15 5.11728
    endloop
  endfacet
  facet normal 0.227272 0.707109 0.669585
    outer loop
      vertex 0.89296 220 5.42415
      vertex 0.645569 220 5.50812
      vertex 0.877853 219.2 6.27411
    endloop
  endfacet
  facet normal -0.707102 0.707111 0
    outer loop
      vertex -3.2 219.2 3.17375
      vertex -2.39999 220 0.826111
      vertex -3.2 219.2 0.800003
    endloop
  endfacet
  facet normal -0.707102 0.707111 0
    outer loop
      vertex -2.39999 220 0.826111
      vertex -3.2 219.2 3.17375
      vertex -2.39999 220 3.16084
    endloop
  endfacet
  facet normal 0.5 0.707107 0.5
    outer loop
      vertex 2.2973 219.2 5.42331
      vertex 1.67612 220 4.91312
      vertex 2.22331 219.2 5.4973
    endloop
  endfacet
  facet normal 0.500064 0.707111 0.499929
    outer loop
      vertex 1.67612 220 4.91312
      vertex 2.2973 219.2 5.42331
      vertex 1.71312 220 4.87611
    endloop
  endfacet
  facet normal -0 0 1
    outer loop
      vertex -0.0523224 219.2 6.39656
      vertex 0.0523224 200.95 6.39656
      vertex 0.0523224 219.2 6.39656
    endloop
  endfacet
  facet normal 0 0 1
    outer loop
      vertex 0.0523224 200.95 6.39656
      vertex -0.0523224 219.2 6.39656
      vertex -0.0523224 200.95 6.39656
    endloop
  endfacet
  facet normal 0.683025 0.707109 0.182958
    outer loop
      vertex 2.32169 220 3.79491
      vertex 2.30812 220 3.84557
      vertex 3.10118 219.2 3.97679
    endloop
  endfacet
  facet normal -0.0462416 0.707108 0.705591
    outer loop
      vertex -0.0260773 220 5.59656
      vertex -0.365433 219.2 6.37604
      vertex -0.0523224 219.2 6.39656
    endloop
  endfacet
  facet normal 0 -0.707107 0.707107
    outer loop
      vertex -0.0260773 200.15 5.59656
      vertex 0.0523224 200.95 6.39656
      vertex -0.0523224 200.95 6.39656
    endloop
  endfacet
  facet normal 0 -0.707107 0.707107
    outer loop
      vertex 0.0523224 200.95 6.39656
      vertex -0.0260773 200.15 5.59656
      vertex 0.0260773 200.15 5.59656
    endloop
  endfacet
  facet normal 0.946941 -0 0.321407
    outer loop
      vertex 2.9733 200.95 4.37486
      vertex 3.07411 219.2 4.07785
      vertex 2.9733 219.2 4.37486
    endloop
  endfacet
  facet normal 0.946941 0 0.321407
    outer loop
      vertex 3.07411 219.2 4.07785
      vertex 2.9733 200.95 4.37486
      vertex 3.07411 200.95 4.07785
    endloop
  endfacet
  facet normal -0.5 -0.707107 0.5
    outer loop
      vertex -2.2973 200.95 5.42331
      vertex -1.67612 200.15 4.91312
      vertex -2.22331 200.95 5.4973
    endloop
  endfacet
  facet normal -0.500064 -0.707111 0.499929
    outer loop
      vertex -1.67612 200.15 4.91312
      vertex -2.2973 200.95 5.42331
      vertex -1.71312 200.15 4.87611
    endloop
  endfacet
  facet normal 0.612295 0.70711 0.35368
    outer loop
      vertex 2.08849 220 4.37576
      vertex 2.06241 220 4.42091
      vertex 2.74211 219.2 4.84364
    endloop
  endfacet
  facet normal 0.442315 0 -0.89686
    outer loop
      vertex 2.70615 219.2 0.0608978
      vertex 2.79999 219.107 0.107178
      vertex 2.70615 219.061 0.0608978
    endloop
  endfacet
  facet normal 0.442315 0 -0.89686
    outer loop
      vertex 2.79999 219.107 0.107178
      vertex 2.70615 219.2 0.0608978
      vertex 2.79999 219.2 0.107178
    endloop
  endfacet
  facet normal 0.659363 0 -0.751825
    outer loop
      vertex 2.92656 219.2 0.2
      vertex 2.88701 219.165 0.165314
      vertex 2.88701 219.2 0.165314
    endloop
  endfacet
  facet normal 0.587945 0.707111 0.392828
    outer loop
      vertex 2.74211 219.2 4.84364
      vertex 1.91728 220 4.63812
      vertex 2.56792 219.2 5.10435
    endloop
  endfacet
  facet normal -0.669586 -0.707109 0.227268
    outer loop
      vertex -2.9733 200.95 4.37486
      vertex -3.07411 200.95 4.07785
      vertex -2.22415 200.15 4.09296
    endloop
  endfacet
  facet normal -0.751817 0 -0.659371
    outer loop
      vertex -2.96568 200.95 0.234314
      vertex -3.03468 219.2 0.312988
      vertex -2.96568 219.2 0.234314
    endloop
  endfacet
  facet normal -0.751817 -0 -0.659371
    outer loop
      vertex -3.03468 219.2 0.312988
      vertex -2.96568 200.95 0.234314
      vertex -3.03468 200.95 0.312988
    endloop
  endfacet
  facet normal -0.587766 0.707334 -0.392695
    outer loop
      vertex -3.03468 219.2 0.312988
      vertex -3.09282 219.2 0.400009
      vertex -2.39839 220 0.801605
    endloop
  endfacet
  facet normal -0.442315 0 -0.89686
    outer loop
      vertex -2.79999 200.95 0.107178
      vertex -2.70615 219.2 0.0608978
      vertex -2.70615 200.95 0.0608978
    endloop
  endfacet
  facet normal -0.442315 0 -0.89686
    outer loop
      vertex -2.70615 219.2 0.0608978
      vertex -2.79999 200.95 0.107178
      vertex -2.79999 219.2 0.107178
    endloop
  endfacet
  facet normal -0.531431 -0.707351 -0.466085
    outer loop
      vertex -2.39839 200.15 0.801605
      vertex -3.03468 200.95 0.312988
      vertex -2.96568 200.95 0.234314
    endloop
  endfacet
  facet normal -0.312763 -0.707105 0.634178
    outer loop
      vertex -1.27159 200.95 6.13322
      vertex -1.55307 200.95 5.9944
      vertex -1.17577 200.15 5.28848
    endloop
  endfacet
  facet normal 0 -0.707108 -0.707105
    outer loop
      vertex -2.39999 200.95 0
      vertex 0.199997 200.15 0.800003
      vertex -2.37389 200.15 0.800003
    endloop
  endfacet
  facet normal 0 -0.707108 -0.707105
    outer loop
      vertex 0.199997 200.15 0.800003
      vertex -2.39999 200.95 0
      vertex 1 200.95 0
    endloop
  endfacet
  facet normal -0.693443 0.707182 -0.137951
    outer loop
      vertex -3.17273 219.2 0.592941
      vertex -3.19315 219.2 0.695587
      vertex -2.39839 220 0.801605
    endloop
  endfacet
  facet normal -0.669459 0.707249 -0.227207
    outer loop
      vertex -3.1391 219.2 0.493851
      vertex -3.17273 219.2 0.592941
      vertex -2.39839 220 0.801605
    endloop
  endfacet
  facet normal -0.669586 0.707109 0.227268
    outer loop
      vertex -2.22415 220 4.09296
      vertex -3.07411 219.2 4.07785
      vertex -2.9733 219.2 4.37486
    endloop
  endfacet
  facet normal 0.392836 0.70711 0.587942
    outer loop
      vertex 1.43813 220 5.11728
      vertex 1.22092 220 5.26241
      vertex 1.64365 219.2 5.94211
    endloop
  endfacet
  facet normal -0.137959 0.70711 0.693515
    outer loop
      vertex -0.59491 220 5.52168
      vertex -0.776794 219.2 6.30118
      vertex -0.469193 219.2 6.36237
    endloop
  endfacet
  facet normal -0.997855 0 -0.0654623
    outer loop
      vertex -3.19315 200.95 0.695587
      vertex -3.2 219.2 0.800003
      vertex -3.19315 219.2 0.695587
    endloop
  endfacet
  facet normal -0.997855 -0 -0.0654623
    outer loop
      vertex -3.2 219.2 0.800003
      vertex -3.19315 200.95 0.695587
      vertex -3.2 200.95 0.800003
    endloop
  endfacet
  facet normal -0.669459 -0.707249 -0.227207
    outer loop
      vertex -2.39839 200.15 0.801605
      vertex -3.17273 200.95 0.592941
      vertex -3.1391 200.95 0.493851
    endloop
  endfacet
  facet normal 0.312743 -0.707109 0.634183
    outer loop
      vertex 1.27159 200.95 6.13322
      vertex 0.941193 200.15 5.40416
      vertex 1.17577 200.15 5.28848
    endloop
  endfacet
  facet normal -0.653273 -0.707108 0.270616
    outer loop
      vertex -2.93323 200.95 4.47159
      vertex -2.9733 200.95 4.37486
      vertex -2.22415 200.15 4.09296
    endloop
  endfacet
  facet normal -0.227285 0.707107 0.669583
    outer loop
      vertex -0.89296 220 5.42415
      vertex -1.17487 219.2 6.17329
      vertex -0.877853 219.2 6.27411
    endloop
  endfacet
  facet normal 0.669585 0.707108 0.227273
    outer loop
      vertex 2.30812 220 3.84557
      vertex 2.22415 220 4.09296
      vertex 3.07411 219.2 4.07785
    endloop
  endfacet
  facet normal -0.321429 0 0.946934
    outer loop
      vertex -1.17487 219.2 6.17329
      vertex -0.877853 200.95 6.27411
      vertex -0.877853 219.2 6.27411
    endloop
  endfacet
  facet normal -0.321429 0 0.946934
    outer loop
      vertex -0.877853 200.95 6.27411
      vertex -1.17487 219.2 6.17329
      vertex -1.17487 200.95 6.17329
    endloop
  endfacet
  facet normal 0.195071 0 -0.980789
    outer loop
      vertex 2.50441 219.2 0.0068512
      vertex 2.60706 219.027 0.0272675
      vertex 2.50441 219.007 0.0068512
    endloop
  endfacet
  facet normal 0.195071 0 -0.980789
    outer loop
      vertex 2.60706 219.027 0.0272675
      vertex 2.50441 219.2 0.0068512
      vertex 2.60706 219.2 0.0272675
    endloop
  endfacet
  facet normal 0.612378 0.707103 0.353552
    outer loop
      vertex 2.7944 219.2 4.75307
      vertex 2.08849 220 4.37576
      vertex 2.74211 219.2 4.84364
    endloop
  endfacet
  facet normal 0.312743 0.707109 0.634183
    outer loop
      vertex 1.17577 220 5.28848
      vertex 0.941193 220 5.40416
      vertex 1.27159 219.2 6.13322
    endloop
  endfacet
  facet normal 0.706747 0.705959 0.046162
    outer loop
      vertex 2.56348 219.837 3.16348
      vertex 2.39914 220 3.18678
      vertex 2.58313 219.816 3.18379
    endloop
  endfacet
  facet normal 0.705669 0.708165 0.0231233
    outer loop
      vertex 2.39914 220 3.18678
      vertex 2.56348 219.837 3.16348
      vertex 2.39999 220 3.16084
    endloop
  endfacet
  facet normal -1 0 0
    outer loop
      vertex -3.2 200.95 0.800003
      vertex -3.2 219.2 3.17375
      vertex -3.2 219.2 0.800003
    endloop
  endfacet
  facet normal -1 -0 0
    outer loop
      vertex -3.2 219.2 3.17375
      vertex -3.2 200.95 0.800003
      vertex -3.2 200.95 3.17375
    endloop
  endfacet
  facet normal 0.0462954 0.707102 -0.705594
    outer loop
      vertex 2.39999 219.2 0
      vertex 2.39839 220 0.801605
      vertex 2.50441 219.2 0.0068512
    endloop
  endfacet
  facet normal -0.705599 0.707112 -0.0460687
    outer loop
      vertex -2.39839 220 0.801605
      vertex -3.2 219.2 0.800003
      vertex -2.39999 220 0.826111
    endloop
  endfacet
  facet normal -0.0923595 0.707115 0.701041
    outer loop
      vertex -0.338928 220 5.5726
      vertex -0.469193 219.2 6.36237
      vertex -0.365433 219.2 6.37604
    endloop
  endfacet
  facet normal 0.653215 0.707114 0.270739
    outer loop
      vertex 2.22415 220 4.09296
      vertex 2.20416 220 4.14119
      vertex 2.93323 219.2 4.47159
    endloop
  endfacet
  facet normal 0.392836 -0.70711 0.587942
    outer loop
      vertex 1.64365 200.95 5.94211
      vertex 1.22092 200.15 5.26241
      vertex 1.43813 200.15 5.11728
    endloop
  endfacet
  facet normal 0.137959 -0.70711 0.693515
    outer loop
      vertex 0.776794 200.95 6.30118
      vertex 0.469193 200.95 6.36237
      vertex 0.59491 200.15 5.52168
    endloop
  endfacet
  facet normal 0.65935 0 0.751836
    outer loop
      vertex 1.9874 219.2 5.70419
      vertex 2.22331 200.95 5.4973
      vertex 2.22331 219.2 5.4973
    endloop
  endfacet
  facet normal 0.65935 0 0.751836
    outer loop
      vertex 2.22331 200.95 5.4973
      vertex 1.9874 219.2 5.70419
      vertex 1.9874 200.95 5.70419
    endloop
  endfacet
  facet normal 0.442313 0 0.896861
    outer loop
      vertex 1.27159 219.2 6.13322
      vertex 1.55307 200.95 5.9944
      vertex 1.55307 219.2 5.9944
    endloop
  endfacet
  facet normal 0.442313 0 0.896861
    outer loop
      vertex 1.55307 200.95 5.9944
      vertex 1.27159 219.2 6.13322
      vertex 1.27159 200.95 6.13322
    endloop
  endfacet
  facet normal 0.0462416 0.707108 0.705591
    outer loop
      vertex 0.365433 219.2 6.37604
      vertex 0.0260773 220 5.59656
      vertex 0.0523224 219.2 6.39656
    endloop
  endfacet
  facet normal 0.0462816 -0.707116 0.705582
    outer loop
      vertex 0.365433 200.95 6.37604
      vertex 0.0260773 200.15 5.59656
      vertex 0.286926 200.15 5.57945
    endloop
  endfacet
  facet normal 0.0923452 -0.707116 0.701042
    outer loop
      vertex 0.365433 200.95 6.37604
      vertex 0.286926 200.15 5.57945
      vertex 0.338928 200.15 5.5726
    endloop
  endfacet
  facet normal 0.669586 -0.707109 0.227268
    outer loop
      vertex 2.9733 200.95 4.37486
      vertex 2.22415 200.15 4.09296
      vertex 3.07411 200.95 4.07785
    endloop
  endfacet
  facet normal 0.653273 -0.707108 0.270616
    outer loop
      vertex 2.93323 200.95 4.47159
      vertex 2.22415 200.15 4.09296
      vertex 2.9733 200.95 4.37486
    endloop
  endfacet
  facet normal 0.560978 0.707111 0.430462
    outer loop
      vertex 2.56792 219.2 5.10435
      vertex 1.88542 220 4.67964
      vertex 2.5042 219.2 5.18739
    endloop
  endfacet
  facet normal 0.560978 0.707111 0.430462
    outer loop
      vertex 1.88542 220 4.67964
      vertex 2.56792 219.2 5.10435
      vertex 1.91728 220 4.63812
    endloop
  endfacet
  facet normal 0.923869 -0 0.382709
    outer loop
      vertex 2.93323 200.95 4.47159
      vertex 2.9733 219.2 4.37486
      vertex 2.93323 219.2 4.47159
    endloop
  endfacet
  facet normal 0.923869 0 0.382709
    outer loop
      vertex 2.9733 219.2 4.37486
      vertex 2.93323 200.95 4.47159
      vertex 2.9733 200.95 4.37486
    endloop
  endfacet
  facet normal 0.696255 0.707129 -0.123278
    outer loop
      vertex 2.65818 219.732 0.731598
      vertex 2.39839 220 0.801605
      vertex 2.6256 219.771 0.771297
    endloop
  endfacet
  facet normal -0.701051 -0.707106 0.0923468
    outer loop
      vertex -2.37263 200.15 3.5388
      vertex -3.17603 200.95 3.56544
      vertex -2.37946 200.15 3.48695
    endloop
  endfacet
  facet normal 0.430464 -0.707108 0.560981
    outer loop
      vertex 1.43813 200.15 5.11728
      vertex 1.9874 200.95 5.70419
      vertex 1.90436 200.95 5.76791
    endloop
  endfacet
  facet normal 0.430527 -0.707112 0.560928
    outer loop
      vertex 1.9874 200.95 5.70419
      vertex 1.43813 200.15 5.11728
      vertex 1.47964 200.15 5.08542
    endloop
  endfacet
  facet normal -0.65939 0 -0.751801
    outer loop
      vertex -2.96568 200.95 0.234314
      vertex -2.88701 219.2 0.165314
      vertex -2.88701 200.95 0.165314
    endloop
  endfacet
  facet normal -0.65939 0 -0.751801
    outer loop
      vertex -2.88701 219.2 0.165314
      vertex -2.96568 200.95 0.234314
      vertex -2.96568 219.2 0.234314
    endloop
  endfacet
  facet normal -0.587766 -0.707334 -0.392695
    outer loop
      vertex -2.39839 200.15 0.801605
      vertex -3.09282 200.95 0.400009
      vertex -3.03468 200.95 0.312988
    endloop
  endfacet
  facet normal -0.531431 0.707351 -0.466085
    outer loop
      vertex -2.96568 219.2 0.234314
      vertex -3.03468 219.2 0.312988
      vertex -2.39839 220 0.801605
    endloop
  endfacet
  facet normal -0.227209 0.707249 -0.669459
    outer loop
      vertex -2.60706 219.2 0.0272675
      vertex -2.70615 219.2 0.0608978
      vertex -2.39839 220 0.801605
    endloop
  endfacet
  facet normal -0.466098 -0.707352 -0.531419
    outer loop
      vertex -2.39839 200.15 0.801605
      vertex -2.96568 200.95 0.234314
      vertex -2.88701 200.95 0.165314
    endloop
  endfacet
  facet normal -0.831494 0 -0.555533
    outer loop
      vertex -3.03468 200.95 0.312988
      vertex -3.09282 219.2 0.400009
      vertex -3.03468 219.2 0.312988
    endloop
  endfacet
  facet normal -0.831494 -0 -0.555533
    outer loop
      vertex -3.09282 219.2 0.400009
      vertex -3.03468 200.95 0.312988
      vertex -3.09282 200.95 0.400009
    endloop
  endfacet
  facet normal -0.312679 -0.7073 -0.634002
    outer loop
      vertex -2.39839 200.15 0.801605
      vertex -2.79999 200.95 0.107178
      vertex -2.70615 200.95 0.0608978
    endloop
  endfacet
  facet normal -0.392679 0.707335 -0.587776
    outer loop
      vertex -2.79999 219.2 0.107178
      vertex -2.88701 219.2 0.165314
      vertex -2.39839 220 0.801605
    endloop
  endfacet
  facet normal -0.321386 0 -0.946948
    outer loop
      vertex -2.70615 200.95 0.0608978
      vertex -2.60706 219.2 0.0272675
      vertex -2.60706 200.95 0.0272675
    endloop
  endfacet
  facet normal -0.321386 0 -0.946948
    outer loop
      vertex -2.60706 219.2 0.0272675
      vertex -2.70615 200.95 0.0608978
      vertex -2.70615 219.2 0.0608978
    endloop
  endfacet
  facet normal -0.227209 -0.707249 -0.669459
    outer loop
      vertex -2.39839 200.15 0.801605
      vertex -2.70615 200.95 0.0608978
      vertex -2.60706 200.95 0.0272675
    endloop
  endfacet
  facet normal 0.227285 -0.707107 0.669583
    outer loop
      vertex 1.17487 200.95 6.17329
      vertex 0.877853 200.95 6.27411
      vertex 0.89296 200.15 5.42415
    endloop
  endfacet
  facet normal 0.682881 -0.707266 0.182891
    outer loop
      vertex 3.07411 200.95 4.07785
      vertex 2.81739 200.682 4
      vertex 3.09496 200.95 4
    endloop
  endfacet
  facet normal -0.612378 0.707103 0.353552
    outer loop
      vertex -2.08849 220 4.37576
      vertex -2.7944 219.2 4.75307
      vertex -2.74211 219.2 4.84364
    endloop
  endfacet
  facet normal -0.707107 0 0.707107
    outer loop
      vertex -2.2973 200.95 5.42331
      vertex -2.22331 219.2 5.4973
      vertex -2.2973 219.2 5.42331
    endloop
  endfacet
  facet normal -0.707107 0 0.707107
    outer loop
      vertex -2.22331 219.2 5.4973
      vertex -2.2973 200.95 5.42331
      vertex -2.22331 200.95 5.4973
    endloop
  endfacet
  facet normal 0.63417 0.707104 0.312782
    outer loop
      vertex 2.93323 219.2 4.47159
      vertex 2.08849 220 4.37576
      vertex 2.7944 219.2 4.75307
    endloop
  endfacet
  facet normal -0.0461376 0.707107 -0.705599
    outer loop
      vertex -2.37389 220 0.800003
      vertex -2.39999 219.2 0
      vertex -2.39839 220 0.801605
    endloop
  endfacet
  facet normal -0.312743 0.707109 0.634183
    outer loop
      vertex -1.17577 220 5.28848
      vertex -1.27159 219.2 6.13322
      vertex -0.941193 220 5.40416
    endloop
  endfacet
  facet normal 0.705924 0.706693 -0.0475025
    outer loop
      vertex 2.6256 219.771 0.771297
      vertex 2.39839 220 0.801605
      vertex 2.59758 219.801 0.801207
    endloop
  endfacet
  facet normal -0.531626 0.707109 0.466231
    outer loop
      vertex -1.71312 220 4.87611
      vertex -2.5042 219.2 5.18739
      vertex -2.2973 219.2 5.42331
    endloop
  endfacet
  facet normal 0.653273 0.707108 0.270616
    outer loop
      vertex 2.9733 219.2 4.37486
      vertex 2.22415 220 4.09296
      vertex 2.93323 219.2 4.47159
    endloop
  endfacet
  facet normal -0.693443 -0.707182 -0.137951
    outer loop
      vertex -2.39839 200.15 0.801605
      vertex -3.19315 200.95 0.695587
      vertex -3.17273 200.95 0.592941
    endloop
  endfacet
  facet normal -0.707102 -0.707111 0
    outer loop
      vertex -2.39999 200.15 0.826111
      vertex -3.2 200.95 3.17375
      vertex -3.2 200.95 0.800003
    endloop
  endfacet
  facet normal -0.707102 -0.707111 0
    outer loop
      vertex -3.2 200.95 3.17375
      vertex -2.39999 200.15 0.826111
      vertex -2.39999 200.15 3.16084
    endloop
  endfacet
  facet normal -0.946941 0 0.321407
    outer loop
      vertex -3.07411 200.95 4.07785
      vertex -2.9733 219.2 4.37486
      vertex -3.07411 219.2 4.07785
    endloop
  endfacet
  facet normal -0.946941 0 0.321407
    outer loop
      vertex -2.9733 219.2 4.37486
      vertex -3.07411 200.95 4.07785
      vertex -2.9733 200.95 4.37486
    endloop
  endfacet
  facet normal -0.683025 -0.707109 0.182956
    outer loop
      vertex -3.07411 200.95 4.07785
      vertex -3.10118 200.95 3.97679
      vertex -2.30812 200.15 3.84557
    endloop
  endfacet
  facet normal -0.705597 0.707102 0.0462428
    outer loop
      vertex -2.39914 220 3.18678
      vertex -3.19827 219.2 3.22609
      vertex -3.17603 219.2 3.56544
    endloop
  endfacet
  facet normal -0.312743 -0.707109 0.634183
    outer loop
      vertex -0.941193 200.15 5.40416
      vertex -1.27159 200.95 6.13322
      vertex -1.17577 200.15 5.28848
    endloop
  endfacet
  facet normal -0.466213 0.707109 0.53164
    outer loop
      vertex -1.67612 220 4.91312
      vertex -1.9874 219.2 5.70419
      vertex -1.47964 220 5.08542
    endloop
  endfacet
  facet normal 0.466213 -0.707109 0.53164
    outer loop
      vertex 1.9874 200.95 5.70419
      vertex 1.47964 200.15 5.08542
      vertex 1.67612 200.15 4.91312
    endloop
  endfacet
  facet normal -0.270727 0.70711 0.653225
    outer loop
      vertex -0.941193 220 5.40416
      vertex -1.27159 219.2 6.13322
      vertex -0.89296 220 5.42415
    endloop
  endfacet
  facet normal 0.587942 -0.70711 0.392836
    outer loop
      vertex 2.74211 200.95 4.84364
      vertex 1.91728 200.15 4.63812
      vertex 2.06241 200.15 4.42091
    endloop
  endfacet
  facet normal 0.321386 0 -0.946948
    outer loop
      vertex 2.60706 219.2 0.0272675
      vertex 2.70615 219.061 0.0608978
      vertex 2.60706 219.027 0.0272675
    endloop
  endfacet
  facet normal 0.321386 0 -0.946948
    outer loop
      vertex 2.70615 219.061 0.0608978
      vertex 2.60706 219.2 0.0272675
      vertex 2.70615 219.2 0.0608978
    endloop
  endfacet
  facet normal 0.182834 0.707116 0.683051
    outer loop
      vertex 0.645569 220 5.50812
      vertex 0.59491 220 5.52168
      vertex 0.776794 219.2 6.30118
    endloop
  endfacet
  facet normal -0.831486 0 0.555546
    outer loop
      vertex -2.74211 200.95 4.84364
      vertex -2.56792 219.2 5.10435
      vertex -2.74211 219.2 4.84364
    endloop
  endfacet
  facet normal -0.831486 0 0.555546
    outer loop
      vertex -2.56792 219.2 5.10435
      vertex -2.74211 200.95 4.84364
      vertex -2.56792 200.95 5.10435
    endloop
  endfacet
  facet normal 0.706075 0.706635 -0.0460997
    outer loop
      vertex 2.57975 219.82 0.820245
      vertex 2.39839 220 0.801605
      vertex 2.39999 220 0.826111
    endloop
  endfacet
  facet normal 0.706036 0.706798 -0.0441511
    outer loop
      vertex 2.39839 220 0.801605
      vertex 2.57975 219.82 0.820245
      vertex 2.59758 219.801 0.801207
    endloop
  endfacet
  facet normal 0.466232 0.707106 0.531629
    outer loop
      vertex 2.22331 219.2 5.4973
      vertex 1.67612 220 4.91312
      vertex 1.9874 219.2 5.70419
    endloop
  endfacet
  facet normal -0.587942 0.70711 0.392836
    outer loop
      vertex -2.06241 220 4.42091
      vertex -2.74211 219.2 4.84364
      vertex -1.91728 220 4.63812
    endloop
  endfacet
  facet normal 0.0923595 0.707115 0.701041
    outer loop
      vertex 0.469193 219.2 6.36237
      vertex 0.338928 220 5.5726
      vertex 0.365433 219.2 6.37604
    endloop
  endfacet
  facet normal 0.270641 -0.707105 0.653266
    outer loop
      vertex 1.17487 200.95 6.17329
      vertex 0.89296 200.15 5.42415
      vertex 1.27159 200.95 6.13322
    endloop
  endfacet
  facet normal 0.866028 -0 0.499996
    outer loop
      vertex 2.74211 200.95 4.84364
      vertex 2.7944 219.2 4.75307
      vertex 2.74211 219.2 4.84364
    endloop
  endfacet
  facet normal 0.866028 0 0.499996
    outer loop
      vertex 2.7944 219.2 4.75307
      vertex 2.74211 200.95 4.84364
      vertex 2.7944 200.95 4.75307
    endloop
  endfacet
  facet normal 0.896848 -0 0.442338
    outer loop
      vertex 2.7944 200.95 4.75307
      vertex 2.93323 219.2 4.47159
      vertex 2.7944 219.2 4.75307
    endloop
  endfacet
  facet normal 0.896848 0 0.442338
    outer loop
      vertex 2.93323 219.2 4.47159
      vertex 2.7944 200.95 4.75307
      vertex 2.93323 200.95 4.47159
    endloop
  endfacet
  facet normal -0.137954 0.70711 0.693515
    outer loop
      vertex -0.338928 220 5.5726
      vertex -0.59491 220 5.52168
      vertex -0.469193 219.2 6.36237
    endloop
  endfacet
  facet normal -0.137954 -0.70711 0.693515
    outer loop
      vertex -0.469193 200.95 6.36237
      vertex -0.59491 200.15 5.52168
      vertex -0.338928 200.15 5.5726
    endloop
  endfacet
  facet normal -0.587945 -0.707111 0.392828
    outer loop
      vertex -2.56792 200.95 5.10435
      vertex -2.74211 200.95 4.84364
      vertex -1.91728 200.15 4.63812
    endloop
  endfacet
  facet normal 0.466232 -0.707106 0.531629
    outer loop
      vertex 1.9874 200.95 5.70419
      vertex 1.67612 200.15 4.91312
      vertex 2.22331 200.95 5.4973
    endloop
  endfacet
  facet normal -0.705593 -0.707106 0.0462607
    outer loop
      vertex -2.37946 200.15 3.48695
      vertex -3.17603 200.95 3.56544
      vertex -2.39914 200.15 3.18678
    endloop
  endfacet
  facet normal 0.466213 0.707109 0.53164
    outer loop
      vertex 1.67612 220 4.91312
      vertex 1.47964 220 5.08542
      vertex 1.9874 219.2 5.70419
    endloop
  endfacet
  facet normal 0.707107 -0 0.707107
    outer loop
      vertex 2.22331 200.95 5.4973
      vertex 2.2973 219.2 5.42331
      vertex 2.22331 219.2 5.4973
    endloop
  endfacet
  facet normal 0.707107 0 0.707107
    outer loop
      vertex 2.2973 219.2 5.42331
      vertex 2.22331 200.95 5.4973
      vertex 2.2973 200.95 5.42331
    endloop
  endfacet
  facet normal 0.137954 0.70711 0.693515
    outer loop
      vertex 0.59491 220 5.52168
      vertex 0.338928 220 5.5726
      vertex 0.469193 219.2 6.36237
    endloop
  endfacet
  facet normal 0.669586 0.707109 0.227268
    outer loop
      vertex 3.07411 219.2 4.07785
      vertex 2.22415 220 4.09296
      vertex 2.9733 219.2 4.37486
    endloop
  endfacet
  facet normal -0.430464 -0.707108 0.560981
    outer loop
      vertex -1.9874 200.95 5.70419
      vertex -1.43813 200.15 5.11728
      vertex -1.90436 200.95 5.76791
    endloop
  endfacet
  facet normal -0.430527 -0.707112 0.560928
    outer loop
      vertex -1.43813 200.15 5.11728
      vertex -1.9874 200.95 5.70419
      vertex -1.47964 200.15 5.08542
    endloop
  endfacet
  facet normal 0.353522 0.707105 0.612393
    outer loop
      vertex 1.64365 219.2 5.94211
      vertex 1.17577 220 5.28848
      vertex 1.55307 219.2 5.9944
    endloop
  endfacet
  facet normal 0.227272 -0.707109 0.669585
    outer loop
      vertex 0.877853 200.95 6.27411
      vertex 0.645569 200.15 5.50812
      vertex 0.89296 200.15 5.42415
    endloop
  endfacet
  facet normal 0.321429 0 0.946934
    outer loop
      vertex 0.877853 219.2 6.27411
      vertex 1.17487 200.95 6.17329
      vertex 1.17487 219.2 6.17329
    endloop
  endfacet
  facet normal 0.321429 0 0.946934
    outer loop
      vertex 1.17487 200.95 6.17329
      vertex 0.877853 219.2 6.27411
      vertex 0.877853 200.95 6.27411
    endloop
  endfacet
  facet normal -0.706724 -0.707103 0.0233594
    outer loop
      vertex -3.19827 200.95 3.22609
      vertex -3.2 200.95 3.17375
      vertex -2.39914 200.15 3.18678
    endloop
  endfacet
  facet normal 0.707578 0.706635 0
    outer loop
      vertex 2.57975 219.82 0.820245
      vertex 2.39999 220 0.826111
      vertex 2.39999 220 1
    endloop
  endfacet
  facet normal 0.706045 0.708167 0
    outer loop
      vertex 2.56348 219.837 3.16348
      vertex 2.39999 220 3
      vertex 2.39999 220 3.16084
    endloop
  endfacet
  facet normal -0.227272 -0.707109 0.669585
    outer loop
      vertex -0.877853 200.95 6.27411
      vertex -0.89296 200.15 5.42415
      vertex -0.645569 200.15 5.50812
    endloop
  endfacet
  facet normal -0.653215 -0.707114 0.270739
    outer loop
      vertex -2.20416 200.15 4.14119
      vertex -2.93323 200.95 4.47159
      vertex -2.22415 200.15 4.09296
    endloop
  endfacet
  facet normal 0.980781 0 0.195113
    outer loop
      vertex 3.10118 219.2 3.97679
      vertex 3.10118 219.023 3.97679
      vertex 3.13635 219.2 3.8
    endloop
  endfacet
  facet normal -0.137922 0.707181 -0.69345
    outer loop
      vertex -2.50441 219.2 0.0068512
      vertex -2.60706 219.2 0.0272675
      vertex -2.39839 220 0.801605
    endloop
  endfacet
  facet normal -0.0462954 0.707102 -0.705594
    outer loop
      vertex -2.39999 219.2 0
      vertex -2.50441 219.2 0.0068512
      vertex -2.39839 220 0.801605
    endloop
  endfacet
  facet normal -0.634005 -0.7073 -0.312672
    outer loop
      vertex -2.39839 200.15 0.801605
      vertex -3.1391 200.95 0.493851
      vertex -3.09282 200.95 0.400009
    endloop
  endfacet
  facet normal -0.896864 0 -0.442306
    outer loop
      vertex -3.09282 200.95 0.400009
      vertex -3.1391 219.2 0.493851
      vertex -3.09282 219.2 0.400009
    endloop
  endfacet
  facet normal -0.896864 -0 -0.442306
    outer loop
      vertex -3.1391 219.2 0.493851
      vertex -3.09282 200.95 0.400009
      vertex -3.1391 200.95 0.493851
    endloop
  endfacet
  facet normal -0.137922 -0.707181 -0.69345
    outer loop
      vertex -2.39839 200.15 0.801605
      vertex -2.60706 200.95 0.0272675
      vertex -2.50441 200.95 0.0068512
    endloop
  endfacet
  facet normal -0.0462954 -0.707102 -0.705594
    outer loop
      vertex -2.39839 200.15 0.801605
      vertex -2.50441 200.95 0.0068512
      vertex -2.39999 200.95 0
    endloop
  endfacet
  facet normal -0.392679 -0.707335 -0.587776
    outer loop
      vertex -2.39839 200.15 0.801605
      vertex -2.88701 200.95 0.165314
      vertex -2.79999 200.95 0.107178
    endloop
  endfacet
  facet normal -0.555511 0 -0.831509
    outer loop
      vertex -2.88701 200.95 0.165314
      vertex -2.79999 219.2 0.107178
      vertex -2.79999 200.95 0.107178
    endloop
  endfacet
  facet normal -0.555511 0 -0.831509
    outer loop
      vertex -2.79999 219.2 0.107178
      vertex -2.88701 200.95 0.165314
      vertex -2.88701 219.2 0.165314
    endloop
  endfacet
  facet normal -0.693517 -0.707108 0.137959
    outer loop
      vertex -3.10118 200.95 3.97679
      vertex -3.16237 200.95 3.66919
      vertex -2.37263 200.15 3.5388
    endloop
  endfacet
  facet normal -0.587945 0.707111 0.392828
    outer loop
      vertex -1.91728 220 4.63812
      vertex -2.74211 219.2 4.84364
      vertex -2.56792 219.2 5.10435
    endloop
  endfacet
  facet normal -0.258742 0 0.965947
    outer loop
      vertex -0.877853 219.2 6.27411
      vertex -0.776794 200.95 6.30118
      vertex -0.776794 219.2 6.30118
    endloop
  endfacet
  facet normal -0.258742 0 0.965947
    outer loop
      vertex -0.776794 200.95 6.30118
      vertex -0.877853 219.2 6.27411
      vertex -0.877853 200.95 6.27411
    endloop
  endfacet
  facet normal -0.555568 0 0.831471
    outer loop
      vertex -1.90436 219.2 5.76791
      vertex -1.64365 200.95 5.94211
      vertex -1.64365 219.2 5.94211
    endloop
  endfacet
  facet normal -0.555568 0 0.831471
    outer loop
      vertex -1.64365 200.95 5.94211
      vertex -1.90436 219.2 5.76791
      vertex -1.90436 200.95 5.76791
    endloop
  endfacet
  facet normal -0.669585 -0.707108 0.227273
    outer loop
      vertex -2.22415 200.15 4.09296
      vertex -3.07411 200.95 4.07785
      vertex -2.30812 200.15 3.84557
    endloop
  endfacet
  facet normal 0.692879 0.707757 0.137839
    outer loop
      vertex 3.00809 219.356 3.64372
      vertex 3.10118 219.2 3.97679
      vertex 3.13635 219.2 3.8
    endloop
  endfacet
  facet normal 0.693812 0.706965 0.137207
    outer loop
      vertex 3.10118 219.2 3.97679
      vertex 3.00809 219.356 3.64372
      vertex 2.37263 220 3.5388
    endloop
  endfacet
  facet normal 0.702162 0.708091 0.0746701
    outer loop
      vertex 2.91707 219.46 3.53993
      vertex 2.37263 220 3.5388
      vertex 2.93236 219.443 3.55736
    endloop
  endfacet
  facet normal 0.7011 0.707057 0.0923531
    outer loop
      vertex 2.37263 220 3.5388
      vertex 2.91707 219.46 3.53993
      vertex 2.37946 220 3.48695
    endloop
  endfacet
  facet normal 0.700333 0.707036 0.0981462
    outer loop
      vertex 2.93236 219.443 3.55736
      vertex 2.37263 220 3.5388
      vertex 3.00809 219.356 3.64372
    endloop
  endfacet
  facet normal 0.693524 0.707105 0.137941
    outer loop
      vertex 2.37263 220 3.5388
      vertex 2.32169 220 3.79491
      vertex 3.10118 219.2 3.97679
    endloop
  endfacet
  facet normal -0.705592 -0.707105 -0.0462889
    outer loop
      vertex -2.39839 200.15 0.801605
      vertex -3.2 200.95 0.800003
      vertex -3.19315 200.95 0.695587
    endloop
  endfacet
  facet normal -0.705592 0.707105 -0.0462889
    outer loop
      vertex -3.19315 219.2 0.695587
      vertex -3.2 219.2 0.800003
      vertex -2.39839 220 0.801605
    endloop
  endfacet
  facet normal -0.999454 0 0.0330351
    outer loop
      vertex -3.2 200.95 3.17375
      vertex -3.19827 219.2 3.22609
      vertex -3.2 219.2 3.17375
    endloop
  endfacet
  facet normal -0.999454 0 0.0330351
    outer loop
      vertex -3.19827 219.2 3.22609
      vertex -3.2 200.95 3.17375
      vertex -3.19827 200.95 3.22609
    endloop
  endfacet
  facet normal 0.353579 -0.707108 0.612356
    outer loop
      vertex 1.64365 200.95 5.94211
      vertex 1.17577 200.15 5.28848
      vertex 1.22092 200.15 5.26241
    endloop
  endfacet
  facet normal -0.0923452 -0.707116 0.701042
    outer loop
      vertex -0.286926 200.15 5.57945
      vertex -0.365433 200.95 6.37604
      vertex -0.338928 200.15 5.5726
    endloop
  endfacet
  facet normal -0.997859 0 0.0653968
    outer loop
      vertex -3.19827 200.95 3.22609
      vertex -3.17603 219.2 3.56544
      vertex -3.19827 219.2 3.22609
    endloop
  endfacet
  facet normal -0.997859 0 0.0653968
    outer loop
      vertex -3.17603 219.2 3.56544
      vertex -3.19827 200.95 3.22609
      vertex -3.17603 200.95 3.56544
    endloop
  endfacet
  facet normal -0.705593 0.707106 0.0462607
    outer loop
      vertex -2.39914 220 3.18678
      vertex -3.17603 219.2 3.56544
      vertex -2.37946 220 3.48695
    endloop
  endfacet
  facet normal -0.560978 -0.707111 0.430462
    outer loop
      vertex -2.56792 200.95 5.10435
      vertex -1.88542 200.15 4.67964
      vertex -2.5042 200.95 5.18739
    endloop
  endfacet
  facet normal -0.560978 -0.707111 0.430462
    outer loop
      vertex -1.88542 200.15 4.67964
      vertex -2.56792 200.95 5.10435
      vertex -1.91728 200.15 4.63812
    endloop
  endfacet
  facet normal -0.392846 -0.707108 0.587938
    outer loop
      vertex -1.64365 200.95 5.94211
      vertex -1.90436 200.95 5.76791
      vertex -1.43813 200.15 5.11728
    endloop
  endfacet
  facet normal -0.63417 0.707104 0.312782
    outer loop
      vertex -2.08849 220 4.37576
      vertex -2.93323 219.2 4.47159
      vertex -2.7944 219.2 4.75307
    endloop
  endfacet
  facet normal -0.227285 -0.707107 0.669583
    outer loop
      vertex -0.877853 200.95 6.27411
      vertex -1.17487 200.95 6.17329
      vertex -0.89296 200.15 5.42415
    endloop
  endfacet
  facet normal -0.353522 -0.707105 0.612393
    outer loop
      vertex -1.55307 200.95 5.9944
      vertex -1.64365 200.95 5.94211
      vertex -1.17577 200.15 5.28848
    endloop
  endfacet
  facet normal -0.353522 0.707105 0.612393
    outer loop
      vertex -1.17577 220 5.28848
      vertex -1.64365 219.2 5.94211
      vertex -1.55307 219.2 5.9944
    endloop
  endfacet
  facet normal -0.466232 -0.707106 0.531629
    outer loop
      vertex -1.9874 200.95 5.70419
      vertex -2.22331 200.95 5.4973
      vertex -1.67612 200.15 4.91312
    endloop
  endfacet
  facet normal 0.5 -0.707107 0.5
    outer loop
      vertex 1.67612 200.15 4.91312
      vertex 2.2973 200.95 5.42331
      vertex 2.22331 200.95 5.4973
    endloop
  endfacet
  facet normal 0.500064 -0.707111 0.499929
    outer loop
      vertex 2.2973 200.95 5.42331
      vertex 1.67612 200.15 4.91312
      vertex 1.71312 200.15 4.87611
    endloop
  endfacet
  facet normal 0.392846 0.707108 0.587938
    outer loop
      vertex 1.90436 219.2 5.76791
      vertex 1.43813 220 5.11728
      vertex 1.64365 219.2 5.94211
    endloop
  endfacet
  facet normal 0.704502 0.707829 0.0515218
    outer loop
      vertex 2.59536 219.804 3.19643
      vertex 2.39914 220 3.18678
      vertex 2.74354 219.645 3.35465
    endloop
  endfacet
  facet normal 0.706966 0.707134 -0.0127046
    outer loop
      vertex 2.58313 219.816 3.18379
      vertex 2.39914 220 3.18678
      vertex 2.59536 219.804 3.19643
    endloop
  endfacet
  facet normal 0.270641 0.707105 0.653266
    outer loop
      vertex 1.27159 219.2 6.13322
      vertex 0.89296 220 5.42415
      vertex 1.17487 219.2 6.17329
    endloop
  endfacet
  facet normal 0.608768 0 0.793348
    outer loop
      vertex 1.90436 219.2 5.76791
      vertex 1.9874 200.95 5.70419
      vertex 1.9874 219.2 5.70419
    endloop
  endfacet
  facet normal 0.608768 0 0.793348
    outer loop
      vertex 1.9874 200.95 5.70419
      vertex 1.90436 219.2 5.76791
      vertex 1.90436 200.95 5.76791
    endloop
  endfacet
  facet normal 0.499954 0 0.866052
    outer loop
      vertex 1.55307 219.2 5.9944
      vertex 1.64365 200.95 5.94211
      vertex 1.64365 219.2 5.94211
    endloop
  endfacet
  facet normal 0.499954 0 0.866052
    outer loop
      vertex 1.64365 200.95 5.94211
      vertex 1.55307 219.2 5.9944
      vertex 1.55307 200.95 5.9944
    endloop
  endfacet
  facet normal 0.531626 0.707109 0.466231
    outer loop
      vertex 2.5042 219.2 5.18739
      vertex 1.71312 220 4.87611
      vertex 2.2973 219.2 5.42331
    endloop
  endfacet
  facet normal 0.587942 0.70711 0.392836
    outer loop
      vertex 2.06241 220 4.42091
      vertex 1.91728 220 4.63812
      vertex 2.74211 219.2 4.84364
    endloop
  endfacet
  facet normal 0.683025 0.707109 0.182956
    outer loop
      vertex 3.10118 219.2 3.97679
      vertex 2.30812 220 3.84557
      vertex 3.07411 219.2 4.07785
    endloop
  endfacet
  facet normal -0.182834 0.707116 0.683051
    outer loop
      vertex -0.645569 220 5.50812
      vertex -0.776794 219.2 6.30118
      vertex -0.59491 220 5.52168
    endloop
  endfacet
  facet normal -0.0923452 0.707116 0.701042
    outer loop
      vertex -0.338928 220 5.5726
      vertex -0.365433 219.2 6.37604
      vertex -0.286926 220 5.57945
    endloop
  endfacet
  facet normal -0.0462816 0.707116 0.705582
    outer loop
      vertex -0.286926 220 5.57945
      vertex -0.365433 219.2 6.37604
      vertex -0.0260773 220 5.59656
    endloop
  endfacet
  facet normal 0.137954 -0.70711 0.693515
    outer loop
      vertex 0.469193 200.95 6.36237
      vertex 0.338928 200.15 5.5726
      vertex 0.59491 200.15 5.52168
    endloop
  endfacet
  facet normal -0.706726 -0.707108 0.0231579
    outer loop
      vertex -2.39914 200.15 3.18678
      vertex -3.2 200.95 3.17375
      vertex -2.39999 200.15 3.16084
    endloop
  endfacet
  facet normal 0.751834 -0 0.659353
    outer loop
      vertex 2.2973 200.95 5.42331
      vertex 2.5042 219.2 5.18739
      vertex 2.2973 219.2 5.42331
    endloop
  endfacet
  facet normal 0.751834 0 0.659353
    outer loop
      vertex 2.5042 219.2 5.18739
      vertex 2.2973 200.95 5.42331
      vertex 2.5042 200.95 5.18739
    endloop
  endfacet
  facet normal -0.430464 0.707108 0.560981
    outer loop
      vertex -1.43813 220 5.11728
      vertex -1.9874 219.2 5.70419
      vertex -1.90436 219.2 5.76791
    endloop
  endfacet
  facet normal -0.430527 0.707112 0.560928
    outer loop
      vertex -1.9874 219.2 5.70419
      vertex -1.43813 220 5.11728
      vertex -1.47964 220 5.08542
    endloop
  endfacet
  facet normal 0.137959 0.70711 0.693515
    outer loop
      vertex 0.59491 220 5.52168
      vertex 0.469193 219.2 6.36237
      vertex 0.776794 219.2 6.30118
    endloop
  endfacet
  facet normal -0.442313 0 0.896861
    outer loop
      vertex -1.55307 219.2 5.9944
      vertex -1.27159 200.95 6.13322
      vertex -1.27159 219.2 6.13322
    endloop
  endfacet
  facet normal -0.442313 0 0.896861
    outer loop
      vertex -1.27159 200.95 6.13322
      vertex -1.55307 219.2 5.9944
      vertex -1.55307 200.95 5.9944
    endloop
  endfacet
  facet normal 0.531626 -0.707109 0.466231
    outer loop
      vertex 2.2973 200.95 5.42331
      vertex 1.71312 200.15 4.87611
      vertex 2.5042 200.95 5.18739
    endloop
  endfacet
  facet normal 0.0923595 -0.707115 0.701041
    outer loop
      vertex 0.365433 200.95 6.37604
      vertex 0.338928 200.15 5.5726
      vertex 0.469193 200.95 6.36237
    endloop
  endfacet
  facet normal 0.312763 -0.707105 0.634178
    outer loop
      vertex 1.27159 200.95 6.13322
      vertex 1.17577 200.15 5.28848
      vertex 1.55307 200.95 5.9944
    endloop
  endfacet
  facet normal 0.353522 -0.707105 0.612393
    outer loop
      vertex 1.55307 200.95 5.9944
      vertex 1.17577 200.15 5.28848
      vertex 1.64365 200.95 5.94211
    endloop
  endfacet
  facet normal -0.653215 0.707114 0.270739
    outer loop
      vertex -2.22415 220 4.09296
      vertex -2.93323 219.2 4.47159
      vertex -2.20416 220 4.14119
    endloop
  endfacet
  facet normal 0.0923452 0.707116 0.701042
    outer loop
      vertex 0.338928 220 5.5726
      vertex 0.286926 220 5.57945
      vertex 0.365433 219.2 6.37604
    endloop
  endfacet
  facet normal 0.0462816 0.707116 0.705582
    outer loop
      vertex 0.286926 220 5.57945
      vertex 0.0260773 220 5.59656
      vertex 0.365433 219.2 6.37604
    endloop
  endfacet
  facet normal 0.392679 0.707335 -0.587776
    outer loop
      vertex 2.79999 219.2 0.107178
      vertex 2.39839 220 0.801605
      vertex 2.88701 219.2 0.165314
    endloop
  endfacet
  facet normal 0.466142 0.707256 -0.531509
    outer loop
      vertex 2.88701 219.2 0.165314
      vertex 2.88203 219.318 0.317964
      vertex 2.92656 219.2 0.2
    endloop
  endfacet
  facet normal 0.465878 0.707361 -0.531599
    outer loop
      vertex 2.88203 219.318 0.317964
      vertex 2.88701 219.2 0.165314
      vertex 2.39839 220 0.801605
    endloop
  endfacet
  facet normal -0.0462816 -0.707116 0.705582
    outer loop
      vertex -0.0260773 200.15 5.59656
      vertex -0.365433 200.95 6.37604
      vertex -0.286926 200.15 5.57945
    endloop
  endfacet
  facet normal -0.0923595 -0.707115 0.701041
    outer loop
      vertex -0.365433 200.95 6.37604
      vertex -0.469193 200.95 6.36237
      vertex -0.338928 200.15 5.5726
    endloop
  endfacet
  facet normal -0.182957 -0.70711 0.683024
    outer loop
      vertex -0.776794 200.95 6.30118
      vertex -0.877853 200.95 6.27411
      vertex -0.645569 200.15 5.50812
    endloop
  endfacet
  facet normal 0.130618 0 0.991433
    outer loop
      vertex 0.365433 219.2 6.37604
      vertex 0.469193 200.95 6.36237
      vertex 0.469193 219.2 6.36237
    endloop
  endfacet
  facet normal 0.130618 0 0.991433
    outer loop
      vertex 0.469193 200.95 6.36237
      vertex 0.365433 219.2 6.37604
      vertex 0.365433 200.95 6.37604
    endloop
  endfacet
  facet normal -0.466213 -0.707109 0.53164
    outer loop
      vertex -1.47964 200.15 5.08542
      vertex -1.9874 200.95 5.70419
      vertex -1.67612 200.15 4.91312
    endloop
  endfacet
  facet normal -0.612378 -0.707103 0.353552
    outer loop
      vertex -2.74211 200.95 4.84364
      vertex -2.7944 200.95 4.75307
      vertex -2.08849 200.15 4.37576
    endloop
  endfacet
  facet normal 0.634186 0.707114 0.312727
    outer loop
      vertex 2.20416 220 4.14119
      vertex 2.08849 220 4.37576
      vertex 2.93323 219.2 4.47159
    endloop
  endfacet
  facet normal -0.653273 0.707108 0.270616
    outer loop
      vertex -2.22415 220 4.09296
      vertex -2.9733 219.2 4.37486
      vertex -2.93323 219.2 4.47159
    endloop
  endfacet
  facet normal 0.270727 0.70711 0.653225
    outer loop
      vertex 0.941193 220 5.40416
      vertex 0.89296 220 5.42415
      vertex 1.27159 219.2 6.13322
    endloop
  endfacet
  facet normal -0.980781 0 -0.195113
    outer loop
      vertex -3.17273 200.95 0.592941
      vertex -3.19315 219.2 0.695587
      vertex -3.17273 219.2 0.592941
    endloop
  endfacet
  facet normal -0.980781 -0 -0.195113
    outer loop
      vertex -3.19315 219.2 0.695587
      vertex -3.17273 200.95 0.592941
      vertex -3.19315 200.95 0.695587
    endloop
  endfacet
  facet normal -0.531628 -0.70711 0.466227
    outer loop
      vertex -1.71312 200.15 4.87611
      vertex -2.5042 200.95 5.18739
      vertex -1.88542 200.15 4.67964
    endloop
  endfacet
  facet normal -0.531626 -0.707109 0.466231
    outer loop
      vertex -2.2973 200.95 5.42331
      vertex -2.5042 200.95 5.18739
      vertex -1.71312 200.15 4.87611
    endloop
  endfacet
  facet normal -0.693524 0.707105 0.137941
    outer loop
      vertex -2.37263 220 3.5388
      vertex -3.10118 219.2 3.97679
      vertex -2.32169 220 3.79491
    endloop
  endfacet
  facet normal -0.693517 0.707108 0.137959
    outer loop
      vertex -2.37263 220 3.5388
      vertex -3.16237 219.2 3.66919
      vertex -3.10118 219.2 3.97679
    endloop
  endfacet
  facet normal -0.991444 0 0.130536
    outer loop
      vertex -3.17603 200.95 3.56544
      vertex -3.16237 219.2 3.66919
      vertex -3.17603 219.2 3.56544
    endloop
  endfacet
  facet normal -0.991444 0 0.130536
    outer loop
      vertex -3.16237 219.2 3.66919
      vertex -3.17603 200.95 3.56544
      vertex -3.16237 200.95 3.66919
    endloop
  endfacet
  facet normal -0.382743 0 0.923855
    outer loop
      vertex -1.27159 219.2 6.13322
      vertex -1.17487 200.95 6.17329
      vertex -1.17487 219.2 6.17329
    endloop
  endfacet
  facet normal -0.382743 0 0.923855
    outer loop
      vertex -1.17487 200.95 6.17329
      vertex -1.27159 219.2 6.13322
      vertex -1.27159 200.95 6.13322
    endloop
  endfacet
  facet normal -0.270641 0.707105 0.653266
    outer loop
      vertex -0.89296 220 5.42415
      vertex -1.27159 219.2 6.13322
      vertex -1.17487 219.2 6.17329
    endloop
  endfacet
  facet normal -0.608768 0 0.793348
    outer loop
      vertex -1.9874 219.2 5.70419
      vertex -1.90436 200.95 5.76791
      vertex -1.90436 219.2 5.76791
    endloop
  endfacet
  facet normal -0.608768 0 0.793348
    outer loop
      vertex -1.90436 200.95 5.76791
      vertex -1.9874 219.2 5.70419
      vertex -1.9874 200.95 5.70419
    endloop
  endfacet
  facet normal 0.182834 -0.707116 0.683051
    outer loop
      vertex 0.776794 200.95 6.30118
      vertex 0.59491 200.15 5.52168
      vertex 0.645569 200.15 5.50812
    endloop
  endfacet
  facet normal -0.499954 0 0.866052
    outer loop
      vertex -1.64365 219.2 5.94211
      vertex -1.55307 200.95 5.9944
      vertex -1.55307 219.2 5.9944
    endloop
  endfacet
  facet normal -0.499954 0 0.866052
    outer loop
      vertex -1.55307 200.95 5.9944
      vertex -1.64365 219.2 5.94211
      vertex -1.64365 200.95 5.94211
    endloop
  endfacet
  facet normal 0.392846 -0.707108 0.587938
    outer loop
      vertex 1.64365 200.95 5.94211
      vertex 1.43813 200.15 5.11728
      vertex 1.90436 200.95 5.76791
    endloop
  endfacet
  facet normal 0.555568 0 0.831471
    outer loop
      vertex 1.64365 219.2 5.94211
      vertex 1.90436 200.95 5.76791
      vertex 1.90436 219.2 5.76791
    endloop
  endfacet
  facet normal 0.555568 0 0.831471
    outer loop
      vertex 1.90436 200.95 5.76791
      vertex 1.64365 219.2 5.94211
      vertex 1.64365 200.95 5.94211
    endloop
  endfacet
  facet normal -0.634186 0.707114 0.312727
    outer loop
      vertex -2.20416 220 4.14119
      vertex -2.93323 219.2 4.47159
      vertex -2.08849 220 4.37576
    endloop
  endfacet
  facet normal 0.312763 0.707105 0.634178
    outer loop
      vertex 1.55307 219.2 5.9944
      vertex 1.17577 220 5.28848
      vertex 1.27159 219.2 6.13322
    endloop
  endfacet
  facet normal -0.531628 0.70711 0.466227
    outer loop
      vertex -1.88542 220 4.67964
      vertex -2.5042 219.2 5.18739
      vertex -1.71312 220 4.87611
    endloop
  endfacet
  facet normal 0.182957 0.70711 0.683024
    outer loop
      vertex 0.877853 219.2 6.27411
      vertex 0.645569 220 5.50812
      vertex 0.776794 219.2 6.30118
    endloop
  endfacet
  facet normal -0.634186 -0.707114 0.312727
    outer loop
      vertex -2.08849 200.15 4.37576
      vertex -2.93323 200.95 4.47159
      vertex -2.20416 200.15 4.14119
    endloop
  endfacet
  facet normal -0.612295 -0.70711 0.35368
    outer loop
      vertex -2.06241 200.15 4.42091
      vertex -2.74211 200.95 4.84364
      vertex -2.08849 200.15 4.37576
    endloop
  endfacet
  facet normal -0.923869 0 0.382709
    outer loop
      vertex -2.9733 200.95 4.37486
      vertex -2.93323 219.2 4.47159
      vertex -2.9733 219.2 4.37486
    endloop
  endfacet
  facet normal -0.923869 0 0.382709
    outer loop
      vertex -2.93323 219.2 4.47159
      vertex -2.9733 200.95 4.37486
      vertex -2.93323 200.95 4.47159
    endloop
  endfacet
  facet normal -0.965947 0 0.258739
    outer loop
      vertex -3.10118 200.95 3.97679
      vertex -3.07411 219.2 4.07785
      vertex -3.10118 219.2 3.97679
    endloop
  endfacet
  facet normal -0.965947 0 0.258739
    outer loop
      vertex -3.07411 219.2 4.07785
      vertex -3.10118 200.95 3.97679
      vertex -3.07411 200.95 4.07785
    endloop
  endfacet
  facet normal -0.392836 0.70711 0.587942
    outer loop
      vertex -1.43813 220 5.11728
      vertex -1.64365 219.2 5.94211
      vertex -1.22092 220 5.26241
    endloop
  endfacet
  facet normal 0.258742 0 0.965947
    outer loop
      vertex 0.776794 219.2 6.30118
      vertex 0.877853 200.95 6.27411
      vertex 0.877853 219.2 6.27411
    endloop
  endfacet
  facet normal 0.258742 0 0.965947
    outer loop
      vertex 0.877853 200.95 6.27411
      vertex 0.776794 219.2 6.30118
      vertex 0.776794 200.95 6.30118
    endloop
  endfacet
  facet normal 0.137922 0.707181 -0.69345
    outer loop
      vertex 2.50441 219.2 0.0068512
      vertex 2.39839 220 0.801605
      vertex 2.60706 219.2 0.0272675
    endloop
  endfacet
  facet normal 0.0461376 0.707107 -0.705599
    outer loop
      vertex 2.39999 219.2 0
      vertex 2.37389 220 0.800003
      vertex 2.39839 220 0.801605
    endloop
  endfacet
  facet normal 0.555511 0 -0.831509
    outer loop
      vertex 2.79999 219.2 0.107178
      vertex 2.88701 219.165 0.165314
      vertex 2.79999 219.107 0.107178
    endloop
  endfacet
  facet normal 0.555511 0 -0.831509
    outer loop
      vertex 2.88701 219.165 0.165314
      vertex 2.79999 219.2 0.107178
      vertex 2.88701 219.2 0.165314
    endloop
  endfacet
  facet normal 0.533677 0.707258 -0.463654
    outer loop
      vertex 2.88203 219.318 0.317964
      vertex 2.39839 220 0.801605
      vertex 2.8038 219.49 0.490288
    endloop
  endfacet
  facet normal -0.195104 0 0.980783
    outer loop
      vertex -0.776794 219.2 6.30118
      vertex -0.469193 200.95 6.36237
      vertex -0.469193 219.2 6.36237
    endloop
  endfacet
  facet normal -0.195104 0 0.980783
    outer loop
      vertex -0.469193 200.95 6.36237
      vertex -0.776794 219.2 6.30118
      vertex -0.776794 200.95 6.30118
    endloop
  endfacet
  facet normal -0.130618 0 0.991433
    outer loop
      vertex -0.469193 219.2 6.36237
      vertex -0.365433 200.95 6.37604
      vertex -0.365433 219.2 6.37604
    endloop
  endfacet
  facet normal -0.130618 0 0.991433
    outer loop
      vertex -0.365433 200.95 6.37604
      vertex -0.469193 219.2 6.36237
      vertex -0.469193 200.95 6.36237
    endloop
  endfacet
  facet normal 0.0462416 -0.707108 0.705591
    outer loop
      vertex 0.0523224 200.95 6.39656
      vertex 0.0260773 200.15 5.59656
      vertex 0.365433 200.95 6.37604
    endloop
  endfacet
  facet normal 0.0653957 0 0.997859
    outer loop
      vertex 0.0523224 219.2 6.39656
      vertex 0.365433 200.95 6.37604
      vertex 0.365433 219.2 6.37604
    endloop
  endfacet
  facet normal 0.0653957 0 0.997859
    outer loop
      vertex 0.365433 200.95 6.37604
      vertex 0.0523224 219.2 6.39656
      vertex 0.0523224 200.95 6.39656
    endloop
  endfacet
  facet normal -0.793348 0 0.608768
    outer loop
      vertex -2.56792 200.95 5.10435
      vertex -2.5042 219.2 5.18739
      vertex -2.56792 219.2 5.10435
    endloop
  endfacet
  facet normal -0.793348 0 0.608768
    outer loop
      vertex -2.5042 219.2 5.18739
      vertex -2.56792 200.95 5.10435
      vertex -2.5042 200.95 5.18739
    endloop
  endfacet
  facet normal -0.587942 -0.70711 0.392836
    outer loop
      vertex -1.91728 200.15 4.63812
      vertex -2.74211 200.95 4.84364
      vertex -2.06241 200.15 4.42091
    endloop
  endfacet
  facet normal -0.182834 -0.707116 0.683051
    outer loop
      vertex -0.59491 200.15 5.52168
      vertex -0.776794 200.95 6.30118
      vertex -0.645569 200.15 5.50812
    endloop
  endfacet
  facet normal -0.693524 -0.707105 0.137941
    outer loop
      vertex -2.32169 200.15 3.79491
      vertex -3.10118 200.95 3.97679
      vertex -2.37263 200.15 3.5388
    endloop
  endfacet
  facet normal -0.683025 -0.707109 0.182958
    outer loop
      vertex -2.30812 200.15 3.84557
      vertex -3.10118 200.95 3.97679
      vertex -2.32169 200.15 3.79491
    endloop
  endfacet
  facet normal -0.560978 0.707111 0.430462
    outer loop
      vertex -1.88542 220 4.67964
      vertex -2.56792 219.2 5.10435
      vertex -2.5042 219.2 5.18739
    endloop
  endfacet
  facet normal -0.560978 0.707111 0.430462
    outer loop
      vertex -2.56792 219.2 5.10435
      vertex -1.88542 220 4.67964
      vertex -1.91728 220 4.63812
    endloop
  endfacet
  facet normal -0.270727 -0.70711 0.653225
    outer loop
      vertex -0.89296 200.15 5.42415
      vertex -1.27159 200.95 6.13322
      vertex -0.941193 200.15 5.40416
    endloop
  endfacet
  facet normal -0.270641 -0.707105 0.653266
    outer loop
      vertex -1.17487 200.95 6.17329
      vertex -1.27159 200.95 6.13322
      vertex -0.89296 200.15 5.42415
    endloop
  endfacet
  facet normal 0.531628 0.70711 0.466227
    outer loop
      vertex 1.88542 220 4.67964
      vertex 1.71312 220 4.87611
      vertex 2.5042 219.2 5.18739
    endloop
  endfacet
  facet normal 0 -1 0
    outer loop
      vertex 0 200.15 4.50814
      vertex -0.0260773 200.15 5.59656
      vertex -0.286926 200.15 5.57945
    endloop
  endfacet
  facet normal 0 -1 0
    outer loop
      vertex -0.0260773 200.15 5.59656
      vertex 0 200.15 4.50814
      vertex 0.0260773 200.15 5.59656
    endloop
  endfacet
  facet normal 0 -1 0
    outer loop
      vertex 0 200.15 4.50814
      vertex -0.286926 200.15 5.57945
      vertex -0.338928 200.15 5.5726
    endloop
  endfacet
  facet normal 0 -1 -0
    outer loop
      vertex 0.0260773 200.15 5.59656
      vertex 0 200.15 4.50814
      vertex 0.286926 200.15 5.57945
    endloop
  endfacet
  facet normal 0 -1 0
    outer loop
      vertex 0 200.15 4.50814
      vertex -0.338928 200.15 5.5726
      vertex -0.59491 200.15 5.52168
    endloop
  endfacet
  facet normal 0 -1 -0
    outer loop
      vertex 0.286926 200.15 5.57945
      vertex 0 200.15 4.50814
      vertex 0.338928 200.15 5.5726
    endloop
  endfacet
  facet normal 0 -1 0
    outer loop
      vertex 0 200.15 4.50814
      vertex -0.59491 200.15 5.52168
      vertex -0.645569 200.15 5.50812
    endloop
  endfacet
  facet normal 0 -1 -0
    outer loop
      vertex 0.338928 200.15 5.5726
      vertex 0 200.15 4.50814
      vertex 0.59491 200.15 5.52168
    endloop
  endfacet
  facet normal 0 -1 0
    outer loop
      vertex 0 200.15 4.50814
      vertex -0.645569 200.15 5.50812
      vertex -0.89296 200.15 5.42415
    endloop
  endfacet
  facet normal 0 -1 -0
    outer loop
      vertex 0.59491 200.15 5.52168
      vertex 0 200.15 4.50814
      vertex 0.645569 200.15 5.50812
    endloop
  endfacet
  facet normal 0 -1 0
    outer loop
      vertex 0 200.15 4.50814
      vertex -0.89296 200.15 5.42415
      vertex -0.941193 200.15 5.40416
    endloop
  endfacet
  facet normal 0 -1 -0
    outer loop
      vertex 0.645569 200.15 5.50812
      vertex 0 200.15 4.50814
      vertex 0.89296 200.15 5.42415
    endloop
  endfacet
  facet normal 0 -1 0
    outer loop
      vertex 0 200.15 4.50814
      vertex -0.941193 200.15 5.40416
      vertex -1.17577 200.15 5.28848
    endloop
  endfacet
  facet normal 0 -1 -0
    outer loop
      vertex 0.89296 200.15 5.42415
      vertex 0 200.15 4.50814
      vertex 0.941193 200.15 5.40416
    endloop
  endfacet
  facet normal 0 -1 0
    outer loop
      vertex -0.654068 200.15 3.85407
      vertex -1.17577 200.15 5.28848
      vertex -1.22092 200.15 5.26241
    endloop
  endfacet
  facet normal 0 -1 -0
    outer loop
      vertex 0.941193 200.15 5.40416
      vertex 0 200.15 4.50814
      vertex 1.17577 200.15 5.28848
    endloop
  endfacet
  facet normal 0 -1 0
    outer loop
      vertex -0.654068 200.15 3.85407
      vertex -1.22092 200.15 5.26241
      vertex -1.43813 200.15 5.11728
    endloop
  endfacet
  facet normal 0 -1 0
    outer loop
      vertex 0.654068 200.15 3.85407
      vertex 1.17577 200.15 5.28848
      vertex 0 200.15 4.50814
    endloop
  endfacet
  facet normal 0 -1 0
    outer loop
      vertex -0.654068 200.15 3.85407
      vertex -1.43813 200.15 5.11728
      vertex -1.47964 200.15 5.08542
    endloop
  endfacet
  facet normal 0 -1 -0
    outer loop
      vertex 1.17577 200.15 5.28848
      vertex 0.654068 200.15 3.85407
      vertex 1.22092 200.15 5.26241
    endloop
  endfacet
  facet normal 0 -1 0
    outer loop
      vertex -0.654068 200.15 3.85407
      vertex -1.47964 200.15 5.08542
      vertex -1.67612 200.15 4.91312
    endloop
  endfacet
  facet normal 0 -1 -0
    outer loop
      vertex 1.22092 200.15 5.26241
      vertex 0.654068 200.15 3.85407
      vertex 1.43813 200.15 5.11728
    endloop
  endfacet
  facet normal 0 -1 0
    outer loop
      vertex -0.654068 200.15 3.85407
      vertex -1.67612 200.15 4.91312
      vertex -1.71312 200.15 4.87611
    endloop
  endfacet
  facet normal 0 -1 -0
    outer loop
      vertex 1.43813 200.15 5.11728
      vertex 0.654068 200.15 3.85407
      vertex 1.47964 200.15 5.08542
    endloop
  endfacet
  facet normal 0 -1 0
    outer loop
      vertex -0.654068 200.15 3.85407
      vertex -1.71312 200.15 4.87611
      vertex -1.88542 200.15 4.67964
    endloop
  endfacet
  facet normal 0 -1 -0
    outer loop
      vertex 1.47964 200.15 5.08542
      vertex 0.654068 200.15 3.85407
      vertex 1.67612 200.15 4.91312
    endloop
  endfacet
  facet normal 0 -1 0
    outer loop
      vertex -0.733841 200.15 3.76309
      vertex -1.88542 200.15 4.67964
      vertex -1.91728 200.15 4.63812
    endloop
  endfacet
  facet normal 0 -1 -0
    outer loop
      vertex 1.67612 200.15 4.91312
      vertex 0.654068 200.15 3.85407
      vertex 1.71312 200.15 4.87611
    endloop
  endfacet
  facet normal 0 -1 -0
    outer loop
      vertex 1.71312 200.15 4.87611
      vertex 0.654068 200.15 3.85407
      vertex 1.88542 200.15 4.67964
    endloop
  endfacet
  facet normal 0 -1 0
    outer loop
      vertex -0.733841 200.15 3.76309
      vertex -1.91728 200.15 4.63812
      vertex -2.06241 200.15 4.42091
    endloop
  endfacet
  facet normal 0 -1 0
    outer loop
      vertex -0.801071 200.15 3.66249
      vertex -2.06241 200.15 4.42091
      vertex -2.08849 200.15 4.37576
    endloop
  endfacet
  facet normal 0 -1 0
    outer loop
      vertex -0.801071 200.15 3.66249
      vertex -2.08849 200.15 4.37576
      vertex -2.20416 200.15 4.14119
    endloop
  endfacet
  facet normal 0 -1 0
    outer loop
      vertex -0.854584 200.15 3.55397
      vertex -2.20416 200.15 4.14119
      vertex -2.22415 200.15 4.09296
    endloop
  endfacet
  facet normal 0 -1 0
    outer loop
      vertex -1.17577 200.15 5.28848
      vertex -0.654068 200.15 3.85407
      vertex 0 200.15 4.50814
    endloop
  endfacet
  facet normal 0 -1 0
    outer loop
      vertex -0.854584 200.15 3.55397
      vertex -2.22415 200.15 4.09296
      vertex -2.30812 200.15 3.84557
    endloop
  endfacet
  facet normal 0 -1 0
    outer loop
      vertex -0.893478 200.15 3.43939
      vertex -2.30812 200.15 3.84557
      vertex -2.32169 200.15 3.79491
    endloop
  endfacet
  facet normal 0 -1 0
    outer loop
      vertex -1.88542 200.15 4.67964
      vertex -0.733841 200.15 3.76309
      vertex -0.654068 200.15 3.85407
    endloop
  endfacet
  facet normal 0 -1 0
    outer loop
      vertex -2.06241 200.15 4.42091
      vertex -0.801071 200.15 3.66249
      vertex -0.733841 200.15 3.76309
    endloop
  endfacet
  facet normal 0 -1 0
    outer loop
      vertex -2.20416 200.15 4.14119
      vertex -0.854584 200.15 3.55397
      vertex -0.801071 200.15 3.66249
    endloop
  endfacet
  facet normal 0 -1 0
    outer loop
      vertex -0.893478 200.15 3.43939
      vertex -2.32169 200.15 3.79491
      vertex -2.37263 200.15 3.5388
    endloop
  endfacet
  facet normal 0 -1 0
    outer loop
      vertex -0.917084 200.15 3.32073
      vertex -2.37263 200.15 3.5388
      vertex -2.37946 200.15 3.48695
    endloop
  endfacet
  facet normal 0 -1 0
    outer loop
      vertex -2.30812 200.15 3.84557
      vertex -0.893478 200.15 3.43939
      vertex -0.854584 200.15 3.55397
    endloop
  endfacet
  facet normal 0 -1 0
    outer loop
      vertex -2.37263 200.15 3.5388
      vertex -0.917084 200.15 3.32073
      vertex -0.893478 200.15 3.43939
    endloop
  endfacet
  facet normal 0 -1 0
    outer loop
      vertex -2.37946 200.15 3.48695
      vertex -0.924988 200.15 3.2
      vertex -0.917084 200.15 3.32073
    endloop
  endfacet
  facet normal 0 -1 0
    outer loop
      vertex -2.39914 200.15 3.18678
      vertex -0.924988 200.15 3.2
      vertex -2.37946 200.15 3.48695
    endloop
  endfacet
  facet normal 0 -1 0
    outer loop
      vertex -2.39999 200.15 3.16084
      vertex -0.924988 200.15 3.2
      vertex -2.39914 200.15 3.18678
    endloop
  endfacet
  facet normal 0 -1 0
    outer loop
      vertex -2.39999 200.15 3.16084
      vertex -0.917084 200.15 3.07927
      vertex -0.924988 200.15 3.2
    endloop
  endfacet
  facet normal 0 -1 0
    outer loop
      vertex -2.39999 200.15 3.16084
      vertex -0.893478 200.15 2.9606
      vertex -0.917084 200.15 3.07927
    endloop
  endfacet
  facet normal 0 -1 0
    outer loop
      vertex -2.39999 200.15 3.16084
      vertex -0.854584 200.15 2.84603
      vertex -0.893478 200.15 2.9606
    endloop
  endfacet
  facet normal 0 -1 0
    outer loop
      vertex -2.39999 200.15 3.16084
      vertex -0.801071 200.15 2.73751
      vertex -0.854584 200.15 2.84603
    endloop
  endfacet
  facet normal 0 -1 0
    outer loop
      vertex -2.39999 200.15 0.826111
      vertex -0.801071 200.15 2.73751
      vertex -2.39999 200.15 3.16084
    endloop
  endfacet
  facet normal 0 -1 -0
    outer loop
      vertex -0.801071 200.15 2.73751
      vertex -2.39999 200.15 0.826111
      vertex -0.733841 200.15 2.6369
    endloop
  endfacet
  facet normal 0 -1 -0
    outer loop
      vertex -0.733841 200.15 2.6369
      vertex -2.39999 200.15 0.826111
      vertex -0.654068 200.15 2.54593
    endloop
  endfacet
  facet normal 0 -1 0
    outer loop
      vertex -2.37389 200.15 0.800003
      vertex -0.654068 200.15 2.54593
      vertex -2.39999 200.15 0.826111
    endloop
  endfacet
  facet normal 0 -1 -0
    outer loop
      vertex -0.654068 200.15 2.54593
      vertex -2.37389 200.15 0.800003
      vertex -0.563095 200.15 2.46616
    endloop
  endfacet
  facet normal 0 -1 0
    outer loop
      vertex -0.353973 200.15 2.34542
      vertex 0.199997 200.15 0.800003
      vertex -0.239395 200.15 2.30652
    endloop
  endfacet
  facet normal 0 -1 0
    outer loop
      vertex -0.462494 200.15 2.39893
      vertex 0.199997 200.15 0.800003
      vertex -0.353973 200.15 2.34542
    endloop
  endfacet
  facet normal 0 -1 0
    outer loop
      vertex 0.199997 200.15 0.800003
      vertex -0.462494 200.15 2.39893
      vertex -2.37389 200.15 0.800003
    endloop
  endfacet
  facet normal 0 -1 -0
    outer loop
      vertex -0.563095 200.15 2.46616
      vertex -2.37389 200.15 0.800003
      vertex -0.462494 200.15 2.39893
    endloop
  endfacet
  facet normal 0 -1 0
    outer loop
      vertex 0.733841 200.15 3.76309
      vertex 1.88542 200.15 4.67964
      vertex 0.654068 200.15 3.85407
    endloop
  endfacet
  facet normal 0 -1 -0
    outer loop
      vertex 1.88542 200.15 4.67964
      vertex 0.733841 200.15 3.76309
      vertex 1.91728 200.15 4.63812
    endloop
  endfacet
  facet normal 0 -1 -0
    outer loop
      vertex 1.91728 200.15 4.63812
      vertex 0.733841 200.15 3.76309
      vertex 2.06241 200.15 4.42091
    endloop
  endfacet
  facet normal 0 -1 0
    outer loop
      vertex 0.801071 200.15 3.66249
      vertex 2.06241 200.15 4.42091
      vertex 0.733841 200.15 3.76309
    endloop
  endfacet
  facet normal 0 -1 -0
    outer loop
      vertex 2.06241 200.15 4.42091
      vertex 0.801071 200.15 3.66249
      vertex 2.08849 200.15 4.37576
    endloop
  endfacet
  facet normal 0 -1 -0
    outer loop
      vertex 2.08849 200.15 4.37576
      vertex 0.801071 200.15 3.66249
      vertex 2.20416 200.15 4.14119
    endloop
  endfacet
  facet normal 0 -1 0
    outer loop
      vertex 0.854584 200.15 3.55397
      vertex 2.20416 200.15 4.14119
      vertex 0.801071 200.15 3.66249
    endloop
  endfacet
  facet normal 0 -1 -0
    outer loop
      vertex 2.20416 200.15 4.14119
      vertex 0.854584 200.15 3.55397
      vertex 2.22415 200.15 4.09296
    endloop
  endfacet
  facet normal 0 -1 -0
    outer loop
      vertex 2.22415 200.15 4.09296
      vertex 0.854584 200.15 3.55397
      vertex 2.2557 200.15 4
    endloop
  endfacet
  facet normal 0 -1 0
    outer loop
      vertex 0.893478 200.15 3.43939
      vertex 2.2557 200.15 4
      vertex 0.854584 200.15 3.55397
    endloop
  endfacet
  facet normal 0 -1 0
    outer loop
      vertex 0.917084 200.15 3.32073
      vertex 2.2557 200.15 4
      vertex 0.893478 200.15 3.43939
    endloop
  endfacet
  facet normal 0 -1 0
    outer loop
      vertex 0.924988 200.15 3.2
      vertex 2.2557 200.15 4
      vertex 0.917084 200.15 3.32073
    endloop
  endfacet
  facet normal 0 -1 0
    outer loop
      vertex 0.917084 200.15 3.07927
      vertex 2.2557 200.15 4
      vertex 0.924988 200.15 3.2
    endloop
  endfacet
  facet normal 0 -1 0
    outer loop
      vertex 0.893478 200.15 2.9606
      vertex 2.2557 200.15 4
      vertex 0.917084 200.15 3.07927
    endloop
  endfacet
  facet normal 0 -1 0
    outer loop
      vertex 0.854584 200.15 2.84603
      vertex 2.2557 200.15 4
      vertex 0.893478 200.15 2.9606
    endloop
  endfacet
  facet normal 0 -1 0
    outer loop
      vertex 0.801071 200.15 2.73751
      vertex 2.2557 200.15 4
      vertex 0.854584 200.15 2.84603
    endloop
  endfacet
  facet normal 0 -1 0
    outer loop
      vertex 2.2557 200.15 4
      vertex 0.801071 200.15 2.73751
      vertex 1 200.15 0
    endloop
  endfacet
  facet normal 0 -1 0
    outer loop
      vertex 1 200.15 0
      vertex 0.801071 200.15 2.73751
      vertex 0.733841 200.15 2.6369
    endloop
  endfacet
  facet normal 0 -1 0
    outer loop
      vertex 1 200.15 0
      vertex 0.733841 200.15 2.6369
      vertex 0.654068 200.15 2.54593
    endloop
  endfacet
  facet normal 0 -1 0
    outer loop
      vertex 1 200.15 0
      vertex 0.654068 200.15 2.54593
      vertex 0.563095 200.15 2.46616
    endloop
  endfacet
  facet normal 0 -1 0
    outer loop
      vertex 0.199997 200.15 0.800003
      vertex 0.563095 200.15 2.46616
      vertex 0.462494 200.15 2.39893
    endloop
  endfacet
  facet normal 0 -1 0
    outer loop
      vertex 0.199997 200.15 0.800003
      vertex 0.462494 200.15 2.39893
      vertex 0.353973 200.15 2.34542
    endloop
  endfacet
  facet normal 0 -1 0
    outer loop
      vertex 0.199997 200.15 0.800003
      vertex 0.353973 200.15 2.34542
      vertex 0.239395 200.15 2.30652
    endloop
  endfacet
  facet normal 0 -1 0
    outer loop
      vertex -0.239395 200.15 2.30652
      vertex 0.199997 200.15 0.800003
      vertex -0.120728 200.15 2.28292
    endloop
  endfacet
  facet normal 0 -1 0
    outer loop
      vertex -0.120728 200.15 2.28292
      vertex 0.199997 200.15 0.800003
      vertex 0 200.15 2.27501
    endloop
  endfacet
  facet normal 0 -1 0
    outer loop
      vertex 0 200.15 2.27501
      vertex 0.199997 200.15 0.800003
      vertex 0.120728 200.15 2.28292
    endloop
  endfacet
  facet normal 0 -1 0
    outer loop
      vertex -2.37389 200.15 0.800003
      vertex -2.39999 200.15 0.826111
      vertex -2.39839 200.15 0.801605
    endloop
  endfacet
  facet normal 0 -1 0
    outer loop
      vertex 0.120728 200.15 2.28292
      vertex 0.199997 200.15 0.800003
      vertex 0.239395 200.15 2.30652
    endloop
  endfacet
  facet normal 0 -1 -0
    outer loop
      vertex 0.563095 200.15 2.46616
      vertex 0.199997 200.15 0.800003
      vertex 1 200.15 0
    endloop
  endfacet
  facet normal 0 -1 -0
    outer loop
      vertex 2.2557 200.15 4
      vertex 1 200.15 0
      vertex 6.7 200.15 0
    endloop
  endfacet
  facet normal 0 -1 0
    outer loop
      vertex 2.2557 200.15 4
      vertex 6.7 200.15 0
      vertex 6.7 200.15 4
    endloop
  endfacet
  facet normal 0.312679 0.7073 -0.634002
    outer loop
      vertex 2.70615 219.2 0.0608978
      vertex 2.39839 220 0.801605
      vertex 2.79999 219.2 0.107178
    endloop
  endfacet
  facet normal 0.583138 0.707383 -0.399449
    outer loop
      vertex 2.8038 219.49 0.490288
      vertex 2.39839 220 0.801605
      vertex 2.7442 219.602 0.601621
    endloop
  endfacet
  facet normal 0.63269 0.707707 -0.31441
    outer loop
      vertex 2.7442 219.602 0.601621
      vertex 2.39839 220 0.801605
      vertex 2.69693 219.678 0.677568
    endloop
  endfacet
  facet normal -0.751834 0 0.659353
    outer loop
      vertex -2.5042 200.95 5.18739
      vertex -2.2973 219.2 5.42331
      vertex -2.5042 219.2 5.18739
    endloop
  endfacet
  facet normal -0.751834 0 0.659353
    outer loop
      vertex -2.2973 219.2 5.42331
      vertex -2.5042 200.95 5.18739
      vertex -2.2973 200.95 5.42331
    endloop
  endfacet
  facet normal -0.866028 0 0.499996
    outer loop
      vertex -2.7944 200.95 4.75307
      vertex -2.74211 219.2 4.84364
      vertex -2.7944 219.2 4.75307
    endloop
  endfacet
  facet normal -0.866028 0 0.499996
    outer loop
      vertex -2.74211 219.2 4.84364
      vertex -2.7944 200.95 4.75307
      vertex -2.74211 200.95 4.84364
    endloop
  endfacet
  facet normal 0.353579 0.707108 0.612356
    outer loop
      vertex 1.22092 220 5.26241
      vertex 1.17577 220 5.28848
      vertex 1.64365 219.2 5.94211
    endloop
  endfacet
  facet normal -0.683025 0.707109 0.182956
    outer loop
      vertex -2.30812 220 3.84557
      vertex -3.10118 219.2 3.97679
      vertex -3.07411 219.2 4.07785
    endloop
  endfacet
  facet normal -0.683025 0.707109 0.182958
    outer loop
      vertex -2.32169 220 3.79491
      vertex -3.10118 219.2 3.97679
      vertex -2.30812 220 3.84557
    endloop
  endfacet
  facet normal 0 1 0
    outer loop
      vertex 2.39999 220 1
      vertex 2.39999 220 3
      vertex 154 220 3
    endloop
  endfacet
  facet normal -0 1 0
    outer loop
      vertex 0.733841 220 2.6369
      vertex 2.39999 220 3
      vertex 2.39999 220 1
    endloop
  endfacet
  facet normal 0 1 0
    outer loop
      vertex 2.39999 220 3
      vertex 0.854584 220 2.84603
      vertex 0.893478 220 2.9606
    endloop
  endfacet
  facet normal 0 1 0
    outer loop
      vertex 2.39999 220 3
      vertex 0.801071 220 2.73751
      vertex 0.854584 220 2.84603
    endloop
  endfacet
  facet normal 0 1 0
    outer loop
      vertex 2.39999 220 3
      vertex 0.733841 220 2.6369
      vertex 0.801071 220 2.73751
    endloop
  endfacet
  facet normal 0 1 0
    outer loop
      vertex 0.733841 220 2.6369
      vertex 2.39999 220 1
      vertex 0.654068 220 2.54593
    endloop
  endfacet
  facet normal 0 1 0
    outer loop
      vertex 0.654068 220 2.54593
      vertex 2.39999 220 1
      vertex 0.563095 220 2.46616
    endloop
  endfacet
  facet normal 0 1 0
    outer loop
      vertex 0.563095 220 2.46616
      vertex 2.39999 220 1
      vertex 0.462494 220 2.39893
    endloop
  endfacet
  facet normal 0 1 0
    outer loop
      vertex 0.462494 220 2.39893
      vertex 2.39999 220 1
      vertex 0.353973 220 2.34542
    endloop
  endfacet
  facet normal 0 1 -0
    outer loop
      vertex 2.37389 220 0.800003
      vertex 0.353973 220 2.34542
      vertex 2.39999 220 1
    endloop
  endfacet
  facet normal 0 1 0
    outer loop
      vertex 0.353973 220 2.34542
      vertex 2.37389 220 0.800003
      vertex 0.239395 220 2.30652
    endloop
  endfacet
  facet normal 0 1 0
    outer loop
      vertex 2.39999 220 1
      vertex 154 220 3
      vertex 154 220 1
    endloop
  endfacet
  facet normal 0 1 0
    outer loop
      vertex 0 220 4.50814
      vertex 0.0260773 220 5.59656
      vertex 0.286926 220 5.57945
    endloop
  endfacet
  facet normal 0 1 0
    outer loop
      vertex 0.0260773 220 5.59656
      vertex 0 220 4.50814
      vertex -0.0260773 220 5.59656
    endloop
  endfacet
  facet normal 0 1 0
    outer loop
      vertex 0 220 4.50814
      vertex 0.286926 220 5.57945
      vertex 0.338928 220 5.5726
    endloop
  endfacet
  facet normal 0 1 0
    outer loop
      vertex -0.0260773 220 5.59656
      vertex 0 220 4.50814
      vertex -0.286926 220 5.57945
    endloop
  endfacet
  facet normal 0 1 0
    outer loop
      vertex 0 220 4.50814
      vertex 0.338928 220 5.5726
      vertex 0.59491 220 5.52168
    endloop
  endfacet
  facet normal 0 1 0
    outer loop
      vertex -0.286926 220 5.57945
      vertex 0 220 4.50814
      vertex -0.338928 220 5.5726
    endloop
  endfacet
  facet normal 0 1 0
    outer loop
      vertex 0 220 4.50814
      vertex 0.59491 220 5.52168
      vertex 0.645569 220 5.50812
    endloop
  endfacet
  facet normal 0 1 0
    outer loop
      vertex -0.338928 220 5.5726
      vertex 0 220 4.50814
      vertex -0.59491 220 5.52168
    endloop
  endfacet
  facet normal 0 1 0
    outer loop
      vertex 0 220 4.50814
      vertex 0.645569 220 5.50812
      vertex 0.89296 220 5.42415
    endloop
  endfacet
  facet normal 0 1 0
    outer loop
      vertex -0.59491 220 5.52168
      vertex 0 220 4.50814
      vertex -0.645569 220 5.50812
    endloop
  endfacet
  facet normal 0 1 0
    outer loop
      vertex 0 220 4.50814
      vertex 0.89296 220 5.42415
      vertex 0.941193 220 5.40416
    endloop
  endfacet
  facet normal 0 1 0
    outer loop
      vertex -0.645569 220 5.50812
      vertex 0 220 4.50814
      vertex -0.89296 220 5.42415
    endloop
  endfacet
  facet normal 0 1 0
    outer loop
      vertex 0 220 4.50814
      vertex 0.941193 220 5.40416
      vertex 1.17577 220 5.28848
    endloop
  endfacet
  facet normal 0 1 0
    outer loop
      vertex -0.89296 220 5.42415
      vertex 0 220 4.50814
      vertex -0.941193 220 5.40416
    endloop
  endfacet
  facet normal 0 1 0
    outer loop
      vertex 0.654068 220 3.85407
      vertex 1.17577 220 5.28848
      vertex 1.22092 220 5.26241
    endloop
  endfacet
  facet normal 0 1 0
    outer loop
      vertex -0.941193 220 5.40416
      vertex 0 220 4.50814
      vertex -1.17577 220 5.28848
    endloop
  endfacet
  facet normal 0 1 0
    outer loop
      vertex 0.654068 220 3.85407
      vertex 1.22092 220 5.26241
      vertex 1.43813 220 5.11728
    endloop
  endfacet
  facet normal 0 1 -0
    outer loop
      vertex -0.654068 220 3.85407
      vertex -1.17577 220 5.28848
      vertex 0 220 4.50814
    endloop
  endfacet
  facet normal 0 1 0
    outer loop
      vertex 0.654068 220 3.85407
      vertex 1.43813 220 5.11728
      vertex 1.47964 220 5.08542
    endloop
  endfacet
  facet normal 0 1 0
    outer loop
      vertex -1.17577 220 5.28848
      vertex -0.654068 220 3.85407
      vertex -1.22092 220 5.26241
    endloop
  endfacet
  facet normal 0 1 0
    outer loop
      vertex 0.654068 220 3.85407
      vertex 1.47964 220 5.08542
      vertex 1.67612 220 4.91312
    endloop
  endfacet
  facet normal 0 1 0
    outer loop
      vertex -1.22092 220 5.26241
      vertex -0.654068 220 3.85407
      vertex -1.43813 220 5.11728
    endloop
  endfacet
  facet normal 0 1 0
    outer loop
      vertex 0.654068 220 3.85407
      vertex 1.67612 220 4.91312
      vertex 1.71312 220 4.87611
    endloop
  endfacet
  facet normal 0 1 0
    outer loop
      vertex -1.43813 220 5.11728
      vertex -0.654068 220 3.85407
      vertex -1.47964 220 5.08542
    endloop
  endfacet
  facet normal 0 1 0
    outer loop
      vertex 0.654068 220 3.85407
      vertex 1.71312 220 4.87611
      vertex 1.88542 220 4.67964
    endloop
  endfacet
  facet normal 0 1 0
    outer loop
      vertex -1.47964 220 5.08542
      vertex -0.654068 220 3.85407
      vertex -1.67612 220 4.91312
    endloop
  endfacet
  facet normal 0 1 0
    outer loop
      vertex 0.733841 220 3.76309
      vertex 1.88542 220 4.67964
      vertex 1.91728 220 4.63812
    endloop
  endfacet
  facet normal 0 1 0
    outer loop
      vertex -1.67612 220 4.91312
      vertex -0.654068 220 3.85407
      vertex -1.71312 220 4.87611
    endloop
  endfacet
  facet normal 0 1 0
    outer loop
      vertex -1.71312 220 4.87611
      vertex -0.654068 220 3.85407
      vertex -1.88542 220 4.67964
    endloop
  endfacet
  facet normal 0 1 0
    outer loop
      vertex 0.733841 220 3.76309
      vertex 1.91728 220 4.63812
      vertex 2.06241 220 4.42091
    endloop
  endfacet
  facet normal 0 1 0
    outer loop
      vertex 0.801071 220 3.66249
      vertex 2.06241 220 4.42091
      vertex 2.08849 220 4.37576
    endloop
  endfacet
  facet normal 0 1 0
    outer loop
      vertex 0.801071 220 3.66249
      vertex 2.08849 220 4.37576
      vertex 2.20416 220 4.14119
    endloop
  endfacet
  facet normal 0 1 0
    outer loop
      vertex 0.854584 220 3.55397
      vertex 2.20416 220 4.14119
      vertex 2.22415 220 4.09296
    endloop
  endfacet
  facet normal 0 1 0
    outer loop
      vertex 1.17577 220 5.28848
      vertex 0.654068 220 3.85407
      vertex 0 220 4.50814
    endloop
  endfacet
  facet normal 0 1 0
    outer loop
      vertex 0.854584 220 3.55397
      vertex 2.22415 220 4.09296
      vertex 2.30812 220 3.84557
    endloop
  endfacet
  facet normal 0 1 0
    outer loop
      vertex 0.893478 220 3.43939
      vertex 2.30812 220 3.84557
      vertex 2.32169 220 3.79491
    endloop
  endfacet
  facet normal 0 1 0
    outer loop
      vertex 1.88542 220 4.67964
      vertex 0.733841 220 3.76309
      vertex 0.654068 220 3.85407
    endloop
  endfacet
  facet normal 0 1 0
    outer loop
      vertex 2.06241 220 4.42091
      vertex 0.801071 220 3.66249
      vertex 0.733841 220 3.76309
    endloop
  endfacet
  facet normal 0 1 0
    outer loop
      vertex 2.20416 220 4.14119
      vertex 0.854584 220 3.55397
      vertex 0.801071 220 3.66249
    endloop
  endfacet
  facet normal 0 1 0
    outer loop
      vertex 0.893478 220 3.43939
      vertex 2.32169 220 3.79491
      vertex 2.37263 220 3.5388
    endloop
  endfacet
  facet normal 0 1 0
    outer loop
      vertex 0.917084 220 3.32073
      vertex 2.37263 220 3.5388
      vertex 2.37946 220 3.48695
    endloop
  endfacet
  facet normal 0 1 0
    outer loop
      vertex 2.30812 220 3.84557
      vertex 0.893478 220 3.43939
      vertex 0.854584 220 3.55397
    endloop
  endfacet
  facet normal 0 1 0
    outer loop
      vertex 2.37263 220 3.5388
      vertex 0.917084 220 3.32073
      vertex 0.893478 220 3.43939
    endloop
  endfacet
  facet normal 0 1 0
    outer loop
      vertex 2.37946 220 3.48695
      vertex 0.924988 220 3.2
      vertex 0.917084 220 3.32073
    endloop
  endfacet
  facet normal 0 1 0
    outer loop
      vertex 2.39914 220 3.18678
      vertex 0.924988 220 3.2
      vertex 2.37946 220 3.48695
    endloop
  endfacet
  facet normal 0 1 0
    outer loop
      vertex 2.39999 220 3.16084
      vertex 0.924988 220 3.2
      vertex 2.39914 220 3.18678
    endloop
  endfacet
  facet normal 0 1 0
    outer loop
      vertex 2.39999 220 3.16084
      vertex 0.917084 220 3.07927
      vertex 0.924988 220 3.2
    endloop
  endfacet
  facet normal 0 1 -0
    outer loop
      vertex 2.39999 220 3
      vertex 0.917084 220 3.07927
      vertex 2.39999 220 3.16084
    endloop
  endfacet
  facet normal 0 1 0
    outer loop
      vertex 0.917084 220 3.07927
      vertex 2.39999 220 3
      vertex 0.893478 220 2.9606
    endloop
  endfacet
  facet normal 0 1 -0
    outer loop
      vertex -0.733841 220 3.76309
      vertex -1.88542 220 4.67964
      vertex -0.654068 220 3.85407
    endloop
  endfacet
  facet normal 0 1 0
    outer loop
      vertex -1.88542 220 4.67964
      vertex -0.733841 220 3.76309
      vertex -1.91728 220 4.63812
    endloop
  endfacet
  facet normal 0 1 0
    outer loop
      vertex -1.91728 220 4.63812
      vertex -0.733841 220 3.76309
      vertex -2.06241 220 4.42091
    endloop
  endfacet
  facet normal 0 1 -0
    outer loop
      vertex -0.801071 220 3.66249
      vertex -2.06241 220 4.42091
      vertex -0.733841 220 3.76309
    endloop
  endfacet
  facet normal 0 1 0
    outer loop
      vertex -2.06241 220 4.42091
      vertex -0.801071 220 3.66249
      vertex -2.08849 220 4.37576
    endloop
  endfacet
  facet normal 0 1 0
    outer loop
      vertex -2.08849 220 4.37576
      vertex -0.801071 220 3.66249
      vertex -2.20416 220 4.14119
    endloop
  endfacet
  facet normal 0 1 -0
    outer loop
      vertex -0.854584 220 3.55397
      vertex -2.20416 220 4.14119
      vertex -0.801071 220 3.66249
    endloop
  endfacet
  facet normal 0 1 0
    outer loop
      vertex -2.20416 220 4.14119
      vertex -0.854584 220 3.55397
      vertex -2.22415 220 4.09296
    endloop
  endfacet
  facet normal 0 1 0
    outer loop
      vertex -2.22415 220 4.09296
      vertex -0.854584 220 3.55397
      vertex -2.30812 220 3.84557
    endloop
  endfacet
  facet normal 0 1 -0
    outer loop
      vertex -0.893478 220 3.43939
      vertex -2.30812 220 3.84557
      vertex -0.854584 220 3.55397
    endloop
  endfacet
  facet normal 0 1 0
    outer loop
      vertex -2.30812 220 3.84557
      vertex -0.893478 220 3.43939
      vertex -2.32169 220 3.79491
    endloop
  endfacet
  facet normal 0 1 0
    outer loop
      vertex -2.32169 220 3.79491
      vertex -0.893478 220 3.43939
      vertex -2.37263 220 3.5388
    endloop
  endfacet
  facet normal 0 1 -0
    outer loop
      vertex -0.917084 220 3.32073
      vertex -2.37263 220 3.5388
      vertex -0.893478 220 3.43939
    endloop
  endfacet
  facet normal 0 1 0
    outer loop
      vertex -2.37263 220 3.5388
      vertex -0.917084 220 3.32073
      vertex -2.37946 220 3.48695
    endloop
  endfacet
  facet normal 0 1 -0
    outer loop
      vertex -0.924988 220 3.2
      vertex -2.37946 220 3.48695
      vertex -0.917084 220 3.32073
    endloop
  endfacet
  facet normal 0 1 0
    outer loop
      vertex -0.924988 220 3.2
      vertex -2.39914 220 3.18678
      vertex -2.37946 220 3.48695
    endloop
  endfacet
  facet normal 0 1 0
    outer loop
      vertex -0.924988 220 3.2
      vertex -2.39999 220 3.16084
      vertex -2.39914 220 3.18678
    endloop
  endfacet
  facet normal 0 1 0
    outer loop
      vertex -0.917084 220 3.07927
      vertex -2.39999 220 3.16084
      vertex -0.924988 220 3.2
    endloop
  endfacet
  facet normal 0 1 0
    outer loop
      vertex -0.893478 220 2.9606
      vertex -2.39999 220 3.16084
      vertex -0.917084 220 3.07927
    endloop
  endfacet
  facet normal 0 1 0
    outer loop
      vertex -0.854584 220 2.84603
      vertex -2.39999 220 3.16084
      vertex -0.893478 220 2.9606
    endloop
  endfacet
  facet normal 0 1 0
    outer loop
      vertex -0.801071 220 2.73751
      vertex -2.39999 220 3.16084
      vertex -0.854584 220 2.84603
    endloop
  endfacet
  facet normal 0 1 0
    outer loop
      vertex -2.39999 220 0.826111
      vertex -0.801071 220 2.73751
      vertex -0.733841 220 2.6369
    endloop
  endfacet
  facet normal 0 1 0
    outer loop
      vertex -2.39999 220 0.826111
      vertex -0.733841 220 2.6369
      vertex -0.654068 220 2.54593
    endloop
  endfacet
  facet normal 0 1 0
    outer loop
      vertex -2.37389 220 0.800003
      vertex -0.654068 220 2.54593
      vertex -0.563095 220 2.46616
    endloop
  endfacet
  facet normal 0 1 0
    outer loop
      vertex -2.37389 220 0.800003
      vertex -0.563095 220 2.46616
      vertex -0.462494 220 2.39893
    endloop
  endfacet
  facet normal 0 1 0
    outer loop
      vertex -2.37389 220 0.800003
      vertex -0.462494 220 2.39893
      vertex -0.353973 220 2.34542
    endloop
  endfacet
  facet normal 0 1 0
    outer loop
      vertex 0.239395 220 2.30652
      vertex 2.37389 220 0.800003
      vertex 0.120728 220 2.28292
    endloop
  endfacet
  facet normal 0 1 0
    outer loop
      vertex 0.120728 220 2.28292
      vertex 2.37389 220 0.800003
      vertex 0 220 2.27501
    endloop
  endfacet
  facet normal 0 1 0
    outer loop
      vertex -2.37389 220 0.800003
      vertex 0 220 2.27501
      vertex 2.37389 220 0.800003
    endloop
  endfacet
  facet normal 0 1 0
    outer loop
      vertex 0 220 2.27501
      vertex -2.37389 220 0.800003
      vertex -0.120728 220 2.28292
    endloop
  endfacet
  facet normal 0 1 0
    outer loop
      vertex -0.120728 220 2.28292
      vertex -2.37389 220 0.800003
      vertex -0.239395 220 2.30652
    endloop
  endfacet
  facet normal 0 1 0
    outer loop
      vertex 2.37389 220 0.800003
      vertex 2.39999 220 1
      vertex 2.39999 220 0.826111
    endloop
  endfacet
  facet normal 0 1 0
    outer loop
      vertex -0.239395 220 2.30652
      vertex -2.37389 220 0.800003
      vertex -0.353973 220 2.34542
    endloop
  endfacet
  facet normal 0 1 0
    outer loop
      vertex 2.37389 220 0.800003
      vertex 2.39999 220 0.826111
      vertex 2.39839 220 0.801605
    endloop
  endfacet
  facet normal 0 1 0
    outer loop
      vertex -0.654068 220 2.54593
      vertex -2.37389 220 0.800003
      vertex -2.39999 220 0.826111
    endloop
  endfacet
  facet normal 0 1 0
    outer loop
      vertex -0.801071 220 2.73751
      vertex -2.39999 220 0.826111
      vertex -2.39999 220 3.16084
    endloop
  endfacet
  facet normal 0 1 0
    outer loop
      vertex -2.39999 220 0.826111
      vertex -2.37389 220 0.800003
      vertex -2.39839 220 0.801605
    endloop
  endfacet
  facet normal 0.0654712 0 -0.997854
    outer loop
      vertex 2.39999 219.2 0
      vertex 2.50441 219.007 0.0068512
      vertex 2.39999 219 0
    endloop
  endfacet
  facet normal 0.0654712 0 -0.997854
    outer loop
      vertex 2.50441 219.007 0.0068512
      vertex 2.39999 219.2 0
      vertex 2.50441 219.2 0.0068512
    endloop
  endfacet
  facet normal 0.693713 0.13723 0.707057
    outer loop
      vertex 159.796 215.553 3
      vertex 158.828 215.294 4
      vertex 158.955 214.652 4
    endloop
  endfacet
  facet normal 0.705582 0.0463521 0.707111
    outer loop
      vertex 160 214 3
      vertex 158.955 214.652 4
      vertex 159 213.967 4
    endloop
  endfacet
  facet normal 0.634228 0.31261 0.707128
    outer loop
      vertex 159.196 217 3
      vertex 158.328 216.499 4
      vertex 159.543 216.296 3
    endloop
  endfacet
  facet normal 0.669359 0.228166 0.707035
    outer loop
      vertex 159.796 215.553 3
      vertex 158.617 215.913 4
      vertex 158.828 215.294 4
    endloop
  endfacet
  facet normal 0.669355 0.227923 0.707117
    outer loop
      vertex 159.543 216.296 3
      vertex 158.617 215.913 4
      vertex 159.796 215.553 3
    endloop
  endfacet
  facet normal 0.707107 0 0.707107
    outer loop
      vertex 160 130.4 3
      vertex 159 213.967 4
      vertex 159 130.4 4
    endloop
  endfacet
  facet normal 0.707107 0 0.707107
    outer loop
      vertex 159 213.967 4
      vertex 160 130.4 3
      vertex 160 214 3
    endloop
  endfacet
  facet normal 0.707107 -0 0.707107
    outer loop
      vertex 159 6.03285 4
      vertex 160 89.6 3
      vertex 159 89.6 4
    endloop
  endfacet
  facet normal 0.707107 0 0.707107
    outer loop
      vertex 160 89.6 3
      vertex 159 6.03285 4
      vertex 160 6 3
    endloop
  endfacet
  facet normal 0.227923 0.669355 0.707117
    outer loop
      vertex 156.296 219.543 3
      vertex 155.553 219.796 3
      vertex 155.913 218.617 4
    endloop
  endfacet
  facet normal 0.588083 -0.392683 -0.707078
    outer loop
      vertex 158.76 2.34743 1
      vertex 157.965 2.95747 0
      vertex 158.328 3.5011 0
    endloop
  endfacet
  facet normal 0 0.710313 0.703886
    outer loop
      vertex 153.967 219 4
      vertex 3.10118 219.023 3.97679
      vertex 3.09496 219 4
    endloop
  endfacet
  facet normal -1.11279e-06 0.706687 0.707526
    outer loop
      vertex 153.967 219 4
      vertex 3.13635 219.2 3.8
      vertex 3.10118 219.023 3.97679
    endloop
  endfacet
  facet normal -5.41277e-17 0.707107 0.707107
    outer loop
      vertex 154 220 3
      vertex 3.13635 219.2 3.8
      vertex 153.967 219 4
    endloop
  endfacet
  facet normal -6.69494e-06 0.707738 0.706475
    outer loop
      vertex 3.13635 219.2 3.8
      vertex 154 220 3
      vertex 3.00809 219.356 3.64372
    endloop
  endfacet
  facet normal 2.08738e-05 0.704501 0.709703
    outer loop
      vertex 3.00809 219.356 3.64372
      vertex 154 220 3
      vertex 2.93236 219.443 3.55736
    endloop
  endfacet
  facet normal -6.32462e-05 0.715854 0.69825
    outer loop
      vertex 2.93236 219.443 3.55736
      vertex 154 220 3
      vertex 2.91707 219.46 3.53993
    endloop
  endfacet
  facet normal -4.13578e-06 0.707639 0.706574
    outer loop
      vertex 2.91707 219.46 3.53993
      vertex 154 220 3
      vertex 2.74354 219.645 3.35465
    endloop
  endfacet
  facet normal 6.50686e-06 0.705369 0.70884
    outer loop
      vertex 2.74354 219.645 3.35465
      vertex 154 220 3
      vertex 2.59536 219.804 3.19643
    endloop
  endfacet
  facet normal -4.55223e-05 0.725207 0.688531
    outer loop
      vertex 2.59536 219.804 3.19643
      vertex 154 220 3
      vertex 2.58313 219.816 3.18379
    endloop
  endfacet
  facet normal 2.76718e-05 0.695212 0.718804
    outer loop
      vertex 2.58313 219.816 3.18379
      vertex 154 220 3
      vertex 2.56348 219.837 3.16348
    endloop
  endfacet
  facet normal 0 0.708146 0.706066
    outer loop
      vertex 2.56348 219.837 3.16348
      vertex 154 220 3
      vertex 2.39999 220 3
    endloop
  endfacet
  facet normal 0.0459499 0.705466 -0.707253
    outer loop
      vertex 154.652 218.955 0
      vertex 154 220 1
      vertex 154.783 219.949 1
    endloop
  endfacet
  facet normal 0.588219 0.392506 0.707063
    outer loop
      vertex 158.76 217.653 3
      vertex 157.965 217.043 4
      vertex 158.328 216.499 4
    endloop
  endfacet
  facet normal 0.0459499 0.705466 0.707253
    outer loop
      vertex 154.783 219.949 3
      vertex 154 220 3
      vertex 154.652 218.955 4
    endloop
  endfacet
  facet normal 0.227273 -0.669626 -0.70707
    outer loop
      vertex 155.553 0.204437 1
      vertex 155.294 1.17245 0
      vertex 155.913 1.38254 0
    endloop
  endfacet
  facet normal 0.442235 -0.896899 0
    outer loop
      vertex 156.296 0.456711 1
      vertex 157 0.803833 3
      vertex 156.296 0.456711 3
    endloop
  endfacet
  facet normal 0.442235 -0.896899 0
    outer loop
      vertex 157 0.803833 3
      vertex 156.296 0.456711 1
      vertex 157 0.803833 1
    endloop
  endfacet
  facet normal 0.466503 0.531445 0.707065
    outer loop
      vertex 157.653 218.76 3
      vertex 157.043 217.965 4
      vertex 157.534 217.534 4
    endloop
  endfacet
  facet normal 0.392669 -0.588054 -0.707109
    outer loop
      vertex 157 0.803833 1
      vertex 156.499 1.67175 0
      vertex 157.653 1.23987 1
    endloop
  endfacet
  facet normal 0.392634 -0.588102 0.707089
    outer loop
      vertex 157.043 2.03494 4
      vertex 156.499 1.67175 4
      vertex 157.653 1.23987 3
    endloop
  endfacet
  facet normal 0.997886 0.0649964 0
    outer loop
      vertex 160 214 3
      vertex 159.949 214.783 1
      vertex 159.949 214.783 3
    endloop
  endfacet
  facet normal 0.997886 0.0649964 0
    outer loop
      vertex 159.949 214.783 1
      vertex 160 214 3
      vertex 160 214 1
    endloop
  endfacet
  facet normal 0.44211 0.896961 -0
    outer loop
      vertex 157 219.196 1
      vertex 156.296 219.543 3
      vertex 157 219.196 3
    endloop
  endfacet
  facet normal 0.44211 0.896961 0
    outer loop
      vertex 156.296 219.543 3
      vertex 157 219.196 1
      vertex 156.296 219.543 1
    endloop
  endfacet
  facet normal 0 -0.707122 0.707092
    outer loop
      vertex 3.10118 0.976791 3.97679
      vertex 153.967 1 4
      vertex 3.09496 1 4
    endloop
  endfacet
  facet normal -5.91745e-09 -0.707103 0.707111
    outer loop
      vertex 3.13635 0.799999 3.8
      vertex 153.967 1 4
      vertex 3.10118 0.976791 3.97679
    endloop
  endfacet
  facet normal 2.85558e-08 -0.707105 0.707109
    outer loop
      vertex 154 0 3
      vertex 3.13635 0.799999 3.8
      vertex 3.00809 0.643718 3.64372
    endloop
  endfacet
  facet normal -2.34119e-07 -0.707135 0.707078
    outer loop
      vertex 154 0 3
      vertex 3.00809 0.643718 3.64372
      vertex 2.93236 0.557365 3.55736
    endloop
  endfacet
  facet normal 1.02082e-06 -0.706965 0.707248
    outer loop
      vertex 154 0 3
      vertex 2.93236 0.557365 3.55736
      vertex 2.91707 0.539928 3.53993
    endloop
  endfacet
  facet normal 2.29226e-08 -0.707105 0.707109
    outer loop
      vertex 154 0 3
      vertex 2.91707 0.539928 3.53993
      vertex 2.74354 0.354647 3.35465
    endloop
  endfacet
  facet normal -5.91979e-08 -0.707122 0.707091
    outer loop
      vertex 154 0 3
      vertex 2.74354 0.354647 3.35465
      vertex 2.59536 0.196434 3.19643
    endloop
  endfacet
  facet normal 3.43711e-07 -0.706967 0.707246
    outer loop
      vertex 154 0 3
      vertex 2.59536 0.196434 3.19643
      vertex 2.58313 0.183789 3.18379
    endloop
  endfacet
  facet normal -7.9759e-08 -0.707142 0.707072
    outer loop
      vertex 154 0 3
      vertex 2.58313 0.183789 3.18379
      vertex 2.56348 0.163481 3.16348
    endloop
  endfacet
  facet normal 0 -0.707105 0.707109
    outer loop
      vertex 154 0 3
      vertex 2.56348 0.163481 3.16348
      vertex 2.39999 0 3
    endloop
  endfacet
  facet normal 4.68788e-09 -0.707107 0.707107
    outer loop
      vertex 3.13635 0.799999 3.8
      vertex 154 0 3
      vertex 153.967 1 4
    endloop
  endfacet
  facet normal 0.392634 -0.588102 -0.707089
    outer loop
      vertex 157.653 1.23987 1
      vertex 156.499 1.67175 0
      vertex 157.043 2.03494 0
    endloop
  endfacet
  facet normal 0.63421 0.312776 -0.707071
    outer loop
      vertex 158.617 215.913 0
      vertex 158.328 216.499 0
      vertex 159.543 216.296 1
    endloop
  endfacet
  facet normal 0.466509 -0.531416 0.707083
    outer loop
      vertex 157.534 2.46597 4
      vertex 157.043 2.03494 4
      vertex 157.653 1.23987 3
    endloop
  endfacet
  facet normal 0.312985 -0.634174 0.70701
    outer loop
      vertex 156.499 1.67175 4
      vertex 155.913 1.38254 4
      vertex 156.296 0.456711 3
    endloop
  endfacet
  facet normal 0.63421 0.312776 0.707071
    outer loop
      vertex 159.543 216.296 3
      vertex 158.328 216.499 4
      vertex 158.617 215.913 4
    endloop
  endfacet
  facet normal 0.312776 0.63421 0.707071
    outer loop
      vertex 156.296 219.543 3
      vertex 155.913 218.617 4
      vertex 156.499 218.328 4
    endloop
  endfacet
  facet normal 0.465898 0.531683 0.707285
    outer loop
      vertex 157.653 218.76 3
      vertex 157.534 217.534 4
      vertex 158.243 218.243 3
    endloop
  endfacet
  facet normal 1 0 0
    outer loop
      vertex 160 89.6 3
      vertex 160 6 3
      vertex 160 89.6 2.8
    endloop
  endfacet
  facet normal 1 0 0
    outer loop
      vertex 160 130.4 2.8
      vertex 160 214 3
      vertex 160 130.4 3
    endloop
  endfacet
  facet normal 1 0 0
    outer loop
      vertex 160 214 3
      vertex 160 130.4 2.8
      vertex 160 214 1
    endloop
  endfacet
  facet normal 1 -0 0
    outer loop
      vertex 160 89.6 2.8
      vertex 160 214 1
      vertex 160 130.4 2.8
    endloop
  endfacet
  facet normal 1 0 0
    outer loop
      vertex 160 6 1
      vertex 160 89.6 2.8
      vertex 160 6 3
    endloop
  endfacet
  facet normal 1 0 0
    outer loop
      vertex 160 89.6 2.8
      vertex 160 6 1
      vertex 160 214 1
    endloop
  endfacet
  facet normal 0.531445 0.466503 -0.707065
    outer loop
      vertex 157.965 217.043 0
      vertex 157.534 217.534 0
      vertex 158.76 217.653 1
    endloop
  endfacet
  facet normal 0.0462597 -0.705586 -0.707113
    outer loop
      vertex 154 0 1
      vertex 153.967 1 0
      vertex 154.652 1.04491 0
    endloop
  endfacet
  facet normal -0.707107 0 -0.707107
    outer loop
      vertex 1 160.15 0
      vertex 0.199997 160.15 0.800003
      vertex 1 160.95 0
    endloop
  endfacet
  facet normal -0.707107 0 -0.707107
    outer loop
      vertex 1 179.05 0
      vertex 0.199997 179.85 0.800003
      vertex 1 179.85 0
    endloop
  endfacet
  facet normal -0.707107 0 -0.707107
    outer loop
      vertex 1 80.15 0
      vertex 0.199997 80.15 0.800003
      vertex 1 80.95 0
    endloop
  endfacet
  facet normal -0.707107 0 -0.707107
    outer loop
      vertex 1 99.05 0
      vertex 0.199997 99.85 0.800003
      vertex 1 99.85 0
    endloop
  endfacet
  facet normal -0.707107 0 -0.707107
    outer loop
      vertex 1 19.05 0
      vertex 0.199997 19.85 0.800003
      vertex 1 19.85 0
    endloop
  endfacet
  facet normal -0.707107 0 -0.707107
    outer loop
      vertex 1 59.05 0
      vertex 0.199997 59.85 0.800003
      vertex 1 59.85 0
    endloop
  endfacet
  facet normal -0.707107 0 -0.707107
    outer loop
      vertex 1 40.15 0
      vertex 0.199997 40.15 0.800003
      vertex 1 40.95 0
    endloop
  endfacet
  facet normal -0.707107 0 -0.707107
    outer loop
      vertex 1 120.15 0
      vertex 0.199997 120.15 0.800003
      vertex 1 120.95 0
    endloop
  endfacet
  facet normal -0.707107 0 -0.707107
    outer loop
      vertex 1 139.05 0
      vertex 0.199997 139.85 0.800003
      vertex 1 139.85 0
    endloop
  endfacet
  facet normal -0.707107 0 -0.707107
    outer loop
      vertex 1 200.15 0
      vertex 0.199997 200.15 0.800003
      vertex 1 200.95 0
    endloop
  endfacet
  facet normal 0.312708 -0.634205 0.707105
    outer loop
      vertex 156.499 1.67175 4
      vertex 156.296 0.456711 3
      vertex 157 0.803833 3
    endloop
  endfacet
  facet normal 0.0463521 0.705582 0.707111
    outer loop
      vertex 154 220 3
      vertex 153.967 219 4
      vertex 154.652 218.955 4
    endloop
  endfacet
  facet normal 0.392506 0.588219 0.707063
    outer loop
      vertex 157.653 218.76 3
      vertex 156.499 218.328 4
      vertex 157.043 217.965 4
    endloop
  endfacet
  facet normal 0.466503 0.531445 -0.707065
    outer loop
      vertex 157.534 217.534 0
      vertex 157.043 217.965 0
      vertex 157.653 218.76 1
    endloop
  endfacet
  facet normal 0.312708 -0.634205 -0.707105
    outer loop
      vertex 157 0.803833 1
      vertex 156.296 0.456711 1
      vertex 156.499 1.67175 0
    endloop
  endfacet
  facet normal 0 -0.707107 -0.707107
    outer loop
      vertex 2.57975 0.179755 0.820245
      vertex 154 0 1
      vertex 2.39999 0 1
    endloop
  endfacet
  facet normal 0 -0.707107 -0.707107
    outer loop
      vertex 2.59758 0.198793 0.801207
      vertex 154 0 1
      vertex 2.57975 0.179755 0.820245
    endloop
  endfacet
  facet normal 0 -0.707107 -0.707107
    outer loop
      vertex 2.6256 0.228703 0.771297
      vertex 154 0 1
      vertex 2.59758 0.198793 0.801207
    endloop
  endfacet
  facet normal -1.63093e-18 -0.707107 -0.707107
    outer loop
      vertex 2.65818 0.268402 0.731598
      vertex 154 0 1
      vertex 2.6256 0.228703 0.771297
    endloop
  endfacet
  facet normal 2.9964e-19 -0.707107 -0.707107
    outer loop
      vertex 2.69693 0.322432 0.677568
      vertex 154 0 1
      vertex 2.65818 0.268402 0.731598
    endloop
  endfacet
  facet normal 2.55851e-18 -0.707107 -0.707107
    outer loop
      vertex 2.7442 0.39838 0.60162
      vertex 154 0 1
      vertex 2.69693 0.322432 0.677568
    endloop
  endfacet
  facet normal -1.74574e-18 -0.707107 -0.707107
    outer loop
      vertex 2.8038 0.509713 0.490287
      vertex 154 0 1
      vertex 2.7442 0.39838 0.60162
    endloop
  endfacet
  facet normal 1.50422e-18 -0.707107 -0.707107
    outer loop
      vertex 2.88203 0.682038 0.317962
      vertex 154 0 1
      vertex 2.8038 0.509713 0.490287
    endloop
  endfacet
  facet normal -5.49555e-19 -0.707107 -0.707107
    outer loop
      vertex 2.92656 0.799999 0.200001
      vertex 154 0 1
      vertex 2.88203 0.682038 0.317962
    endloop
  endfacet
  facet normal 0 -0.707107 -0.707107
    outer loop
      vertex 153.967 1 0
      vertex 2.92656 0.799999 0.200001
      vertex 2.88701 0.834686 0.165314
    endloop
  endfacet
  facet normal 2.78858e-19 -0.707107 -0.707107
    outer loop
      vertex 153.967 1 0
      vertex 2.88701 0.834686 0.165314
      vertex 2.79999 0.892822 0.107178
    endloop
  endfacet
  facet normal 2.16344e-09 -0.707108 -0.707105
    outer loop
      vertex 153.967 1 0
      vertex 2.79999 0.892822 0.107178
      vertex 2.70615 0.939102 0.0608978
    endloop
  endfacet
  facet normal -4.98462e-09 -0.707099 -0.707114
    outer loop
      vertex 153.967 1 0
      vertex 2.70615 0.939102 0.0608978
      vertex 2.60706 0.972733 0.0272675
    endloop
  endfacet
  facet normal -4.63611e-10 -0.707112 -0.707102
    outer loop
      vertex 153.967 1 0
      vertex 2.60706 0.972733 0.0272675
      vertex 2.50441 0.993149 0.0068512
    endloop
  endfacet
  facet normal -0 -0.707117 -0.707096
    outer loop
      vertex 153.967 1 0
      vertex 2.50441 0.993149 0.0068512
      vertex 2.39999 1 0
    endloop
  endfacet
  facet normal -1.29934e-19 -0.707107 -0.707107
    outer loop
      vertex 2.92656 0.799999 0.200001
      vertex 153.967 1 0
      vertex 154 0 1
    endloop
  endfacet
  facet normal 0.693385 0.137776 -0.707273
    outer loop
      vertex 159.949 214.783 1
      vertex 158.955 214.652 0
      vertex 159.796 215.553 1
    endloop
  endfacet
  facet normal 0.693392 -0.137821 0.707257
    outer loop
      vertex 159.949 5.21684 3
      vertex 158.955 5.34763 4
      vertex 159.796 4.44708 3
    endloop
  endfacet
  facet normal 0.227273 -0.669626 0.70707
    outer loop
      vertex 155.913 1.38254 4
      vertex 155.294 1.17245 4
      vertex 155.553 0.204437 3
    endloop
  endfacet
  facet normal 0.588048 0.392632 0.707135
    outer loop
      vertex 158.76 217.653 3
      vertex 158.328 216.499 4
      vertex 159.196 217 3
    endloop
  endfacet
  facet normal 0.705466 0.0459499 0.707253
    outer loop
      vertex 159.949 214.783 3
      vertex 158.955 214.652 4
      vertex 160 214 3
    endloop
  endfacet
  facet normal 0.228166 0.669359 -0.707035
    outer loop
      vertex 155.913 218.617 0
      vertex 155.294 218.828 0
      vertex 155.553 219.796 1
    endloop
  endfacet
  facet normal 0.588219 0.392506 -0.707063
    outer loop
      vertex 158.328 216.499 0
      vertex 157.965 217.043 0
      vertex 158.76 217.653 1
    endloop
  endfacet
  facet normal 0.669355 0.227923 -0.707117
    outer loop
      vertex 159.796 215.553 1
      vertex 158.617 215.913 0
      vertex 159.543 216.296 1
    endloop
  endfacet
  facet normal 0.531664 -0.466221 -0.707086
    outer loop
      vertex 158.76 2.34743 1
      vertex 157.534 2.46597 0
      vertex 157.965 2.95747 0
    endloop
  endfacet
  facet normal 0.707107 0 -0.707107
    outer loop
      vertex 160 214 1
      vertex 159 6.03285 0
      vertex 159 213.967 0
    endloop
  endfacet
  facet normal 0.707107 0 -0.707107
    outer loop
      vertex 159 6.03285 0
      vertex 160 214 1
      vertex 160 6 1
    endloop
  endfacet
  facet normal 0 0.706625 -0.707588
    outer loop
      vertex 154 220 1
      vertex 2.57975 219.82 0.820245
      vertex 2.39999 220 1
    endloop
  endfacet
  facet normal -2.81928e-06 0.707812 -0.706401
    outer loop
      vertex 154 220 1
      vertex 2.59758 219.801 0.801207
      vertex 2.57975 219.82 0.820245
    endloop
  endfacet
  facet normal 1.82194e-06 0.706045 -0.708167
    outer loop
      vertex 154 220 1
      vertex 2.6256 219.771 0.771297
      vertex 2.59758 219.801 0.801207
    endloop
  endfacet
  facet normal -2.03511e-05 0.713351 -0.700807
    outer loop
      vertex 154 220 1
      vertex 2.65818 219.732 0.731598
      vertex 2.6256 219.771 0.771297
    endloop
  endfacet
  facet normal 1.18077e-06 0.707304 -0.70691
    outer loop
      vertex 154 220 1
      vertex 2.69693 219.678 0.677568
      vertex 2.65818 219.732 0.731598
    endloop
  endfacet
  facet normal 3.06537e-06 0.706861 -0.707352
    outer loop
      vertex 154 220 1
      vertex 2.7442 219.602 0.601621
      vertex 2.69693 219.678 0.677568
    endloop
  endfacet
  facet normal 1.28726e-05 0.704995 -0.709212
    outer loop
      vertex 154 220 1
      vertex 2.8038 219.49 0.490288
      vertex 2.7442 219.602 0.601621
    endloop
  endfacet
  facet normal -5.82542e-06 0.707771 -0.706442
    outer loop
      vertex 154 220 1
      vertex 2.88203 219.318 0.317964
      vertex 2.8038 219.49 0.490288
    endloop
  endfacet
  facet normal 1.14027e-06 0.706999 -0.707214
    outer loop
      vertex 154 220 1
      vertex 2.92656 219.2 0.2
      vertex 2.88203 219.318 0.317964
    endloop
  endfacet
  facet normal -5.3273e-17 0.707107 -0.707107
    outer loop
      vertex 153.967 219 0
      vertex 2.92656 219.2 0.2
      vertex 154 220 1
    endloop
  endfacet
  facet normal -8.42518e-06 0.703918 -0.710281
    outer loop
      vertex 2.92656 219.2 0.2
      vertex 153.967 219 0
      vertex 2.88701 219.165 0.165314
    endloop
  endfacet
  facet normal 3.40224e-07 0.707934 -0.706279
    outer loop
      vertex 2.88701 219.165 0.165314
      vertex 153.967 219 0
      vertex 2.79999 219.107 0.107178
    endloop
  endfacet
  facet normal 2.20621e-06 0.709248 -0.704959
    outer loop
      vertex 2.79999 219.107 0.107178
      vertex 153.967 219 0
      vertex 2.70615 219.061 0.0608978
    endloop
  endfacet
  facet normal -2.63412e-06 0.703235 -0.710958
    outer loop
      vertex 2.70615 219.061 0.0608978
      vertex 153.967 219 0
      vertex 2.60706 219.027 0.0272675
    endloop
  endfacet
  facet normal 1.36035e-06 0.714349 -0.69979
    outer loop
      vertex 2.60706 219.027 0.0272675
      vertex 153.967 219 0
      vertex 2.50441 219.007 0.0068512
    endloop
  endfacet
  facet normal 0 0.69947 -0.714662
    outer loop
      vertex 2.50441 219.007 0.0068512
      vertex 153.967 219 0
      vertex 2.39999 219 0
    endloop
  endfacet
  facet normal 0.0462597 -0.705586 0.707113
    outer loop
      vertex 154.652 1.04491 4
      vertex 153.967 1 4
      vertex 154 0 3
    endloop
  endfacet
  facet normal 0.321507 -0.946907 0
    outer loop
      vertex 155.553 0.204437 1
      vertex 156.296 0.456711 3
      vertex 155.553 0.204437 3
    endloop
  endfacet
  facet normal 0.321507 -0.946907 0
    outer loop
      vertex 156.296 0.456711 3
      vertex 155.553 0.204437 1
      vertex 156.296 0.456711 1
    endloop
  endfacet
  facet normal 0.705586 -0.0463375 0.707108
    outer loop
      vertex 159 6.03285 4
      vertex 158.955 5.34763 4
      vertex 160 6 3
    endloop
  endfacet
  facet normal 0.588083 -0.392683 0.707078
    outer loop
      vertex 158.328 3.5011 4
      vertex 157.965 2.95747 4
      vertex 158.76 2.34743 3
    endloop
  endfacet
  facet normal 0.634194 -0.312641 0.707145
    outer loop
      vertex 159.543 3.70389 3
      vertex 158.328 3.5011 4
      vertex 159.196 3 3
    endloop
  endfacet
  facet normal 0.466509 -0.531416 -0.707083
    outer loop
      vertex 157.653 1.23987 1
      vertex 157.043 2.03494 0
      vertex 157.534 2.46597 0
    endloop
  endfacet
  facet normal 0.752147 -0.658995 0
    outer loop
      vertex 158.243 1.75735 3
      vertex 158.76 2.34743 1
      vertex 158.76 2.34743 3
    endloop
  endfacet
  facet normal 0.752147 -0.658995 0
    outer loop
      vertex 158.76 2.34743 1
      vertex 158.243 1.75735 3
      vertex 158.243 1.75735 1
    endloop
  endfacet
  facet normal 0.228166 0.669359 0.707035
    outer loop
      vertex 155.553 219.796 3
      vertex 155.294 218.828 4
      vertex 155.913 218.617 4
    endloop
  endfacet
  facet normal 0 0 1
    outer loop
      vertex 6.7 19.85 4
      vertex 2.81739 19.3181 4
      vertex 3.09496 19.05 4
    endloop
  endfacet
  facet normal 0 -0 1
    outer loop
      vertex 2.81739 19.3181 4
      vertex 6.7 19.85 4
      vertex 2.2557 19.85 4
    endloop
  endfacet
  facet normal 0 0 1
    outer loop
      vertex 6.7 59.85 4
      vertex 3.09496 59.05 4
      vertex 6.7 40.15 4
    endloop
  endfacet
  facet normal 0 0 1
    outer loop
      vertex 6.7 59.85 4
      vertex 2.81739 59.3181 4
      vertex 3.09496 59.05 4
    endloop
  endfacet
  facet normal 0 -0 1
    outer loop
      vertex 2.81739 59.3181 4
      vertex 6.7 59.85 4
      vertex 2.2557 59.85 4
    endloop
  endfacet
  facet normal 0 0 1
    outer loop
      vertex 6.7 99.85 4
      vertex 3.09496 99.05 4
      vertex 6.7 80.15 4
    endloop
  endfacet
  facet normal 0 0 1
    outer loop
      vertex 6.7 99.85 4
      vertex 2.81739 99.3181 4
      vertex 3.09496 99.05 4
    endloop
  endfacet
  facet normal 0 -0 1
    outer loop
      vertex 2.81739 99.3181 4
      vertex 6.7 99.85 4
      vertex 2.2557 99.85 4
    endloop
  endfacet
  facet normal 0 0 1
    outer loop
      vertex 6.7 139.85 4
      vertex 3.09496 139.05 4
      vertex 6.7 120.15 4
    endloop
  endfacet
  facet normal 0 0 1
    outer loop
      vertex 6.7 139.85 4
      vertex 2.81739 139.318 4
      vertex 3.09496 139.05 4
    endloop
  endfacet
  facet normal 0 -0 1
    outer loop
      vertex 2.81739 139.318 4
      vertex 6.7 139.85 4
      vertex 2.2557 139.85 4
    endloop
  endfacet
  facet normal 0 0 1
    outer loop
      vertex 6.7 179.85 4
      vertex 3.09496 179.05 4
      vertex 6.7 160.15 4
    endloop
  endfacet
  facet normal 0 0 1
    outer loop
      vertex 6.7 179.85 4
      vertex 2.81739 179.318 4
      vertex 3.09496 179.05 4
    endloop
  endfacet
  facet normal 0 -0 1
    outer loop
      vertex 2.81739 179.318 4
      vertex 6.7 179.85 4
      vertex 2.2557 179.85 4
    endloop
  endfacet
  facet normal 0 0 1
    outer loop
      vertex 153.967 219 4
      vertex 159 213.967 4
      vertex 158.955 214.652 4
    endloop
  endfacet
  facet normal 0 0 1
    outer loop
      vertex 153.967 219 4
      vertex 158.955 214.652 4
      vertex 158.828 215.294 4
    endloop
  endfacet
  facet normal 0 0 1
    outer loop
      vertex 153.967 219 4
      vertex 158.828 215.294 4
      vertex 158.617 215.913 4
    endloop
  endfacet
  facet normal 0 0 1
    outer loop
      vertex 153.967 219 4
      vertex 158.617 215.913 4
      vertex 158.328 216.499 4
    endloop
  endfacet
  facet normal 0 0 1
    outer loop
      vertex 153.967 219 4
      vertex 158.328 216.499 4
      vertex 157.965 217.043 4
    endloop
  endfacet
  facet normal 0 0 1
    outer loop
      vertex 153.967 219 4
      vertex 157.965 217.043 4
      vertex 157.534 217.534 4
    endloop
  endfacet
  facet normal 0 0 1
    outer loop
      vertex 153.967 219 4
      vertex 157.534 217.534 4
      vertex 157.043 217.965 4
    endloop
  endfacet
  facet normal 0 0 1
    outer loop
      vertex 153.967 219 4
      vertex 157.043 217.965 4
      vertex 156.499 218.328 4
    endloop
  endfacet
  facet normal 0 0 1
    outer loop
      vertex 153.967 219 4
      vertex 156.499 218.328 4
      vertex 155.913 218.617 4
    endloop
  endfacet
  facet normal 0 0 1
    outer loop
      vertex 153.967 219 4
      vertex 155.913 218.617 4
      vertex 155.294 218.828 4
    endloop
  endfacet
  facet normal 0 0 1
    outer loop
      vertex 153.967 219 4
      vertex 155.294 218.828 4
      vertex 154.652 218.955 4
    endloop
  endfacet
  facet normal 0 0 1
    outer loop
      vertex 159 213.967 4
      vertex 153.967 219 4
      vertex 122.5 130.4 4
    endloop
  endfacet
  facet normal 0 0 1
    outer loop
      vertex 159 213.967 4
      vertex 122.5 130.4 4
      vertex 159 130.4 4
    endloop
  endfacet
  facet normal 0 0 1
    outer loop
      vertex 153.967 219 4
      vertex 121.456 130.332 4
      vertex 122.5 130.4 4
    endloop
  endfacet
  facet normal 0 0 1
    outer loop
      vertex 153.967 219 4
      vertex 120.429 130.127 4
      vertex 121.456 130.332 4
    endloop
  endfacet
  facet normal 0 0 1
    outer loop
      vertex 153.967 219 4
      vertex 119.439 129.791 4
      vertex 120.429 130.127 4
    endloop
  endfacet
  facet normal 0 0 1
    outer loop
      vertex 153.967 219 4
      vertex 118.5 129.328 4
      vertex 119.439 129.791 4
    endloop
  endfacet
  facet normal -0 0 1
    outer loop
      vertex 6.7 200.15 4
      vertex 118.5 129.328 4
      vertex 153.967 219 4
    endloop
  endfacet
  facet normal -0 0 1
    outer loop
      vertex 6.7 179.85 4
      vertex 118.5 129.328 4
      vertex 6.7 200.15 4
    endloop
  endfacet
  facet normal 0 0 1
    outer loop
      vertex 118.5 129.328 4
      vertex 6.7 179.85 4
      vertex 117.63 128.747 4
    endloop
  endfacet
  facet normal 0 0 1
    outer loop
      vertex 117.63 128.747 4
      vertex 6.7 179.85 4
      vertex 116.843 128.057 4
    endloop
  endfacet
  facet normal -0 0 1
    outer loop
      vertex 6.7 160.15 4
      vertex 116.843 128.057 4
      vertex 6.7 179.85 4
    endloop
  endfacet
  facet normal 0 0 1
    outer loop
      vertex 115.109 125.461 4
      vertex 6.7 139.85 4
      vertex 114.773 124.471 4
    endloop
  endfacet
  facet normal -0 0 1
    outer loop
      vertex 6.7 139.85 4
      vertex 115.109 125.461 4
      vertex 6.7 160.15 4
    endloop
  endfacet
  facet normal 0 0 1
    outer loop
      vertex 115.572 126.4 4
      vertex 6.7 160.15 4
      vertex 115.109 125.461 4
    endloop
  endfacet
  facet normal 0 0 1
    outer loop
      vertex 116.153 127.27 4
      vertex 6.7 160.15 4
      vertex 115.572 126.4 4
    endloop
  endfacet
  facet normal 0 0 1
    outer loop
      vertex 116.843 128.057 4
      vertex 6.7 160.15 4
      vertex 116.153 127.27 4
    endloop
  endfacet
  facet normal -0 0 1
    outer loop
      vertex 3.09496 219 4
      vertex 6.7 200.15 4
      vertex 153.967 219 4
    endloop
  endfacet
  facet normal -0 0 1
    outer loop
      vertex 3.09496 200.95 4
      vertex 6.7 200.15 4
      vertex 3.09496 219 4
    endloop
  endfacet
  facet normal -0 0 1
    outer loop
      vertex 2.81739 200.682 4
      vertex 6.7 200.15 4
      vertex 3.09496 200.95 4
    endloop
  endfacet
  facet normal 0 0 1
    outer loop
      vertex 6.7 200.15 4
      vertex 2.81739 200.682 4
      vertex 2.2557 200.15 4
    endloop
  endfacet
  facet normal -0 0 1
    outer loop
      vertex 122.5 89.6 4
      vertex 159 6.03285 4
      vertex 159 89.6 4
    endloop
  endfacet
  facet normal 0 -0 1
    outer loop
      vertex 153.967 1 4
      vertex 159 6.03285 4
      vertex 122.5 89.6 4
    endloop
  endfacet
  facet normal 0 0 1
    outer loop
      vertex 159 6.03285 4
      vertex 153.967 1 4
      vertex 158.955 5.34763 4
    endloop
  endfacet
  facet normal 0 0 1
    outer loop
      vertex 158.955 5.34763 4
      vertex 153.967 1 4
      vertex 158.828 4.70639 4
    endloop
  endfacet
  facet normal 0 0 1
    outer loop
      vertex 158.828 4.70639 4
      vertex 153.967 1 4
      vertex 158.617 4.08739 4
    endloop
  endfacet
  facet normal 0 0 1
    outer loop
      vertex 158.617 4.08739 4
      vertex 153.967 1 4
      vertex 158.328 3.5011 4
    endloop
  endfacet
  facet normal 0 0 1
    outer loop
      vertex 158.328 3.5011 4
      vertex 153.967 1 4
      vertex 157.965 2.95747 4
    endloop
  endfacet
  facet normal 0 0 1
    outer loop
      vertex 157.534 2.46597 4
      vertex 153.967 1 4
      vertex 157.043 2.03494 4
    endloop
  endfacet
  facet normal 0 0 1
    outer loop
      vertex 157.043 2.03494 4
      vertex 153.967 1 4
      vertex 156.499 1.67175 4
    endloop
  endfacet
  facet normal 0 0 1
    outer loop
      vertex 156.499 1.67175 4
      vertex 153.967 1 4
      vertex 155.913 1.38254 4
    endloop
  endfacet
  facet normal 0 0 1
    outer loop
      vertex 155.913 1.38254 4
      vertex 153.967 1 4
      vertex 155.294 1.17245 4
    endloop
  endfacet
  facet normal 0 0 1
    outer loop
      vertex 155.294 1.17245 4
      vertex 153.967 1 4
      vertex 154.652 1.04491 4
    endloop
  endfacet
  facet normal 0 0 1
    outer loop
      vertex 157.965 2.95747 4
      vertex 153.967 1 4
      vertex 157.534 2.46597 4
    endloop
  endfacet
  facet normal 0 0 1
    outer loop
      vertex 121.456 89.6684 4
      vertex 153.967 1 4
      vertex 122.5 89.6 4
    endloop
  endfacet
  facet normal 0 0 1
    outer loop
      vertex 120.429 89.8726 4
      vertex 153.967 1 4
      vertex 121.456 89.6684 4
    endloop
  endfacet
  facet normal 0 0 1
    outer loop
      vertex 119.439 90.209 4
      vertex 153.967 1 4
      vertex 120.429 89.8726 4
    endloop
  endfacet
  facet normal 0 0 1
    outer loop
      vertex 118.5 90.6718 4
      vertex 153.967 1 4
      vertex 119.439 90.209 4
    endloop
  endfacet
  facet normal 0 0 1
    outer loop
      vertex 6.7 40.15 4
      vertex 118.5 90.6718 4
      vertex 117.63 91.2532 4
    endloop
  endfacet
  facet normal 0 0 1
    outer loop
      vertex 6.7 40.15 4
      vertex 117.63 91.2532 4
      vertex 116.843 91.9431 4
    endloop
  endfacet
  facet normal 0 0 1
    outer loop
      vertex 6.7 59.85 4
      vertex 116.843 91.9431 4
      vertex 116.153 92.7299 4
    endloop
  endfacet
  facet normal 0 0 1
    outer loop
      vertex 6.7 59.85 4
      vertex 116.153 92.7299 4
      vertex 115.572 93.6 4
    endloop
  endfacet
  facet normal 0 0 1
    outer loop
      vertex 6.7 59.85 4
      vertex 115.572 93.6 4
      vertex 115.109 94.5385 4
    endloop
  endfacet
  facet normal 0 0 1
    outer loop
      vertex 114.773 124.471 4
      vertex 6.7 139.85 4
      vertex 114.568 123.444 4
    endloop
  endfacet
  facet normal 0 0 1
    outer loop
      vertex 6.7 120.15 4
      vertex 114.568 123.444 4
      vertex 6.7 139.85 4
    endloop
  endfacet
  facet normal 0 0 1
    outer loop
      vertex 114.568 123.444 4
      vertex 6.7 120.15 4
      vertex 114.5 122.4 4
    endloop
  endfacet
  facet normal 0 0 1
    outer loop
      vertex 114.5 122.4 4
      vertex 6.7 120.15 4
      vertex 114.5 97.6 4
    endloop
  endfacet
  facet normal -0 0 1
    outer loop
      vertex 6.7 99.85 4
      vertex 114.5 97.6 4
      vertex 6.7 120.15 4
    endloop
  endfacet
  facet normal 0 0 1
    outer loop
      vertex 114.5 97.6 4
      vertex 6.7 99.85 4
      vertex 114.568 96.5558 4
    endloop
  endfacet
  facet normal 0 0 1
    outer loop
      vertex 6.7 80.15 4
      vertex 114.568 96.5558 4
      vertex 6.7 99.85 4
    endloop
  endfacet
  facet normal 0 0 1
    outer loop
      vertex 114.568 96.5558 4
      vertex 6.7 80.15 4
      vertex 114.773 95.5294 4
    endloop
  endfacet
  facet normal 0 0 1
    outer loop
      vertex 114.773 95.5294 4
      vertex 6.7 80.15 4
      vertex 115.109 94.5385 4
    endloop
  endfacet
  facet normal 0 0 1
    outer loop
      vertex 6.7 59.85 4
      vertex 115.109 94.5385 4
      vertex 6.7 80.15 4
    endloop
  endfacet
  facet normal 0 0 1
    outer loop
      vertex 116.843 91.9431 4
      vertex 6.7 59.85 4
      vertex 6.7 40.15 4
    endloop
  endfacet
  facet normal 0 0 1
    outer loop
      vertex 118.5 90.6718 4
      vertex 6.7 40.15 4
      vertex 6.7 19.85 4
    endloop
  endfacet
  facet normal 0 0 1
    outer loop
      vertex 118.5 90.6718 4
      vertex 6.7 19.85 4
      vertex 153.967 1 4
    endloop
  endfacet
  facet normal 0 0 1
    outer loop
      vertex 3.09496 1 4
      vertex 6.7 19.85 4
      vertex 3.09496 19.05 4
    endloop
  endfacet
  facet normal 0 0 1
    outer loop
      vertex 6.7 19.85 4
      vertex 3.09496 1 4
      vertex 153.967 1 4
    endloop
  endfacet
  facet normal -0 0 1
    outer loop
      vertex 3.09496 160.95 4
      vertex 6.7 160.15 4
      vertex 3.09496 179.05 4
    endloop
  endfacet
  facet normal -0 0 1
    outer loop
      vertex 2.81739 160.682 4
      vertex 6.7 160.15 4
      vertex 3.09496 160.95 4
    endloop
  endfacet
  facet normal 0 0 1
    outer loop
      vertex 6.7 160.15 4
      vertex 2.81739 160.682 4
      vertex 2.2557 160.15 4
    endloop
  endfacet
  facet normal -0 0 1
    outer loop
      vertex 3.09496 120.95 4
      vertex 6.7 120.15 4
      vertex 3.09496 139.05 4
    endloop
  endfacet
  facet normal -0 0 1
    outer loop
      vertex 2.81739 120.682 4
      vertex 6.7 120.15 4
      vertex 3.09496 120.95 4
    endloop
  endfacet
  facet normal 0 0 1
    outer loop
      vertex 6.7 120.15 4
      vertex 2.81739 120.682 4
      vertex 2.2557 120.15 4
    endloop
  endfacet
  facet normal -0 0 1
    outer loop
      vertex 3.09496 80.95 4
      vertex 6.7 80.15 4
      vertex 3.09496 99.05 4
    endloop
  endfacet
  facet normal -0 0 1
    outer loop
      vertex 2.81739 80.6819 4
      vertex 6.7 80.15 4
      vertex 3.09496 80.95 4
    endloop
  endfacet
  facet normal 0 0 1
    outer loop
      vertex 6.7 80.15 4
      vertex 2.81739 80.6819 4
      vertex 2.2557 80.15 4
    endloop
  endfacet
  facet normal -0 0 1
    outer loop
      vertex 3.09496 40.95 4
      vertex 6.7 40.15 4
      vertex 3.09496 59.05 4
    endloop
  endfacet
  facet normal -0 0 1
    outer loop
      vertex 2.81739 40.6819 4
      vertex 6.7 40.15 4
      vertex 3.09496 40.95 4
    endloop
  endfacet
  facet normal 0 0 1
    outer loop
      vertex 6.7 40.15 4
      vertex 2.81739 40.6819 4
      vertex 2.2557 40.15 4
    endloop
  endfacet
  facet normal 0.392669 -0.588054 0.707109
    outer loop
      vertex 157.653 1.23987 3
      vertex 156.499 1.67175 4
      vertex 157 0.803833 3
    endloop
  endfacet
  facet normal 0.669321 -0.227853 0.707173
    outer loop
      vertex 159.796 4.44708 3
      vertex 158.617 4.08739 4
      vertex 159.543 3.70389 3
    endloop
  endfacet
  facet normal 0.531664 -0.466221 0.707086
    outer loop
      vertex 157.965 2.95747 4
      vertex 157.534 2.46597 4
      vertex 158.76 2.34743 3
    endloop
  endfacet
  facet normal 0.195022 -0.980799 0
    outer loop
      vertex 154.783 0.0513306 1
      vertex 155.553 0.204437 3
      vertex 154.783 0.0513306 3
    endloop
  endfacet
  facet normal 0.195022 -0.980799 0
    outer loop
      vertex 155.553 0.204437 3
      vertex 154.783 0.0513306 1
      vertex 155.553 0.204437 1
    endloop
  endfacet
  facet normal 0.137787 -0.693579 -0.70708
    outer loop
      vertex 155.553 0.204437 1
      vertex 154.652 1.04491 0
      vertex 155.294 1.17245 0
    endloop
  endfacet
  facet normal 0.531445 0.466503 0.707065
    outer loop
      vertex 158.76 217.653 3
      vertex 157.534 217.534 4
      vertex 157.965 217.043 4
    endloop
  endfacet
  facet normal 0.693385 0.137776 0.707273
    outer loop
      vertex 159.796 215.553 3
      vertex 158.955 214.652 4
      vertex 159.949 214.783 3
    endloop
  endfacet
  facet normal 0.693713 0.13723 -0.707057
    outer loop
      vertex 158.955 214.652 0
      vertex 158.828 215.294 0
      vertex 159.796 215.553 1
    endloop
  endfacet
  facet normal 0.946625 0.322337 0
    outer loop
      vertex 159.796 215.553 3
      vertex 159.543 216.296 1
      vertex 159.543 216.296 3
    endloop
  endfacet
  facet normal 0.946625 0.322337 0
    outer loop
      vertex 159.543 216.296 1
      vertex 159.796 215.553 3
      vertex 159.796 215.553 1
    endloop
  endfacet
  facet normal 0.588048 0.392632 -0.707135
    outer loop
      vertex 159.196 217 1
      vertex 158.328 216.499 0
      vertex 158.76 217.653 1
    endloop
  endfacet
  facet normal 0.531683 0.465898 0.707285
    outer loop
      vertex 158.243 218.243 3
      vertex 157.534 217.534 4
      vertex 158.76 217.653 3
    endloop
  endfacet
  facet normal 0.137776 0.693385 0.707273
    outer loop
      vertex 154.783 219.949 3
      vertex 154.652 218.955 4
      vertex 155.553 219.796 3
    endloop
  endfacet
  facet normal 0.322337 0.946625 -0
    outer loop
      vertex 156.296 219.543 1
      vertex 155.553 219.796 3
      vertex 156.296 219.543 3
    endloop
  endfacet
  facet normal 0.322337 0.946625 0
    outer loop
      vertex 155.553 219.796 3
      vertex 156.296 219.543 1
      vertex 155.553 219.796 1
    endloop
  endfacet
  facet normal 0.227923 0.669355 -0.707117
    outer loop
      vertex 155.913 218.617 0
      vertex 155.553 219.796 1
      vertex 156.296 219.543 1
    endloop
  endfacet
  facet normal 0.0654159 -0.997858 0
    outer loop
      vertex 154 0 1
      vertex 154.783 0.0513306 3
      vertex 154 0 3
    endloop
  endfacet
  facet normal 0.0654159 -0.997858 0
    outer loop
      vertex 154.783 0.0513306 3
      vertex 154 0 1
      vertex 154.783 0.0513306 1
    endloop
  endfacet
  facet normal 0.466202 -0.531536 -0.707195
    outer loop
      vertex 157.653 1.23987 1
      vertex 157.534 2.46597 0
      vertex 158.243 1.75735 1
    endloop
  endfacet
  facet normal 0.531782 -0.465922 -0.707195
    outer loop
      vertex 158.243 1.75735 1
      vertex 157.534 2.46597 0
      vertex 158.76 2.34743 1
    endloop
  endfacet
  facet normal 0.312776 0.63421 -0.707071
    outer loop
      vertex 156.499 218.328 0
      vertex 155.913 218.617 0
      vertex 156.296 219.543 1
    endloop
  endfacet
  facet normal 0.531683 0.465898 -0.707285
    outer loop
      vertex 158.76 217.653 1
      vertex 157.534 217.534 0
      vertex 158.243 218.243 1
    endloop
  endfacet
  facet normal 0.227362 -0.669628 -0.70704
    outer loop
      vertex 156.296 0.456711 1
      vertex 155.553 0.204437 1
      vertex 155.913 1.38254 0
    endloop
  endfacet
  facet normal 0.659392 -0.751799 0
    outer loop
      vertex 157.653 1.23987 1
      vertex 158.243 1.75735 3
      vertex 157.653 1.23987 3
    endloop
  endfacet
  facet normal 0.659392 -0.751799 0
    outer loop
      vertex 158.243 1.75735 3
      vertex 157.653 1.23987 1
      vertex 158.243 1.75735 1
    endloop
  endfacet
  facet normal 0.0462556 -0.705585 0.707114
    outer loop
      vertex 154.652 1.04491 4
      vertex 154 0 3
      vertex 154.783 0.0513306 3
    endloop
  endfacet
  facet normal 0.137898 -0.693512 0.707124
    outer loop
      vertex 155.553 0.204437 3
      vertex 154.652 1.04491 4
      vertex 154.783 0.0513306 3
    endloop
  endfacet
  facet normal 0.312985 -0.634174 -0.70701
    outer loop
      vertex 156.296 0.456711 1
      vertex 155.913 1.38254 0
      vertex 156.499 1.67175 0
    endloop
  endfacet
  facet normal 0.634197 -0.312615 0.707154
    outer loop
      vertex 158.617 4.08739 4
      vertex 158.328 3.5011 4
      vertex 159.543 3.70389 3
    endloop
  endfacet
  facet normal 0.669326 -0.228155 0.70707
    outer loop
      vertex 158.828 4.70639 4
      vertex 158.617 4.08739 4
      vertex 159.796 4.44708 3
    endloop
  endfacet
  facet normal 0.831489 -0.555541 0
    outer loop
      vertex 158.76 2.34743 3
      vertex 159.196 3 1
      vertex 159.196 3 3
    endloop
  endfacet
  facet normal 0.831489 -0.555541 0
    outer loop
      vertex 159.196 3 1
      vertex 158.76 2.34743 3
      vertex 158.76 2.34743 1
    endloop
  endfacet
  facet normal 0.896933 -0.442166 0
    outer loop
      vertex 159.196 3 3
      vertex 159.543 3.70389 1
      vertex 159.543 3.70389 3
    endloop
  endfacet
  facet normal 0.896933 -0.442166 0
    outer loop
      vertex 159.543 3.70389 1
      vertex 159.196 3 3
      vertex 159.196 3 1
    endloop
  endfacet
  facet normal 0.997886 -0.0649832 0
    outer loop
      vertex 159.949 5.21684 3
      vertex 160 6 1
      vertex 160 6 3
    endloop
  endfacet
  facet normal 0.997886 -0.0649832 0
    outer loop
      vertex 160 6 1
      vertex 159.949 5.21684 3
      vertex 159.949 5.21684 1
    endloop
  endfacet
  facet normal 0.693656 -0.137381 0.707084
    outer loop
      vertex 158.955 5.34763 4
      vertex 158.828 4.70639 4
      vertex 159.796 4.44708 3
    endloop
  endfacet
  facet normal 0.94665 -0.322263 0
    outer loop
      vertex 159.543 3.70389 3
      vertex 159.796 4.44708 1
      vertex 159.796 4.44708 3
    endloop
  endfacet
  facet normal 0.94665 -0.322263 0
    outer loop
      vertex 159.796 4.44708 1
      vertex 159.543 3.70389 3
      vertex 159.543 3.70389 1
    endloop
  endfacet
  facet normal 0.137776 0.693385 -0.707273
    outer loop
      vertex 155.553 219.796 1
      vertex 154.652 218.955 0
      vertex 154.783 219.949 1
    endloop
  endfacet
  facet normal 0.980825 0.194891 0
    outer loop
      vertex 159.949 214.783 3
      vertex 159.796 215.553 1
      vertex 159.796 215.553 3
    endloop
  endfacet
  facet normal 0.980825 0.194891 0
    outer loop
      vertex 159.796 215.553 1
      vertex 159.949 214.783 3
      vertex 159.949 214.783 1
    endloop
  endfacet
  facet normal 0.896961 0.44211 0
    outer loop
      vertex 159.543 216.296 3
      vertex 159.196 217 1
      vertex 159.196 217 3
    endloop
  endfacet
  facet normal 0.896961 0.44211 0
    outer loop
      vertex 159.196 217 1
      vertex 159.543 216.296 3
      vertex 159.543 216.296 1
    endloop
  endfacet
  facet normal 0.831658 0.555288 0
    outer loop
      vertex 159.196 217 3
      vertex 158.76 217.653 1
      vertex 158.76 217.653 3
    endloop
  endfacet
  facet normal 0.831658 0.555288 0
    outer loop
      vertex 158.76 217.653 1
      vertex 159.196 217 3
      vertex 159.196 217 1
    endloop
  endfacet
  facet normal 0.31261 0.634228 0.707128
    outer loop
      vertex 157 219.196 3
      vertex 156.296 219.543 3
      vertex 156.499 218.328 4
    endloop
  endfacet
  facet normal 0.392632 0.588048 0.707135
    outer loop
      vertex 157 219.196 3
      vertex 156.499 218.328 4
      vertex 157.653 218.76 3
    endloop
  endfacet
  facet normal 0.705472 -0.0459409 -0.707248
    outer loop
      vertex 159.949 5.21684 1
      vertex 158.955 5.34763 0
      vertex 160 6 1
    endloop
  endfacet
  facet normal 0.705582 0.0463521 -0.707111
    outer loop
      vertex 159 213.967 0
      vertex 158.955 214.652 0
      vertex 160 214 1
    endloop
  endfacet
  facet normal 0.634228 0.31261 -0.707128
    outer loop
      vertex 159.543 216.296 1
      vertex 158.328 216.499 0
      vertex 159.196 217 1
    endloop
  endfacet
  facet normal 0.194891 0.980825 -0
    outer loop
      vertex 155.553 219.796 1
      vertex 154.783 219.949 3
      vertex 155.553 219.796 3
    endloop
  endfacet
  facet normal 0.194891 0.980825 0
    outer loop
      vertex 154.783 219.949 3
      vertex 155.553 219.796 1
      vertex 154.783 219.949 1
    endloop
  endfacet
  facet normal 0.0463521 0.705582 -0.707111
    outer loop
      vertex 154.652 218.955 0
      vertex 153.967 219 0
      vertex 154 220 1
    endloop
  endfacet
  facet normal 0.531782 -0.465922 0.707195
    outer loop
      vertex 158.76 2.34743 3
      vertex 157.534 2.46597 4
      vertex 158.243 1.75735 3
    endloop
  endfacet
  facet normal 0.466202 -0.531536 0.707195
    outer loop
      vertex 158.243 1.75735 3
      vertex 157.534 2.46597 4
      vertex 157.653 1.23987 3
    endloop
  endfacet
  facet normal 0.137787 -0.693579 0.70708
    outer loop
      vertex 155.294 1.17245 4
      vertex 154.652 1.04491 4
      vertex 155.553 0.204437 3
    endloop
  endfacet
  facet normal 0.0462556 -0.705585 -0.707114
    outer loop
      vertex 154.783 0.0513306 1
      vertex 154 0 1
      vertex 154.652 1.04491 0
    endloop
  endfacet
  facet normal 0.137898 -0.693512 -0.707124
    outer loop
      vertex 154.783 0.0513306 1
      vertex 154.652 1.04491 0
      vertex 155.553 0.204437 1
    endloop
  endfacet
  facet normal 0.227362 -0.669628 0.70704
    outer loop
      vertex 155.913 1.38254 4
      vertex 155.553 0.204437 3
      vertex 156.296 0.456711 3
    endloop
  endfacet
  facet normal 0.392506 0.588219 -0.707063
    outer loop
      vertex 157.043 217.965 0
      vertex 156.499 218.328 0
      vertex 157.653 218.76 1
    endloop
  endfacet
  facet normal 0.13723 0.693713 0.707057
    outer loop
      vertex 155.553 219.796 3
      vertex 154.652 218.955 4
      vertex 155.294 218.828 4
    endloop
  endfacet
  facet normal 0.55532 -0.831636 0
    outer loop
      vertex 157 0.803833 1
      vertex 157.653 1.23987 3
      vertex 157 0.803833 3
    endloop
  endfacet
  facet normal 0.55532 -0.831636 0
    outer loop
      vertex 157.653 1.23987 3
      vertex 157 0.803833 1
      vertex 157.653 1.23987 1
    endloop
  endfacet
  facet normal 0.634194 -0.312641 -0.707145
    outer loop
      vertex 159.196 3 1
      vertex 158.328 3.5011 0
      vertex 159.543 3.70389 1
    endloop
  endfacet
  facet normal 0.587918 -0.392804 -0.707147
    outer loop
      vertex 158.76 2.34743 1
      vertex 158.328 3.5011 0
      vertex 159.196 3 1
    endloop
  endfacet
  facet normal 0.587918 -0.392804 0.707147
    outer loop
      vertex 159.196 3 3
      vertex 158.328 3.5011 4
      vertex 158.76 2.34743 3
    endloop
  endfacet
  facet normal 0.980813 -0.19495 0
    outer loop
      vertex 159.796 4.44708 3
      vertex 159.949 5.21684 1
      vertex 159.949 5.21684 3
    endloop
  endfacet
  facet normal 0.980813 -0.19495 0
    outer loop
      vertex 159.949 5.21684 1
      vertex 159.796 4.44708 3
      vertex 159.796 4.44708 1
    endloop
  endfacet
  facet normal 0.634197 -0.312615 -0.707154
    outer loop
      vertex 159.543 3.70389 1
      vertex 158.328 3.5011 0
      vertex 158.617 4.08739 0
    endloop
  endfacet
  facet normal 0.13723 0.693713 -0.707057
    outer loop
      vertex 155.294 218.828 0
      vertex 154.652 218.955 0
      vertex 155.553 219.796 1
    endloop
  endfacet
  facet normal 0.31261 0.634228 -0.707128
    outer loop
      vertex 156.499 218.328 0
      vertex 156.296 219.543 1
      vertex 157 219.196 1
    endloop
  endfacet
  facet normal 0.0649964 0.997886 -0
    outer loop
      vertex 154.783 219.949 1
      vertex 154 220 3
      vertex 154.783 219.949 3
    endloop
  endfacet
  facet normal 0.0649964 0.997886 0
    outer loop
      vertex 154 220 3
      vertex 154.783 219.949 1
      vertex 154 220 1
    endloop
  endfacet
  facet normal 0.705466 0.0459499 -0.707253
    outer loop
      vertex 160 214 1
      vertex 158.955 214.652 0
      vertex 159.949 214.783 1
    endloop
  endfacet
  facet normal 0.669326 -0.228155 -0.70707
    outer loop
      vertex 159.796 4.44708 1
      vertex 158.617 4.08739 0
      vertex 158.828 4.70639 0
    endloop
  endfacet
  facet normal 0.705586 -0.0463375 -0.707108
    outer loop
      vertex 160 6 1
      vertex 158.955 5.34763 0
      vertex 159 6.03285 0
    endloop
  endfacet
  facet normal 0.392632 0.588048 -0.707135
    outer loop
      vertex 157.653 218.76 1
      vertex 156.499 218.328 0
      vertex 157 219.196 1
    endloop
  endfacet
  facet normal 0.659046 0.752103 -0
    outer loop
      vertex 158.243 218.243 1
      vertex 157.653 218.76 3
      vertex 158.243 218.243 3
    endloop
  endfacet
  facet normal 0.659046 0.752103 0
    outer loop
      vertex 157.653 218.76 3
      vertex 158.243 218.243 1
      vertex 157.653 218.76 1
    endloop
  endfacet
  facet normal 0.669359 0.228166 -0.707035
    outer loop
      vertex 158.828 215.294 0
      vertex 158.617 215.913 0
      vertex 159.796 215.553 1
    endloop
  endfacet
  facet normal 0.705472 -0.0459409 0.707248
    outer loop
      vertex 160 6 3
      vertex 158.955 5.34763 4
      vertex 159.949 5.21684 3
    endloop
  endfacet
  facet normal 0.752103 0.659046 0
    outer loop
      vertex 158.76 217.653 3
      vertex 158.243 218.243 1
      vertex 158.243 218.243 3
    endloop
  endfacet
  facet normal 0.752103 0.659046 0
    outer loop
      vertex 158.243 218.243 1
      vertex 158.76 217.653 3
      vertex 158.76 217.653 1
    endloop
  endfacet
  facet normal 0.465898 0.531683 -0.707285
    outer loop
      vertex 158.243 218.243 1
      vertex 157.534 217.534 0
      vertex 157.653 218.76 1
    endloop
  endfacet
  facet normal 0.669321 -0.227853 -0.707173
    outer loop
      vertex 159.543 3.70389 1
      vertex 158.617 4.08739 0
      vertex 159.796 4.44708 1
    endloop
  endfacet
  facet normal 0.693392 -0.137821 -0.707257
    outer loop
      vertex 159.796 4.44708 1
      vertex 158.955 5.34763 0
      vertex 159.949 5.21684 1
    endloop
  endfacet
  facet normal 0.693656 -0.137381 -0.707084
    outer loop
      vertex 159.796 4.44708 1
      vertex 158.828 4.70639 0
      vertex 158.955 5.34763 0
    endloop
  endfacet
  facet normal 0.555288 0.831658 -0
    outer loop
      vertex 157.653 218.76 1
      vertex 157 219.196 3
      vertex 157.653 218.76 3
    endloop
  endfacet
  facet normal 0.555288 0.831658 0
    outer loop
      vertex 157 219.196 3
      vertex 157.653 218.76 1
      vertex 157 219.196 1
    endloop
  endfacet
  facet normal -1 0 0
    outer loop
      vertex 6.7 19.85 0
      vertex 6.7 40.15 4
      vertex 6.7 40.15 0
    endloop
  endfacet
  facet normal -1 -0 0
    outer loop
      vertex 6.7 40.15 4
      vertex 6.7 19.85 0
      vertex 6.7 19.85 4
    endloop
  endfacet
  facet normal -1 0 0
    outer loop
      vertex 6.7 59.85 0
      vertex 6.7 80.15 4
      vertex 6.7 80.15 0
    endloop
  endfacet
  facet normal -1 -0 0
    outer loop
      vertex 6.7 80.15 4
      vertex 6.7 59.85 0
      vertex 6.7 59.85 4
    endloop
  endfacet
  facet normal -1 0 0
    outer loop
      vertex 6.7 99.85 0
      vertex 6.7 120.15 4
      vertex 6.7 120.15 0
    endloop
  endfacet
  facet normal -1 -0 0
    outer loop
      vertex 6.7 120.15 4
      vertex 6.7 99.85 0
      vertex 6.7 99.85 4
    endloop
  endfacet
  facet normal -1 0 0
    outer loop
      vertex 6.7 139.85 0
      vertex 6.7 160.15 4
      vertex 6.7 160.15 0
    endloop
  endfacet
  facet normal -1 -0 0
    outer loop
      vertex 6.7 160.15 4
      vertex 6.7 139.85 0
      vertex 6.7 139.85 4
    endloop
  endfacet
  facet normal -1 0 0
    outer loop
      vertex 6.7 179.85 0
      vertex 6.7 200.15 4
      vertex 6.7 200.15 0
    endloop
  endfacet
  facet normal -1 -0 0
    outer loop
      vertex 6.7 200.15 4
      vertex 6.7 179.85 0
      vertex 6.7 179.85 4
    endloop
  endfacet
  facet normal 0.321731 0.946831 -0
    outer loop
      vertex 120.429 89.8726 2.8
      vertex 119.439 90.209 4
      vertex 120.429 89.8726 4
    endloop
  endfacet
  facet normal 0.321731 0.946831 0
    outer loop
      vertex 119.439 90.209 4
      vertex 120.429 89.8726 2.8
      vertex 119.439 90.209 2.8
    endloop
  endfacet
  facet normal 0.195014 0.9808 -0
    outer loop
      vertex 121.456 89.6684 2.8
      vertex 120.429 89.8726 4
      vertex 121.456 89.6684 4
    endloop
  endfacet
  facet normal 0.195014 0.9808 0
    outer loop
      vertex 120.429 89.8726 4
      vertex 121.456 89.6684 2.8
      vertex 120.429 89.8726 2.8
    endloop
  endfacet
  facet normal 0.0653771 0.997861 -0
    outer loop
      vertex 122.5 89.6 2.8
      vertex 121.456 89.6684 4
      vertex 122.5 89.6 4
    endloop
  endfacet
  facet normal 0.0653771 0.997861 0
    outer loop
      vertex 121.456 89.6684 4
      vertex 122.5 89.6 2.8
      vertex 121.456 89.6684 2.8
    endloop
  endfacet
  facet normal 0 -1 0
    outer loop
      vertex 122.5 130.4 2.8
      vertex 159 130.4 4
      vertex 122.5 130.4 4
    endloop
  endfacet
  facet normal 0 -1 0
    outer loop
      vertex 160 130.4 2.8
      vertex 159 130.4 4
      vertex 122.5 130.4 2.8
    endloop
  endfacet
  facet normal 0 -1 0
    outer loop
      vertex 159 130.4 4
      vertex 160 130.4 2.8
      vertex 160 130.4 3
    endloop
  endfacet
  facet normal 0.980654 -0.195749 0
    outer loop
      vertex 114.568 123.444 4
      vertex 114.773 124.471 2.8
      vertex 114.773 124.471 4
    endloop
  endfacet
  facet normal 0.980654 -0.195749 0
    outer loop
      vertex 114.773 124.471 2.8
      vertex 114.568 123.444 4
      vertex 114.568 123.444 2.8
    endloop
  endfacet
  facet normal 0.831609 -0.555362 0
    outer loop
      vertex 115.572 126.4 4
      vertex 116.153 127.27 2.8
      vertex 116.153 127.27 4
    endloop
  endfacet
  facet normal 0.831609 -0.555362 0
    outer loop
      vertex 116.153 127.27 2.8
      vertex 115.572 126.4 4
      vertex 115.572 126.4 2.8
    endloop
  endfacet
  facet normal 0.321388 -0.946948 0
    outer loop
      vertex 119.439 129.791 2.8
      vertex 120.429 130.127 4
      vertex 119.439 129.791 4
    endloop
  endfacet
  facet normal 0.321388 -0.946948 0
    outer loop
      vertex 120.429 130.127 4
      vertex 119.439 129.791 2.8
      vertex 120.429 130.127 2.8
    endloop
  endfacet
  facet normal 0.0649964 -0.997886 0
    outer loop
      vertex 121.456 130.332 2.8
      vertex 122.5 130.4 4
      vertex 121.456 130.332 4
    endloop
  endfacet
  facet normal 0.0649964 -0.997886 0
    outer loop
      vertex 122.5 130.4 4
      vertex 121.456 130.332 2.8
      vertex 122.5 130.4 2.8
    endloop
  endfacet
  facet normal 0 1 -0
    outer loop
      vertex 160 89.6 2.8
      vertex 159 89.6 4
      vertex 160 89.6 3
    endloop
  endfacet
  facet normal 0 1 0
    outer loop
      vertex 159 89.6 4
      vertex 160 89.6 2.8
      vertex 122.5 89.6 2.8
    endloop
  endfacet
  facet normal 0 1 0
    outer loop
      vertex 159 89.6 4
      vertex 122.5 89.6 2.8
      vertex 122.5 89.6 4
    endloop
  endfacet
  facet normal 0.44224 -0.896897 0
    outer loop
      vertex 118.5 129.328 2.8
      vertex 119.439 129.791 4
      vertex 118.5 129.328 4
    endloop
  endfacet
  facet normal 0.44224 -0.896897 0
    outer loop
      vertex 119.439 129.791 4
      vertex 118.5 129.328 2.8
      vertex 119.439 129.791 2.8
    endloop
  endfacet
  facet normal 0.659194 0.751973 -0
    outer loop
      vertex 117.63 91.2532 2.8
      vertex 116.843 91.9431 4
      vertex 117.63 91.2532 4
    endloop
  endfacet
  facet normal 0.659194 0.751973 0
    outer loop
      vertex 116.843 91.9431 4
      vertex 117.63 91.2532 2.8
      vertex 116.843 91.9431 2.8
    endloop
  endfacet
  facet normal 0.947036 0.321126 0
    outer loop
      vertex 115.109 94.5385 4
      vertex 114.773 95.5294 2.8
      vertex 114.773 95.5294 4
    endloop
  endfacet
  facet normal 0.947036 0.321126 0
    outer loop
      vertex 114.773 95.5294 2.8
      vertex 115.109 94.5385 4
      vertex 115.109 94.5385 2.8
    endloop
  endfacet
  facet normal 0.997886 0.064984 0
    outer loop
      vertex 114.568 96.5558 4
      vertex 114.5 97.6 2.8
      vertex 114.5 97.6 4
    endloop
  endfacet
  facet normal 0.997886 0.064984 0
    outer loop
      vertex 114.5 97.6 2.8
      vertex 114.568 96.5558 4
      vertex 114.568 96.5558 2.8
    endloop
  endfacet
  facet normal 0.831638 0.555318 0
    outer loop
      vertex 116.153 92.7299 4
      vertex 115.572 93.6 2.8
      vertex 115.572 93.6 4
    endloop
  endfacet
  facet normal 0.831638 0.555318 0
    outer loop
      vertex 115.572 93.6 2.8
      vertex 116.153 92.7299 4
      vertex 116.153 92.7299 2.8
    endloop
  endfacet
  facet normal 0.195749 -0.980654 0
    outer loop
      vertex 120.429 130.127 2.8
      vertex 121.456 130.332 4
      vertex 120.429 130.127 4
    endloop
  endfacet
  facet normal 0.195749 -0.980654 0
    outer loop
      vertex 121.456 130.332 4
      vertex 120.429 130.127 2.8
      vertex 121.456 130.332 2.8
    endloop
  endfacet
  facet normal 0.442086 0.896973 -0
    outer loop
      vertex 119.439 90.209 2.8
      vertex 118.5 90.6718 4
      vertex 119.439 90.209 4
    endloop
  endfacet
  facet normal 0.442086 0.896973 0
    outer loop
      vertex 118.5 90.6718 4
      vertex 119.439 90.209 2.8
      vertex 118.5 90.6718 2.8
    endloop
  endfacet
  facet normal 0.896897 -0.44224 0
    outer loop
      vertex 115.109 125.461 4
      vertex 115.572 126.4 2.8
      vertex 115.572 126.4 4
    endloop
  endfacet
  facet normal 0.896897 -0.44224 0
    outer loop
      vertex 115.572 126.4 2.8
      vertex 115.109 125.461 4
      vertex 115.109 125.461 2.8
    endloop
  endfacet
  facet normal 1 -0 0
    outer loop
      vertex 114.5 97.6 4
      vertex 114.5 122.4 2.8
      vertex 114.5 122.4 4
    endloop
  endfacet
  facet normal 1 0 0
    outer loop
      vertex 114.5 122.4 2.8
      vertex 114.5 97.6 4
      vertex 114.5 97.6 2.8
    endloop
  endfacet
  facet normal 0.751842 0.659343 0
    outer loop
      vertex 116.843 91.9431 4
      vertex 116.153 92.7299 2.8
      vertex 116.153 92.7299 4
    endloop
  endfacet
  facet normal 0.751842 0.659343 0
    outer loop
      vertex 116.153 92.7299 2.8
      vertex 116.843 91.9431 4
      vertex 116.843 91.9431 2.8
    endloop
  endfacet
  facet normal 0 0 1
    outer loop
      vertex 160 130.4 2.8
      vertex 143.975 110 2.8
      vertex 160 89.6 2.8
    endloop
  endfacet
  facet normal 0 0 1
    outer loop
      vertex 160 130.4 2.8
      vertex 143.949 110.401 2.8
      vertex 143.975 110 2.8
    endloop
  endfacet
  facet normal 0 0 1
    outer loop
      vertex 160 130.4 2.8
      vertex 143.87 110.796 2.8
      vertex 143.949 110.401 2.8
    endloop
  endfacet
  facet normal 0 0 1
    outer loop
      vertex 160 130.4 2.8
      vertex 143.741 111.177 2.8
      vertex 143.87 110.796 2.8
    endloop
  endfacet
  facet normal 0 0 1
    outer loop
      vertex 160 130.4 2.8
      vertex 143.563 111.537 2.8
      vertex 143.741 111.177 2.8
    endloop
  endfacet
  facet normal 0 0 1
    outer loop
      vertex 160 130.4 2.8
      vertex 143.34 111.872 2.8
      vertex 143.563 111.537 2.8
    endloop
  endfacet
  facet normal 0 0 1
    outer loop
      vertex 160 130.4 2.8
      vertex 143.074 112.174 2.8
      vertex 143.34 111.872 2.8
    endloop
  endfacet
  facet normal 0 0 1
    outer loop
      vertex 160 130.4 2.8
      vertex 142.772 112.44 2.8
      vertex 143.074 112.174 2.8
    endloop
  endfacet
  facet normal 0 0 1
    outer loop
      vertex 160 130.4 2.8
      vertex 142.438 112.663 2.8
      vertex 142.772 112.44 2.8
    endloop
  endfacet
  facet normal 0 0 1
    outer loop
      vertex 160 130.4 2.8
      vertex 142.077 112.841 2.8
      vertex 142.438 112.663 2.8
    endloop
  endfacet
  facet normal 0 0 1
    outer loop
      vertex 160 130.4 2.8
      vertex 141.696 112.97 2.8
      vertex 142.077 112.841 2.8
    endloop
  endfacet
  facet normal 0 0 1
    outer loop
      vertex 160 130.4 2.8
      vertex 141.301 113.049 2.8
      vertex 141.696 112.97 2.8
    endloop
  endfacet
  facet normal 0 0 1
    outer loop
      vertex 160 130.4 2.8
      vertex 140.9 113.075 2.8
      vertex 141.301 113.049 2.8
    endloop
  endfacet
  facet normal -0 0 1
    outer loop
      vertex 122.5 130.4 2.8
      vertex 140.9 113.075 2.8
      vertex 160 130.4 2.8
    endloop
  endfacet
  facet normal 0 0 1
    outer loop
      vertex 140.9 113.075 2.8
      vertex 122.5 130.4 2.8
      vertex 140.499 113.049 2.8
    endloop
  endfacet
  facet normal 0 0 1
    outer loop
      vertex 140.499 113.049 2.8
      vertex 122.5 130.4 2.8
      vertex 140.104 112.97 2.8
    endloop
  endfacet
  facet normal 0 0 1
    outer loop
      vertex 140.104 112.97 2.8
      vertex 122.5 130.4 2.8
      vertex 139.723 112.841 2.8
    endloop
  endfacet
  facet normal 0 0 1
    outer loop
      vertex 139.723 112.841 2.8
      vertex 122.5 130.4 2.8
      vertex 139.363 112.663 2.8
    endloop
  endfacet
  facet normal 0 0 1
    outer loop
      vertex 137.93 110.796 2.8
      vertex 114.5 122.4 2.8
      vertex 137.851 110.401 2.8
    endloop
  endfacet
  facet normal 0 0 1
    outer loop
      vertex 138.059 111.177 2.8
      vertex 114.5 122.4 2.8
      vertex 137.93 110.796 2.8
    endloop
  endfacet
  facet normal 0 0 1
    outer loop
      vertex 138.237 111.537 2.8
      vertex 114.5 122.4 2.8
      vertex 138.059 111.177 2.8
    endloop
  endfacet
  facet normal -0 0 1
    outer loop
      vertex 114.5 122.4 2.8
      vertex 138.237 111.537 2.8
      vertex 122.5 130.4 2.8
    endloop
  endfacet
  facet normal 0 0 1
    outer loop
      vertex 138.46 111.872 2.8
      vertex 122.5 130.4 2.8
      vertex 138.237 111.537 2.8
    endloop
  endfacet
  facet normal 0 0 1
    outer loop
      vertex 138.726 112.174 2.8
      vertex 122.5 130.4 2.8
      vertex 138.46 111.872 2.8
    endloop
  endfacet
  facet normal 0 0 1
    outer loop
      vertex 139.028 112.44 2.8
      vertex 122.5 130.4 2.8
      vertex 138.726 112.174 2.8
    endloop
  endfacet
  facet normal 0 0 1
    outer loop
      vertex 139.363 112.663 2.8
      vertex 122.5 130.4 2.8
      vertex 139.028 112.44 2.8
    endloop
  endfacet
  facet normal -0 0 1
    outer loop
      vertex 143.949 109.599 2.8
      vertex 160 89.6 2.8
      vertex 143.975 110 2.8
    endloop
  endfacet
  facet normal -0 0 1
    outer loop
      vertex 143.87 109.204 2.8
      vertex 160 89.6 2.8
      vertex 143.949 109.599 2.8
    endloop
  endfacet
  facet normal -0 0 1
    outer loop
      vertex 143.741 108.823 2.8
      vertex 160 89.6 2.8
      vertex 143.87 109.204 2.8
    endloop
  endfacet
  facet normal -0 0 1
    outer loop
      vertex 143.563 108.463 2.8
      vertex 160 89.6 2.8
      vertex 143.741 108.823 2.8
    endloop
  endfacet
  facet normal -0 0 1
    outer loop
      vertex 143.34 108.128 2.8
      vertex 160 89.6 2.8
      vertex 143.563 108.463 2.8
    endloop
  endfacet
  facet normal -0 0 1
    outer loop
      vertex 143.074 107.826 2.8
      vertex 160 89.6 2.8
      vertex 143.34 108.128 2.8
    endloop
  endfacet
  facet normal -0 0 1
    outer loop
      vertex 142.772 107.56 2.8
      vertex 160 89.6 2.8
      vertex 143.074 107.826 2.8
    endloop
  endfacet
  facet normal -0 0 1
    outer loop
      vertex 142.438 107.337 2.8
      vertex 160 89.6 2.8
      vertex 142.772 107.56 2.8
    endloop
  endfacet
  facet normal -0 0 1
    outer loop
      vertex 142.077 107.159 2.8
      vertex 160 89.6 2.8
      vertex 142.438 107.337 2.8
    endloop
  endfacet
  facet normal -0 0 1
    outer loop
      vertex 141.696 107.03 2.8
      vertex 160 89.6 2.8
      vertex 142.077 107.159 2.8
    endloop
  endfacet
  facet normal -0 0 1
    outer loop
      vertex 141.301 106.951 2.8
      vertex 160 89.6 2.8
      vertex 141.696 107.03 2.8
    endloop
  endfacet
  facet normal -0 0 1
    outer loop
      vertex 140.9 106.925 2.8
      vertex 160 89.6 2.8
      vertex 141.301 106.951 2.8
    endloop
  endfacet
  facet normal 0 0 1
    outer loop
      vertex 122.5 89.6 2.8
      vertex 140.9 106.925 2.8
      vertex 140.499 106.951 2.8
    endloop
  endfacet
  facet normal 0 0 1
    outer loop
      vertex 122.5 89.6 2.8
      vertex 140.499 106.951 2.8
      vertex 140.104 107.03 2.8
    endloop
  endfacet
  facet normal 0 0 1
    outer loop
      vertex 122.5 89.6 2.8
      vertex 140.104 107.03 2.8
      vertex 139.723 107.159 2.8
    endloop
  endfacet
  facet normal 0 0 1
    outer loop
      vertex 122.5 89.6 2.8
      vertex 139.723 107.159 2.8
      vertex 139.363 107.337 2.8
    endloop
  endfacet
  facet normal 0 0 1
    outer loop
      vertex 122.5 89.6 2.8
      vertex 139.363 107.337 2.8
      vertex 139.028 107.56 2.8
    endloop
  endfacet
  facet normal 0 0 1
    outer loop
      vertex 137.851 110.401 2.8
      vertex 114.5 122.4 2.8
      vertex 137.825 110 2.8
    endloop
  endfacet
  facet normal 0 0 1
    outer loop
      vertex 114.5 97.6 2.8
      vertex 137.825 110 2.8
      vertex 114.5 122.4 2.8
    endloop
  endfacet
  facet normal 0 0 1
    outer loop
      vertex 137.825 110 2.8
      vertex 114.5 97.6 2.8
      vertex 137.851 109.599 2.8
    endloop
  endfacet
  facet normal 0 0 1
    outer loop
      vertex 137.851 109.599 2.8
      vertex 114.5 97.6 2.8
      vertex 137.93 109.204 2.8
    endloop
  endfacet
  facet normal 0 0 1
    outer loop
      vertex 137.93 109.204 2.8
      vertex 114.5 97.6 2.8
      vertex 138.059 108.823 2.8
    endloop
  endfacet
  facet normal 0 0 1
    outer loop
      vertex 140.9 106.925 2.8
      vertex 122.5 89.6 2.8
      vertex 160 89.6 2.8
    endloop
  endfacet
  facet normal 0 0 1
    outer loop
      vertex 138.726 107.826 2.8
      vertex 122.5 89.6 2.8
      vertex 139.028 107.56 2.8
    endloop
  endfacet
  facet normal 0 0 1
    outer loop
      vertex 138.46 108.128 2.8
      vertex 122.5 89.6 2.8
      vertex 138.726 107.826 2.8
    endloop
  endfacet
  facet normal 0 0 1
    outer loop
      vertex 138.059 108.823 2.8
      vertex 114.5 97.6 2.8
      vertex 138.237 108.463 2.8
    endloop
  endfacet
  facet normal 0 0 1
    outer loop
      vertex 114.5 122.4 2.8
      vertex 122.5 130.4 2.8
      vertex 121.456 130.332 2.8
    endloop
  endfacet
  facet normal 0 -0 1
    outer loop
      vertex 122.5 89.6 2.8
      vertex 138.237 108.463 2.8
      vertex 114.5 97.6 2.8
    endloop
  endfacet
  facet normal 0 0 1
    outer loop
      vertex 114.5 122.4 2.8
      vertex 121.456 130.332 2.8
      vertex 120.429 130.127 2.8
    endloop
  endfacet
  facet normal 0 0 1
    outer loop
      vertex 138.237 108.463 2.8
      vertex 122.5 89.6 2.8
      vertex 138.46 108.128 2.8
    endloop
  endfacet
  facet normal 0 0 1
    outer loop
      vertex 114.5 122.4 2.8
      vertex 120.429 130.127 2.8
      vertex 119.439 129.791 2.8
    endloop
  endfacet
  facet normal 0 0 1
    outer loop
      vertex 122.5 89.6 2.8
      vertex 114.5 97.6 2.8
      vertex 121.456 89.6684 2.8
    endloop
  endfacet
  facet normal 0 0 1
    outer loop
      vertex 114.5 122.4 2.8
      vertex 119.439 129.791 2.8
      vertex 118.5 129.328 2.8
    endloop
  endfacet
  facet normal 0 0 1
    outer loop
      vertex 121.456 89.6684 2.8
      vertex 114.5 97.6 2.8
      vertex 120.429 89.8726 2.8
    endloop
  endfacet
  facet normal 0 0 1
    outer loop
      vertex 114.5 122.4 2.8
      vertex 118.5 129.328 2.8
      vertex 117.63 128.747 2.8
    endloop
  endfacet
  facet normal 0 0 1
    outer loop
      vertex 120.429 89.8726 2.8
      vertex 114.5 97.6 2.8
      vertex 119.439 90.209 2.8
    endloop
  endfacet
  facet normal 0 0 1
    outer loop
      vertex 114.5 122.4 2.8
      vertex 117.63 128.747 2.8
      vertex 116.843 128.057 2.8
    endloop
  endfacet
  facet normal 0 0 1
    outer loop
      vertex 119.439 90.209 2.8
      vertex 114.5 97.6 2.8
      vertex 118.5 90.6718 2.8
    endloop
  endfacet
  facet normal 0 0 1
    outer loop
      vertex 114.5 122.4 2.8
      vertex 116.843 128.057 2.8
      vertex 116.153 127.27 2.8
    endloop
  endfacet
  facet normal 0 0 1
    outer loop
      vertex 118.5 90.6718 2.8
      vertex 114.5 97.6 2.8
      vertex 117.63 91.2532 2.8
    endloop
  endfacet
  facet normal 0 0 1
    outer loop
      vertex 114.5 122.4 2.8
      vertex 116.153 127.27 2.8
      vertex 115.572 126.4 2.8
    endloop
  endfacet
  facet normal 0 0 1
    outer loop
      vertex 117.63 91.2532 2.8
      vertex 114.5 97.6 2.8
      vertex 116.843 91.9431 2.8
    endloop
  endfacet
  facet normal 0 0 1
    outer loop
      vertex 114.5 122.4 2.8
      vertex 115.572 126.4 2.8
      vertex 115.109 125.461 2.8
    endloop
  endfacet
  facet normal 0 0 1
    outer loop
      vertex 116.843 91.9431 2.8
      vertex 114.5 97.6 2.8
      vertex 116.153 92.7299 2.8
    endloop
  endfacet
  facet normal 0 0 1
    outer loop
      vertex 114.5 122.4 2.8
      vertex 115.109 125.461 2.8
      vertex 114.773 124.471 2.8
    endloop
  endfacet
  facet normal 0 0 1
    outer loop
      vertex 116.153 92.7299 2.8
      vertex 114.5 97.6 2.8
      vertex 115.572 93.6 2.8
    endloop
  endfacet
  facet normal 0 0 1
    outer loop
      vertex 114.5 122.4 2.8
      vertex 114.773 124.471 2.8
      vertex 114.568 123.444 2.8
    endloop
  endfacet
  facet normal 0 0 1
    outer loop
      vertex 115.572 93.6 2.8
      vertex 114.5 97.6 2.8
      vertex 115.109 94.5385 2.8
    endloop
  endfacet
  facet normal 0 0 1
    outer loop
      vertex 115.109 94.5385 2.8
      vertex 114.5 97.6 2.8
      vertex 114.773 95.5294 2.8
    endloop
  endfacet
  facet normal 0 0 1
    outer loop
      vertex 114.773 95.5294 2.8
      vertex 114.5 97.6 2.8
      vertex 114.568 96.5558 2.8
    endloop
  endfacet
  facet normal 0.555362 -0.831609 0
    outer loop
      vertex 117.63 128.747 2.8
      vertex 118.5 129.328 4
      vertex 117.63 128.747 4
    endloop
  endfacet
  facet normal 0.555362 -0.831609 0
    outer loop
      vertex 118.5 129.328 4
      vertex 117.63 128.747 2.8
      vertex 118.5 129.328 2.8
    endloop
  endfacet
  facet normal 0.555626 0.831432 -0
    outer loop
      vertex 118.5 90.6718 2.8
      vertex 117.63 91.2532 4
      vertex 118.5 90.6718 4
    endloop
  endfacet
  facet normal 0.555626 0.831432 0
    outer loop
      vertex 117.63 91.2532 4
      vertex 118.5 90.6718 2.8
      vertex 117.63 91.2532 2.8
    endloop
  endfacet
  facet normal 0.946948 -0.321388 0
    outer loop
      vertex 114.773 124.471 4
      vertex 115.109 125.461 2.8
      vertex 115.109 125.461 4
    endloop
  endfacet
  facet normal 0.946948 -0.321388 0
    outer loop
      vertex 115.109 125.461 2.8
      vertex 114.773 124.471 4
      vertex 114.773 124.471 2.8
    endloop
  endfacet
  facet normal 0.980632 0.195859 0
    outer loop
      vertex 114.773 95.5294 4
      vertex 114.568 96.5558 2.8
      vertex 114.568 96.5558 4
    endloop
  endfacet
  facet normal 0.980632 0.195859 0
    outer loop
      vertex 114.568 96.5558 2.8
      vertex 114.773 95.5294 4
      vertex 114.773 95.5294 2.8
    endloop
  endfacet
  facet normal 0.997886 -0.0649964 0
    outer loop
      vertex 114.5 122.4 4
      vertex 114.568 123.444 2.8
      vertex 114.568 123.444 4
    endloop
  endfacet
  facet normal 0.997886 -0.0649964 0
    outer loop
      vertex 114.568 123.444 2.8
      vertex 114.5 122.4 4
      vertex 114.5 122.4 2.8
    endloop
  endfacet
  facet normal 0.751925 -0.659248 0
    outer loop
      vertex 116.153 127.27 4
      vertex 116.843 128.057 2.8
      vertex 116.843 128.057 4
    endloop
  endfacet
  facet normal 0.751925 -0.659248 0
    outer loop
      vertex 116.843 128.057 2.8
      vertex 116.153 127.27 4
      vertex 116.153 127.27 2.8
    endloop
  endfacet
  facet normal 0.659248 -0.751925 0
    outer loop
      vertex 116.843 128.057 2.8
      vertex 117.63 128.747 4
      vertex 116.843 128.057 4
    endloop
  endfacet
  facet normal 0.659248 -0.751925 0
    outer loop
      vertex 117.63 128.747 4
      vertex 116.843 128.057 2.8
      vertex 117.63 128.747 2.8
    endloop
  endfacet
  facet normal 0.896803 0.442429 0
    outer loop
      vertex 115.572 93.6 4
      vertex 115.109 94.5385 2.8
      vertex 115.109 94.5385 4
    endloop
  endfacet
  facet normal 0.896803 0.442429 0
    outer loop
      vertex 115.109 94.5385 2.8
      vertex 115.572 93.6 4
      vertex 115.572 93.6 2.8
    endloop
  endfacet
  facet normal 0.443225 0.89641 -0
    outer loop
      vertex 139.723 107.159 0.7
      vertex 139.363 107.337 2.8
      vertex 139.723 107.159 2.8
    endloop
  endfacet
  facet normal 0.443225 0.89641 0
    outer loop
      vertex 139.363 107.337 2.8
      vertex 139.723 107.159 0.7
      vertex 139.363 107.337 0.7
    endloop
  endfacet
  facet normal -0.980581 -0.196116 0
    outer loop
      vertex 143.949 110.401 0.7
      vertex 143.87 110.796 2.8
      vertex 143.87 110.796 0.7
    endloop
  endfacet
  facet normal -0.980581 -0.196116 0
    outer loop
      vertex 143.87 110.796 2.8
      vertex 143.949 110.401 0.7
      vertex 143.949 110.401 2.8
    endloop
  endfacet
  facet normal -0.997905 -0.064702 0
    outer loop
      vertex 143.975 110 0.7
      vertex 143.949 110.401 2.8
      vertex 143.949 110.401 0.7
    endloop
  endfacet
  facet normal -0.997905 -0.064702 0
    outer loop
      vertex 143.949 110.401 2.8
      vertex 143.975 110 0.7
      vertex 143.975 110 2.8
    endloop
  endfacet
  facet normal -0.750418 -0.660964 0
    outer loop
      vertex 143.34 111.872 0.7
      vertex 143.074 112.174 2.8
      vertex 143.074 112.174 0.7
    endloop
  endfacet
  facet normal -0.750418 -0.660964 0
    outer loop
      vertex 143.074 112.174 2.8
      vertex 143.34 111.872 0.7
      vertex 143.34 111.872 2.8
    endloop
  endfacet
  facet normal 0.064702 0.997905 -0
    outer loop
      vertex 140.9 106.925 0.7
      vertex 140.499 106.951 2.8
      vertex 140.9 106.925 2.8
    endloop
  endfacet
  facet normal 0.064702 0.997905 0
    outer loop
      vertex 140.499 106.951 2.8
      vertex 140.9 106.925 0.7
      vertex 140.499 106.951 0.7
    endloop
  endfacet
  facet normal -0.832432 -0.554127 0
    outer loop
      vertex 143.563 111.537 0.7
      vertex 143.34 111.872 2.8
      vertex 143.34 111.872 0.7
    endloop
  endfacet
  facet normal -0.832432 -0.554127 0
    outer loop
      vertex 143.34 111.872 2.8
      vertex 143.563 111.537 0.7
      vertex 143.563 111.537 2.8
    endloop
  endfacet
  facet normal -0.320699 0.947181 0
    outer loop
      vertex 142.077 107.159 0.7
      vertex 141.696 107.03 2.8
      vertex 142.077 107.159 2.8
    endloop
  endfacet
  facet normal -0.320699 0.947181 0
    outer loop
      vertex 141.696 107.03 2.8
      vertex 142.077 107.159 0.7
      vertex 141.696 107.03 0.7
    endloop
  endfacet
  facet normal -0.750418 0.660964 0
    outer loop
      vertex 143.074 107.826 0.7
      vertex 143.34 108.128 2.8
      vertex 143.34 108.128 0.7
    endloop
  endfacet
  facet normal -0.750418 0.660964 0
    outer loop
      vertex 143.34 108.128 2.8
      vertex 143.074 107.826 0.7
      vertex 143.074 107.826 2.8
    endloop
  endfacet
  facet normal 0.832432 0.554127 0
    outer loop
      vertex 138.46 108.128 2.8
      vertex 138.237 108.463 0.7
      vertex 138.237 108.463 2.8
    endloop
  endfacet
  facet normal 0.832432 0.554127 0
    outer loop
      vertex 138.237 108.463 0.7
      vertex 138.46 108.128 2.8
      vertex 138.46 108.128 0.7
    endloop
  endfacet
  facet normal -0.947181 0.320699 0
    outer loop
      vertex 143.741 108.823 0.7
      vertex 143.87 109.204 2.8
      vertex 143.87 109.204 0.7
    endloop
  endfacet
  facet normal -0.947181 0.320699 0
    outer loop
      vertex 143.87 109.204 2.8
      vertex 143.741 108.823 0.7
      vertex 143.741 108.823 2.8
    endloop
  endfacet
  facet normal 0.443225 -0.89641 0
    outer loop
      vertex 139.363 112.663 0.7
      vertex 139.723 112.841 2.8
      vertex 139.363 112.663 2.8
    endloop
  endfacet
  facet normal 0.443225 -0.89641 0
    outer loop
      vertex 139.723 112.841 2.8
      vertex 139.363 112.663 0.7
      vertex 139.723 112.841 0.7
    endloop
  endfacet
  facet normal -0.196116 -0.980581 0
    outer loop
      vertex 141.301 113.049 0.7
      vertex 141.696 112.97 2.8
      vertex 141.301 113.049 2.8
    endloop
  endfacet
  facet normal -0.196116 -0.980581 -0
    outer loop
      vertex 141.696 112.97 2.8
      vertex 141.301 113.049 0.7
      vertex 141.696 112.97 0.7
    endloop
  endfacet
  facet normal -0.997905 0.064702 0
    outer loop
      vertex 143.949 109.599 0.7
      vertex 143.975 110 2.8
      vertex 143.975 110 0.7
    endloop
  endfacet
  facet normal -0.997905 0.064702 0
    outer loop
      vertex 143.975 110 2.8
      vertex 143.949 109.599 0.7
      vertex 143.949 109.599 2.8
    endloop
  endfacet
  facet normal 0.980581 0.196116 0
    outer loop
      vertex 137.93 109.204 2.8
      vertex 137.851 109.599 0.7
      vertex 137.851 109.599 2.8
    endloop
  endfacet
  facet normal 0.980581 0.196116 0
    outer loop
      vertex 137.851 109.599 0.7
      vertex 137.93 109.204 2.8
      vertex 137.93 109.204 0.7
    endloop
  endfacet
  facet normal 0.980581 -0.196116 0
    outer loop
      vertex 137.851 110.401 2.8
      vertex 137.93 110.796 0.7
      vertex 137.93 110.796 2.8
    endloop
  endfacet
  facet normal 0.980581 -0.196116 0
    outer loop
      vertex 137.93 110.796 0.7
      vertex 137.851 110.401 2.8
      vertex 137.851 110.401 0.7
    endloop
  endfacet
  facet normal 0.750418 -0.660964 0
    outer loop
      vertex 138.46 111.872 2.8
      vertex 138.726 112.174 0.7
      vertex 138.726 112.174 2.8
    endloop
  endfacet
  facet normal 0.750418 -0.660964 0
    outer loop
      vertex 138.726 112.174 0.7
      vertex 138.46 111.872 2.8
      vertex 138.46 111.872 0.7
    endloop
  endfacet
  facet normal -0.196116 0.980581 0
    outer loop
      vertex 141.696 107.03 0.7
      vertex 141.301 106.951 2.8
      vertex 141.696 107.03 2.8
    endloop
  endfacet
  facet normal -0.196116 0.980581 0
    outer loop
      vertex 141.301 106.951 2.8
      vertex 141.696 107.03 0.7
      vertex 141.301 106.951 0.7
    endloop
  endfacet
  facet normal 0.750418 0.660964 0
    outer loop
      vertex 138.726 107.826 2.8
      vertex 138.46 108.128 0.7
      vertex 138.46 108.128 2.8
    endloop
  endfacet
  facet normal 0.750418 0.660964 0
    outer loop
      vertex 138.46 108.128 0.7
      vertex 138.726 107.826 2.8
      vertex 138.726 107.826 0.7
    endloop
  endfacet
  facet normal -0.89641 -0.443225 0
    outer loop
      vertex 143.741 111.177 0.7
      vertex 143.563 111.537 2.8
      vertex 143.563 111.537 0.7
    endloop
  endfacet
  facet normal -0.89641 -0.443225 0
    outer loop
      vertex 143.563 111.537 2.8
      vertex 143.741 111.177 0.7
      vertex 143.741 111.177 2.8
    endloop
  endfacet
  facet normal 0.320699 -0.947181 0
    outer loop
      vertex 139.723 112.841 0.7
      vertex 140.104 112.97 2.8
      vertex 139.723 112.841 2.8
    endloop
  endfacet
  facet normal 0.320699 -0.947181 0
    outer loop
      vertex 140.104 112.97 2.8
      vertex 139.723 112.841 0.7
      vertex 140.104 112.97 0.7
    endloop
  endfacet
  facet normal -0.442238 0.896898 0
    outer loop
      vertex 142.438 107.337 0.7
      vertex 142.077 107.159 2.8
      vertex 142.438 107.337 2.8
    endloop
  endfacet
  facet normal -0.442238 0.896898 0
    outer loop
      vertex 142.077 107.159 2.8
      vertex 142.438 107.337 0.7
      vertex 142.077 107.159 0.7
    endloop
  endfacet
  facet normal -0.89641 0.443225 0
    outer loop
      vertex 143.563 108.463 0.7
      vertex 143.741 108.823 2.8
      vertex 143.741 108.823 0.7
    endloop
  endfacet
  facet normal -0.89641 0.443225 0
    outer loop
      vertex 143.741 108.823 2.8
      vertex 143.563 108.463 0.7
      vertex 143.563 108.463 2.8
    endloop
  endfacet
  facet normal 0.832432 -0.554127 0
    outer loop
      vertex 138.237 111.537 2.8
      vertex 138.46 111.872 0.7
      vertex 138.46 111.872 2.8
    endloop
  endfacet
  facet normal 0.832432 -0.554127 0
    outer loop
      vertex 138.46 111.872 0.7
      vertex 138.237 111.537 2.8
      vertex 138.237 111.537 0.7
    endloop
  endfacet
  facet normal 0.89641 -0.443225 0
    outer loop
      vertex 138.059 111.177 2.8
      vertex 138.237 111.537 0.7
      vertex 138.237 111.537 2.8
    endloop
  endfacet
  facet normal 0.89641 -0.443225 0
    outer loop
      vertex 138.237 111.537 0.7
      vertex 138.059 111.177 2.8
      vertex 138.059 111.177 0.7
    endloop
  endfacet
  facet normal -0.442238 -0.896898 0
    outer loop
      vertex 142.077 112.841 0.7
      vertex 142.438 112.663 2.8
      vertex 142.077 112.841 2.8
    endloop
  endfacet
  facet normal -0.442238 -0.896898 -0
    outer loop
      vertex 142.438 112.663 2.8
      vertex 142.077 112.841 0.7
      vertex 142.438 112.663 0.7
    endloop
  endfacet
  facet normal -0.555275 -0.831667 0
    outer loop
      vertex 142.438 112.663 0.7
      vertex 142.772 112.44 2.8
      vertex 142.438 112.663 2.8
    endloop
  endfacet
  facet normal -0.555275 -0.831667 -0
    outer loop
      vertex 142.772 112.44 2.8
      vertex 142.438 112.663 0.7
      vertex 142.772 112.44 0.7
    endloop
  endfacet
  facet normal 0.660964 0.750418 -0
    outer loop
      vertex 139.028 107.56 0.7
      vertex 138.726 107.826 2.8
      vertex 139.028 107.56 2.8
    endloop
  endfacet
  facet normal 0.660964 0.750418 0
    outer loop
      vertex 138.726 107.826 2.8
      vertex 139.028 107.56 0.7
      vertex 138.726 107.826 0.7
    endloop
  endfacet
  facet normal 0.196116 -0.980581 0
    outer loop
      vertex 140.104 112.97 0.7
      vertex 140.499 113.049 2.8
      vertex 140.104 112.97 2.8
    endloop
  endfacet
  facet normal 0.196116 -0.980581 0
    outer loop
      vertex 140.499 113.049 2.8
      vertex 140.104 112.97 0.7
      vertex 140.499 113.049 0.7
    endloop
  endfacet
  facet normal -0.980581 0.196116 0
    outer loop
      vertex 143.87 109.204 0.7
      vertex 143.949 109.599 2.8
      vertex 143.949 109.599 0.7
    endloop
  endfacet
  facet normal -0.980581 0.196116 0
    outer loop
      vertex 143.949 109.599 2.8
      vertex 143.87 109.204 0.7
      vertex 143.87 109.204 2.8
    endloop
  endfacet
  facet normal -0.064702 0.997905 0
    outer loop
      vertex 141.301 106.951 0.7
      vertex 140.9 106.925 2.8
      vertex 141.301 106.951 2.8
    endloop
  endfacet
  facet normal -0.064702 0.997905 0
    outer loop
      vertex 140.9 106.925 2.8
      vertex 141.301 106.951 0.7
      vertex 140.9 106.925 0.7
    endloop
  endfacet
  facet normal 0.947181 0.320699 0
    outer loop
      vertex 138.059 108.823 2.8
      vertex 137.93 109.204 0.7
      vertex 137.93 109.204 2.8
    endloop
  endfacet
  facet normal 0.947181 0.320699 0
    outer loop
      vertex 137.93 109.204 0.7
      vertex 138.059 108.823 2.8
      vertex 138.059 108.823 0.7
    endloop
  endfacet
  facet normal -0.832432 0.554127 0
    outer loop
      vertex 143.34 108.128 0.7
      vertex 143.563 108.463 2.8
      vertex 143.563 108.463 0.7
    endloop
  endfacet
  facet normal -0.832432 0.554127 0
    outer loop
      vertex 143.563 108.463 2.8
      vertex 143.34 108.128 0.7
      vertex 143.34 108.128 2.8
    endloop
  endfacet
  facet normal -0.320699 -0.947181 0
    outer loop
      vertex 141.696 112.97 0.7
      vertex 142.077 112.841 2.8
      vertex 141.696 112.97 2.8
    endloop
  endfacet
  facet normal -0.320699 -0.947181 -0
    outer loop
      vertex 142.077 112.841 2.8
      vertex 141.696 112.97 0.7
      vertex 142.077 112.841 0.7
    endloop
  endfacet
  facet normal 0.89641 0.443225 0
    outer loop
      vertex 138.237 108.463 2.8
      vertex 138.059 108.823 0.7
      vertex 138.059 108.823 2.8
    endloop
  endfacet
  facet normal 0.89641 0.443225 0
    outer loop
      vertex 138.059 108.823 0.7
      vertex 138.237 108.463 2.8
      vertex 138.237 108.463 0.7
    endloop
  endfacet
  facet normal -0.947181 -0.320699 0
    outer loop
      vertex 143.87 110.796 0.7
      vertex 143.741 111.177 2.8
      vertex 143.741 111.177 0.7
    endloop
  endfacet
  facet normal -0.947181 -0.320699 0
    outer loop
      vertex 143.741 111.177 2.8
      vertex 143.87 110.796 0.7
      vertex 143.87 110.796 2.8
    endloop
  endfacet
  facet normal -0.555275 0.831667 0
    outer loop
      vertex 142.772 107.56 0.7
      vertex 142.438 107.337 2.8
      vertex 142.772 107.56 2.8
    endloop
  endfacet
  facet normal -0.555275 0.831667 0
    outer loop
      vertex 142.438 107.337 2.8
      vertex 142.772 107.56 0.7
      vertex 142.438 107.337 0.7
    endloop
  endfacet
  facet normal 0.196116 0.980581 -0
    outer loop
      vertex 140.499 106.951 0.7
      vertex 140.104 107.03 2.8
      vertex 140.499 106.951 2.8
    endloop
  endfacet
  facet normal 0.196116 0.980581 0
    outer loop
      vertex 140.104 107.03 2.8
      vertex 140.499 106.951 0.7
      vertex 140.104 107.03 0.7
    endloop
  endfacet
  facet normal 0.064702 -0.997905 0
    outer loop
      vertex 140.499 113.049 0.7
      vertex 140.9 113.075 2.8
      vertex 140.499 113.049 2.8
    endloop
  endfacet
  facet normal 0.064702 -0.997905 0
    outer loop
      vertex 140.9 113.075 2.8
      vertex 140.499 113.049 0.7
      vertex 140.9 113.075 0.7
    endloop
  endfacet
  facet normal 0 0 1
    outer loop
      vertex 143.949 110.401 0.7
      vertex 143.949 109.599 0.7
      vertex 143.975 110 0.7
    endloop
  endfacet
  facet normal 0 0 1
    outer loop
      vertex 143.87 110.796 0.7
      vertex 143.949 109.599 0.7
      vertex 143.949 110.401 0.7
    endloop
  endfacet
  facet normal 0 0 1
    outer loop
      vertex 143.87 110.796 0.7
      vertex 143.87 109.204 0.7
      vertex 143.949 109.599 0.7
    endloop
  endfacet
  facet normal 0 0 1
    outer loop
      vertex 143.741 111.177 0.7
      vertex 143.87 109.204 0.7
      vertex 143.87 110.796 0.7
    endloop
  endfacet
  facet normal 0 0 1
    outer loop
      vertex 143.741 111.177 0.7
      vertex 143.741 108.823 0.7
      vertex 143.87 109.204 0.7
    endloop
  endfacet
  facet normal 0 0 1
    outer loop
      vertex 143.563 111.537 0.7
      vertex 143.741 108.823 0.7
      vertex 143.741 111.177 0.7
    endloop
  endfacet
  facet normal 0 0 1
    outer loop
      vertex 143.563 111.537 0.7
      vertex 143.563 108.463 0.7
      vertex 143.741 108.823 0.7
    endloop
  endfacet
  facet normal 0 0 1
    outer loop
      vertex 143.34 111.872 0.7
      vertex 143.563 108.463 0.7
      vertex 143.563 111.537 0.7
    endloop
  endfacet
  facet normal 0 0 1
    outer loop
      vertex 143.34 111.872 0.7
      vertex 143.34 108.128 0.7
      vertex 143.563 108.463 0.7
    endloop
  endfacet
  facet normal 0 0 1
    outer loop
      vertex 143.074 112.174 0.7
      vertex 143.34 108.128 0.7
      vertex 143.34 111.872 0.7
    endloop
  endfacet
  facet normal 0 0 1
    outer loop
      vertex 143.074 112.174 0.7
      vertex 143.074 107.826 0.7
      vertex 143.34 108.128 0.7
    endloop
  endfacet
  facet normal 0 0 1
    outer loop
      vertex 142.772 112.44 0.7
      vertex 143.074 107.826 0.7
      vertex 143.074 112.174 0.7
    endloop
  endfacet
  facet normal 0 0 1
    outer loop
      vertex 142.772 112.44 0.7
      vertex 142.772 107.56 0.7
      vertex 143.074 107.826 0.7
    endloop
  endfacet
  facet normal 0 0 1
    outer loop
      vertex 142.438 112.663 0.7
      vertex 142.772 107.56 0.7
      vertex 142.772 112.44 0.7
    endloop
  endfacet
  facet normal 0 0 1
    outer loop
      vertex 142.438 112.663 0.7
      vertex 142.438 107.337 0.7
      vertex 142.772 107.56 0.7
    endloop
  endfacet
  facet normal 0 0 1
    outer loop
      vertex 142.077 112.841 0.7
      vertex 142.438 107.337 0.7
      vertex 142.438 112.663 0.7
    endloop
  endfacet
  facet normal 0 0 1
    outer loop
      vertex 142.077 112.841 0.7
      vertex 142.077 107.159 0.7
      vertex 142.438 107.337 0.7
    endloop
  endfacet
  facet normal 0 0 1
    outer loop
      vertex 141.696 112.97 0.7
      vertex 142.077 107.159 0.7
      vertex 142.077 112.841 0.7
    endloop
  endfacet
  facet normal 0 0 1
    outer loop
      vertex 141.696 112.97 0.7
      vertex 141.696 107.03 0.7
      vertex 142.077 107.159 0.7
    endloop
  endfacet
  facet normal 0 0 1
    outer loop
      vertex 141.301 113.049 0.7
      vertex 141.696 107.03 0.7
      vertex 141.696 112.97 0.7
    endloop
  endfacet
  facet normal 0 0 1
    outer loop
      vertex 141.301 113.049 0.7
      vertex 141.301 106.951 0.7
      vertex 141.696 107.03 0.7
    endloop
  endfacet
  facet normal 0 0 1
    outer loop
      vertex 140.9 113.075 0.7
      vertex 141.301 106.951 0.7
      vertex 141.301 113.049 0.7
    endloop
  endfacet
  facet normal 0 0 1
    outer loop
      vertex 140.9 113.075 0.7
      vertex 140.9 106.925 0.7
      vertex 141.301 106.951 0.7
    endloop
  endfacet
  facet normal -0 0 1
    outer loop
      vertex 140.499 113.049 0.7
      vertex 140.9 106.925 0.7
      vertex 140.9 113.075 0.7
    endloop
  endfacet
  facet normal 0 0 1
    outer loop
      vertex 140.499 113.049 0.7
      vertex 140.499 106.951 0.7
      vertex 140.9 106.925 0.7
    endloop
  endfacet
  facet normal -0 0 1
    outer loop
      vertex 140.104 112.97 0.7
      vertex 140.499 106.951 0.7
      vertex 140.499 113.049 0.7
    endloop
  endfacet
  facet normal 0 0 1
    outer loop
      vertex 140.104 112.97 0.7
      vertex 140.104 107.03 0.7
      vertex 140.499 106.951 0.7
    endloop
  endfacet
  facet normal -0 0 1
    outer loop
      vertex 139.723 112.841 0.7
      vertex 140.104 107.03 0.7
      vertex 140.104 112.97 0.7
    endloop
  endfacet
  facet normal 0 0 1
    outer loop
      vertex 139.723 112.841 0.7
      vertex 139.723 107.159 0.7
      vertex 140.104 107.03 0.7
    endloop
  endfacet
  facet normal -0 0 1
    outer loop
      vertex 139.363 112.663 0.7
      vertex 139.723 107.159 0.7
      vertex 139.723 112.841 0.7
    endloop
  endfacet
  facet normal 0 0 1
    outer loop
      vertex 139.363 112.663 0.7
      vertex 139.363 107.337 0.7
      vertex 139.723 107.159 0.7
    endloop
  endfacet
  facet normal -0 0 1
    outer loop
      vertex 139.028 112.44 0.7
      vertex 139.363 107.337 0.7
      vertex 139.363 112.663 0.7
    endloop
  endfacet
  facet normal 0 0 1
    outer loop
      vertex 139.028 112.44 0.7
      vertex 139.028 107.56 0.7
      vertex 139.363 107.337 0.7
    endloop
  endfacet
  facet normal -0 0 1
    outer loop
      vertex 138.726 112.174 0.7
      vertex 139.028 107.56 0.7
      vertex 139.028 112.44 0.7
    endloop
  endfacet
  facet normal 0 0 1
    outer loop
      vertex 138.726 112.174 0.7
      vertex 138.726 107.826 0.7
      vertex 139.028 107.56 0.7
    endloop
  endfacet
  facet normal -0 0 1
    outer loop
      vertex 138.46 111.872 0.7
      vertex 138.726 107.826 0.7
      vertex 138.726 112.174 0.7
    endloop
  endfacet
  facet normal 0 0 1
    outer loop
      vertex 138.46 111.872 0.7
      vertex 138.46 108.128 0.7
      vertex 138.726 107.826 0.7
    endloop
  endfacet
  facet normal -0 0 1
    outer loop
      vertex 138.237 111.537 0.7
      vertex 138.46 108.128 0.7
      vertex 138.46 111.872 0.7
    endloop
  endfacet
  facet normal 0 0 1
    outer loop
      vertex 138.237 111.537 0.7
      vertex 138.237 108.463 0.7
      vertex 138.46 108.128 0.7
    endloop
  endfacet
  facet normal -0 0 1
    outer loop
      vertex 138.059 111.177 0.7
      vertex 138.237 108.463 0.7
      vertex 138.237 111.537 0.7
    endloop
  endfacet
  facet normal 0 0 1
    outer loop
      vertex 138.059 111.177 0.7
      vertex 138.059 108.823 0.7
      vertex 138.237 108.463 0.7
    endloop
  endfacet
  facet normal -0 0 1
    outer loop
      vertex 137.93 110.796 0.7
      vertex 138.059 108.823 0.7
      vertex 138.059 111.177 0.7
    endloop
  endfacet
  facet normal 0 0 1
    outer loop
      vertex 137.93 110.796 0.7
      vertex 137.93 109.204 0.7
      vertex 138.059 108.823 0.7
    endloop
  endfacet
  facet normal -0 0 1
    outer loop
      vertex 137.851 110.401 0.7
      vertex 137.93 109.204 0.7
      vertex 137.93 110.796 0.7
    endloop
  endfacet
  facet normal 0 0 1
    outer loop
      vertex 137.851 110.401 0.7
      vertex 137.851 109.599 0.7
      vertex 137.93 109.204 0.7
    endloop
  endfacet
  facet normal 0 -0 1
    outer loop
      vertex 137.851 109.599 0.7
      vertex 137.851 110.401 0.7
      vertex 137.825 110 0.7
    endloop
  endfacet
  facet normal 0.660964 -0.750418 0
    outer loop
      vertex 138.726 112.174 0.7
      vertex 139.028 112.44 2.8
      vertex 138.726 112.174 2.8
    endloop
  endfacet
  facet normal 0.660964 -0.750418 0
    outer loop
      vertex 139.028 112.44 2.8
      vertex 138.726 112.174 0.7
      vertex 139.028 112.44 0.7
    endloop
  endfacet
  facet normal -0.660964 0.750418 0
    outer loop
      vertex 143.074 107.826 0.7
      vertex 142.772 107.56 2.8
      vertex 143.074 107.826 2.8
    endloop
  endfacet
  facet normal -0.660964 0.750418 0
    outer loop
      vertex 142.772 107.56 2.8
      vertex 143.074 107.826 0.7
      vertex 142.772 107.56 0.7
    endloop
  endfacet
  facet normal 0.554127 0.832432 -0
    outer loop
      vertex 139.363 107.337 0.7
      vertex 139.028 107.56 2.8
      vertex 139.363 107.337 2.8
    endloop
  endfacet
  facet normal 0.554127 0.832432 0
    outer loop
      vertex 139.028 107.56 2.8
      vertex 139.363 107.337 0.7
      vertex 139.028 107.56 0.7
    endloop
  endfacet
  facet normal 0.997905 0.064702 0
    outer loop
      vertex 137.851 109.599 2.8
      vertex 137.825 110 0.7
      vertex 137.825 110 2.8
    endloop
  endfacet
  facet normal 0.997905 0.064702 0
    outer loop
      vertex 137.825 110 0.7
      vertex 137.851 109.599 2.8
      vertex 137.851 109.599 0.7
    endloop
  endfacet
  facet normal 0.947181 -0.320699 0
    outer loop
      vertex 137.93 110.796 2.8
      vertex 138.059 111.177 0.7
      vertex 138.059 111.177 2.8
    endloop
  endfacet
  facet normal 0.947181 -0.320699 0
    outer loop
      vertex 138.059 111.177 0.7
      vertex 137.93 110.796 2.8
      vertex 137.93 110.796 0.7
    endloop
  endfacet
  facet normal 0.997905 -0.064702 0
    outer loop
      vertex 137.825 110 2.8
      vertex 137.851 110.401 0.7
      vertex 137.851 110.401 2.8
    endloop
  endfacet
  facet normal 0.997905 -0.064702 0
    outer loop
      vertex 137.851 110.401 0.7
      vertex 137.825 110 2.8
      vertex 137.825 110 0.7
    endloop
  endfacet
  facet normal -0.660964 -0.750418 0
    outer loop
      vertex 142.772 112.44 0.7
      vertex 143.074 112.174 2.8
      vertex 142.772 112.44 2.8
    endloop
  endfacet
  facet normal -0.660964 -0.750418 -0
    outer loop
      vertex 143.074 112.174 2.8
      vertex 142.772 112.44 0.7
      vertex 143.074 112.174 0.7
    endloop
  endfacet
  facet normal 0.554127 -0.832432 0
    outer loop
      vertex 139.028 112.44 0.7
      vertex 139.363 112.663 2.8
      vertex 139.028 112.44 2.8
    endloop
  endfacet
  facet normal 0.554127 -0.832432 0
    outer loop
      vertex 139.363 112.663 2.8
      vertex 139.028 112.44 0.7
      vertex 139.363 112.663 0.7
    endloop
  endfacet
  facet normal 0.320699 0.947181 -0
    outer loop
      vertex 140.104 107.03 0.7
      vertex 139.723 107.159 2.8
      vertex 140.104 107.03 2.8
    endloop
  endfacet
  facet normal 0.320699 0.947181 0
    outer loop
      vertex 139.723 107.159 2.8
      vertex 140.104 107.03 0.7
      vertex 139.723 107.159 0.7
    endloop
  endfacet
  facet normal -0.064702 -0.997905 0
    outer loop
      vertex 140.9 113.075 0.7
      vertex 141.301 113.049 2.8
      vertex 140.9 113.075 2.8
    endloop
  endfacet
  facet normal -0.064702 -0.997905 -0
    outer loop
      vertex 141.301 113.049 2.8
      vertex 140.9 113.075 0.7
      vertex 141.301 113.049 0.7
    endloop
  endfacet
  facet normal 0.659294 0 0.751886
    outer loop
      vertex -0.654068 19.85 2.54593
      vertex -0.563095 0 2.46616
      vertex -0.563095 19.85 2.46616
    endloop
  endfacet
  facet normal 0.659294 0 0.751886
    outer loop
      vertex -0.563095 0 2.46616
      vertex -0.654068 19.85 2.54593
      vertex -0.654068 0 2.54593
    endloop
  endfacet
  facet normal 0.659294 0 0.751886
    outer loop
      vertex -0.654068 59.85 2.54593
      vertex -0.563095 40.15 2.46616
      vertex -0.563095 59.85 2.46616
    endloop
  endfacet
  facet normal 0.659294 0 0.751886
    outer loop
      vertex -0.563095 40.15 2.46616
      vertex -0.654068 59.85 2.54593
      vertex -0.654068 40.15 2.54593
    endloop
  endfacet
  facet normal 0.659294 0 0.751886
    outer loop
      vertex -0.654068 99.85 2.54593
      vertex -0.563095 80.15 2.46616
      vertex -0.563095 99.85 2.46616
    endloop
  endfacet
  facet normal 0.659294 0 0.751886
    outer loop
      vertex -0.563095 80.15 2.46616
      vertex -0.654068 99.85 2.54593
      vertex -0.654068 80.15 2.54593
    endloop
  endfacet
  facet normal 0.659294 0 0.751886
    outer loop
      vertex -0.654068 139.85 2.54593
      vertex -0.563095 120.15 2.46616
      vertex -0.563095 139.85 2.46616
    endloop
  endfacet
  facet normal 0.659294 0 0.751886
    outer loop
      vertex -0.563095 120.15 2.46616
      vertex -0.654068 139.85 2.54593
      vertex -0.654068 120.15 2.54593
    endloop
  endfacet
  facet normal 0.659294 0 0.751886
    outer loop
      vertex -0.654068 179.85 2.54593
      vertex -0.563095 160.15 2.46616
      vertex -0.563095 179.85 2.46616
    endloop
  endfacet
  facet normal 0.659294 0 0.751886
    outer loop
      vertex -0.563095 160.15 2.46616
      vertex -0.654068 179.85 2.54593
      vertex -0.654068 160.15 2.54593
    endloop
  endfacet
  facet normal 0.659294 0 0.751886
    outer loop
      vertex -0.654068 220 2.54593
      vertex -0.563095 200.15 2.46616
      vertex -0.563095 220 2.46616
    endloop
  endfacet
  facet normal 0.659294 0 0.751886
    outer loop
      vertex -0.563095 200.15 2.46616
      vertex -0.654068 220 2.54593
      vertex -0.654068 200.15 2.54593
    endloop
  endfacet
  facet normal -0.065379 0 0.997861
    outer loop
      vertex 0 19.85 2.27501
      vertex 0.120728 0 2.28292
      vertex 0.120728 19.85 2.28292
    endloop
  endfacet
  facet normal -0.065379 0 0.997861
    outer loop
      vertex 0.120728 0 2.28292
      vertex 0 19.85 2.27501
      vertex 0 0 2.27501
    endloop
  endfacet
  facet normal -0.065379 0 0.997861
    outer loop
      vertex 0 59.85 2.27501
      vertex 0.120728 40.15 2.28292
      vertex 0.120728 59.85 2.28292
    endloop
  endfacet
  facet normal -0.065379 0 0.997861
    outer loop
      vertex 0.120728 40.15 2.28292
      vertex 0 59.85 2.27501
      vertex 0 40.15 2.27501
    endloop
  endfacet
  facet normal -0.065379 0 0.997861
    outer loop
      vertex 0 99.85 2.27501
      vertex 0.120728 80.15 2.28292
      vertex 0.120728 99.85 2.28292
    endloop
  endfacet
  facet normal -0.065379 0 0.997861
    outer loop
      vertex 0.120728 80.15 2.28292
      vertex 0 99.85 2.27501
      vertex 0 80.15 2.27501
    endloop
  endfacet
  facet normal -0.065379 0 0.997861
    outer loop
      vertex 0 139.85 2.27501
      vertex 0.120728 120.15 2.28292
      vertex 0.120728 139.85 2.28292
    endloop
  endfacet
  facet normal -0.065379 0 0.997861
    outer loop
      vertex 0.120728 120.15 2.28292
      vertex 0 139.85 2.27501
      vertex 0 120.15 2.27501
    endloop
  endfacet
  facet normal -0.065379 0 0.997861
    outer loop
      vertex 0 179.85 2.27501
      vertex 0.120728 160.15 2.28292
      vertex 0.120728 179.85 2.28292
    endloop
  endfacet
  facet normal -0.065379 0 0.997861
    outer loop
      vertex 0.120728 160.15 2.28292
      vertex 0 179.85 2.27501
      vertex 0 160.15 2.27501
    endloop
  endfacet
  facet normal -0.065379 0 0.997861
    outer loop
      vertex 0 220 2.27501
      vertex 0.120728 200.15 2.28292
      vertex 0.120728 220 2.28292
    endloop
  endfacet
  facet normal -0.065379 0 0.997861
    outer loop
      vertex 0.120728 200.15 2.28292
      vertex 0 220 2.27501
      vertex 0 200.15 2.27501
    endloop
  endfacet
  facet normal -0.659294 0 0.751886
    outer loop
      vertex 0.563095 19.85 2.46616
      vertex 0.654068 0 2.54593
      vertex 0.654068 19.85 2.54593
    endloop
  endfacet
  facet normal -0.659294 0 0.751886
    outer loop
      vertex 0.654068 0 2.54593
      vertex 0.563095 19.85 2.46616
      vertex 0.563095 0 2.46616
    endloop
  endfacet
  facet normal -0.659294 0 0.751886
    outer loop
      vertex 0.563095 59.85 2.46616
      vertex 0.654068 40.15 2.54593
      vertex 0.654068 59.85 2.54593
    endloop
  endfacet
  facet normal -0.659294 0 0.751886
    outer loop
      vertex 0.654068 40.15 2.54593
      vertex 0.563095 59.85 2.46616
      vertex 0.563095 40.15 2.46616
    endloop
  endfacet
  facet normal -0.659294 0 0.751886
    outer loop
      vertex 0.563095 99.85 2.46616
      vertex 0.654068 80.15 2.54593
      vertex 0.654068 99.85 2.54593
    endloop
  endfacet
  facet normal -0.659294 0 0.751886
    outer loop
      vertex 0.654068 80.15 2.54593
      vertex 0.563095 99.85 2.46616
      vertex 0.563095 80.15 2.46616
    endloop
  endfacet
  facet normal -0.659294 0 0.751886
    outer loop
      vertex 0.563095 139.85 2.46616
      vertex 0.654068 120.15 2.54593
      vertex 0.654068 139.85 2.54593
    endloop
  endfacet
  facet normal -0.659294 0 0.751886
    outer loop
      vertex 0.654068 120.15 2.54593
      vertex 0.563095 139.85 2.46616
      vertex 0.563095 120.15 2.46616
    endloop
  endfacet
  facet normal -0.659294 0 0.751886
    outer loop
      vertex 0.563095 179.85 2.46616
      vertex 0.654068 160.15 2.54593
      vertex 0.654068 179.85 2.54593
    endloop
  endfacet
  facet normal -0.659294 0 0.751886
    outer loop
      vertex 0.654068 160.15 2.54593
      vertex 0.563095 179.85 2.46616
      vertex 0.563095 160.15 2.46616
    endloop
  endfacet
  facet normal -0.659294 0 0.751886
    outer loop
      vertex 0.563095 220 2.46616
      vertex 0.654068 200.15 2.54593
      vertex 0.654068 220 2.54593
    endloop
  endfacet
  facet normal -0.659294 0 0.751886
    outer loop
      vertex 0.654068 200.15 2.54593
      vertex 0.563095 220 2.46616
      vertex 0.563095 200.15 2.46616
    endloop
  endfacet
  facet normal -0.442245 0 0.896894
    outer loop
      vertex 0.353973 19.85 2.34542
      vertex 0.462494 0 2.39893
      vertex 0.462494 19.85 2.39893
    endloop
  endfacet
  facet normal -0.442245 0 0.896894
    outer loop
      vertex 0.462494 0 2.39893
      vertex 0.353973 19.85 2.34542
      vertex 0.353973 0 2.34542
    endloop
  endfacet
  facet normal -0.442245 0 0.896894
    outer loop
      vertex 0.353973 59.85 2.34542
      vertex 0.462494 40.15 2.39893
      vertex 0.462494 59.85 2.39893
    endloop
  endfacet
  facet normal -0.442245 0 0.896894
    outer loop
      vertex 0.462494 40.15 2.39893
      vertex 0.353973 59.85 2.34542
      vertex 0.353973 40.15 2.34542
    endloop
  endfacet
  facet normal -0.442245 0 0.896894
    outer loop
      vertex 0.353973 99.85 2.34542
      vertex 0.462494 80.15 2.39893
      vertex 0.462494 99.85 2.39893
    endloop
  endfacet
  facet normal -0.442245 0 0.896894
    outer loop
      vertex 0.462494 80.15 2.39893
      vertex 0.353973 99.85 2.34542
      vertex 0.353973 80.15 2.34542
    endloop
  endfacet
  facet normal -0.442245 0 0.896894
    outer loop
      vertex 0.353973 139.85 2.34542
      vertex 0.462494 120.15 2.39893
      vertex 0.462494 139.85 2.39893
    endloop
  endfacet
  facet normal -0.442245 0 0.896894
    outer loop
      vertex 0.462494 120.15 2.39893
      vertex 0.353973 139.85 2.34542
      vertex 0.353973 120.15 2.34542
    endloop
  endfacet
  facet normal -0.442245 0 0.896894
    outer loop
      vertex 0.353973 179.85 2.34542
      vertex 0.462494 160.15 2.39893
      vertex 0.462494 179.85 2.39893
    endloop
  endfacet
  facet normal -0.442245 0 0.896894
    outer loop
      vertex 0.462494 160.15 2.39893
      vertex 0.353973 179.85 2.34542
      vertex 0.353973 160.15 2.34542
    endloop
  endfacet
  facet normal -0.442245 0 0.896894
    outer loop
      vertex 0.353973 220 2.34542
      vertex 0.462494 200.15 2.39893
      vertex 0.462494 220 2.39893
    endloop
  endfacet
  facet normal -0.442245 0 0.896894
    outer loop
      vertex 0.462494 200.15 2.39893
      vertex 0.353973 220 2.34542
      vertex 0.353973 200.15 2.34542
    endloop
  endfacet
  facet normal 0.707108 0 -0.707106
    outer loop
      vertex 0 0 4.50814
      vertex -0.654068 19.85 3.85407
      vertex 0 19.85 4.50814
    endloop
  endfacet
  facet normal 0.707108 0 -0.707106
    outer loop
      vertex -0.654068 19.85 3.85407
      vertex 0 0 4.50814
      vertex -0.654068 0 3.85407
    endloop
  endfacet
  facet normal 0.707108 0 -0.707106
    outer loop
      vertex 0 40.15 4.50814
      vertex -0.654068 59.85 3.85407
      vertex 0 59.85 4.50814
    endloop
  endfacet
  facet normal 0.707108 0 -0.707106
    outer loop
      vertex -0.654068 59.85 3.85407
      vertex 0 40.15 4.50814
      vertex -0.654068 40.15 3.85407
    endloop
  endfacet
  facet normal 0.707108 0 -0.707106
    outer loop
      vertex 0 80.15 4.50814
      vertex -0.654068 99.85 3.85407
      vertex 0 99.85 4.50814
    endloop
  endfacet
  facet normal 0.707108 0 -0.707106
    outer loop
      vertex -0.654068 99.85 3.85407
      vertex 0 80.15 4.50814
      vertex -0.654068 80.15 3.85407
    endloop
  endfacet
  facet normal 0.707108 0 -0.707106
    outer loop
      vertex 0 120.15 4.50814
      vertex -0.654068 139.85 3.85407
      vertex 0 139.85 4.50814
    endloop
  endfacet
  facet normal 0.707108 0 -0.707106
    outer loop
      vertex -0.654068 139.85 3.85407
      vertex 0 120.15 4.50814
      vertex -0.654068 120.15 3.85407
    endloop
  endfacet
  facet normal 0.707108 0 -0.707106
    outer loop
      vertex 0 160.15 4.50814
      vertex -0.654068 179.85 3.85407
      vertex 0 179.85 4.50814
    endloop
  endfacet
  facet normal 0.707108 0 -0.707106
    outer loop
      vertex -0.654068 179.85 3.85407
      vertex 0 160.15 4.50814
      vertex -0.654068 160.15 3.85407
    endloop
  endfacet
  facet normal 0.707108 0 -0.707106
    outer loop
      vertex 0 200.15 4.50814
      vertex -0.654068 220 3.85407
      vertex 0 220 4.50814
    endloop
  endfacet
  facet normal 0.707108 0 -0.707106
    outer loop
      vertex -0.654068 220 3.85407
      vertex 0 200.15 4.50814
      vertex -0.654068 200.15 3.85407
    endloop
  endfacet
  facet normal 0.896883 0 -0.442268
    outer loop
      vertex -0.801071 0 3.66249
      vertex -0.854584 19.85 3.55397
      vertex -0.801071 19.85 3.66249
    endloop
  endfacet
  facet normal 0.896883 0 -0.442268
    outer loop
      vertex -0.854584 19.85 3.55397
      vertex -0.801071 0 3.66249
      vertex -0.854584 0 3.55397
    endloop
  endfacet
  facet normal 0.896883 0 -0.442268
    outer loop
      vertex -0.801071 40.15 3.66249
      vertex -0.854584 59.85 3.55397
      vertex -0.801071 59.85 3.66249
    endloop
  endfacet
  facet normal 0.896883 0 -0.442268
    outer loop
      vertex -0.854584 59.85 3.55397
      vertex -0.801071 40.15 3.66249
      vertex -0.854584 40.15 3.55397
    endloop
  endfacet
  facet normal 0.896883 0 -0.442268
    outer loop
      vertex -0.801071 80.15 3.66249
      vertex -0.854584 99.85 3.55397
      vertex -0.801071 99.85 3.66249
    endloop
  endfacet
  facet normal 0.896883 0 -0.442268
    outer loop
      vertex -0.854584 99.85 3.55397
      vertex -0.801071 80.15 3.66249
      vertex -0.854584 80.15 3.55397
    endloop
  endfacet
  facet normal 0.896883 0 -0.442268
    outer loop
      vertex -0.801071 120.15 3.66249
      vertex -0.854584 139.85 3.55397
      vertex -0.801071 139.85 3.66249
    endloop
  endfacet
  facet normal 0.896883 0 -0.442268
    outer loop
      vertex -0.854584 139.85 3.55397
      vertex -0.801071 120.15 3.66249
      vertex -0.854584 120.15 3.55397
    endloop
  endfacet
  facet normal 0.896883 0 -0.442268
    outer loop
      vertex -0.801071 160.15 3.66249
      vertex -0.854584 179.85 3.55397
      vertex -0.801071 179.85 3.66249
    endloop
  endfacet
  facet normal 0.896883 0 -0.442268
    outer loop
      vertex -0.854584 179.85 3.55397
      vertex -0.801071 160.15 3.66249
      vertex -0.854584 160.15 3.55397
    endloop
  endfacet
  facet normal 0.896883 0 -0.442268
    outer loop
      vertex -0.801071 200.15 3.66249
      vertex -0.854584 220 3.55397
      vertex -0.801071 220 3.66249
    endloop
  endfacet
  facet normal 0.896883 0 -0.442268
    outer loop
      vertex -0.854584 220 3.55397
      vertex -0.801071 200.15 3.66249
      vertex -0.854584 200.15 3.55397
    endloop
  endfacet
  facet normal 0.751898 0 -0.659279
    outer loop
      vertex -0.654068 0 3.85407
      vertex -0.733841 19.85 3.76309
      vertex -0.654068 19.85 3.85407
    endloop
  endfacet
  facet normal 0.751898 0 -0.659279
    outer loop
      vertex -0.733841 19.85 3.76309
      vertex -0.654068 0 3.85407
      vertex -0.733841 0 3.76309
    endloop
  endfacet
  facet normal 0.751898 0 -0.659279
    outer loop
      vertex -0.654068 40.15 3.85407
      vertex -0.733841 59.85 3.76309
      vertex -0.654068 59.85 3.85407
    endloop
  endfacet
  facet normal 0.751898 0 -0.659279
    outer loop
      vertex -0.733841 59.85 3.76309
      vertex -0.654068 40.15 3.85407
      vertex -0.733841 40.15 3.76309
    endloop
  endfacet
  facet normal 0.751898 0 -0.659279
    outer loop
      vertex -0.654068 80.15 3.85407
      vertex -0.733841 99.85 3.76309
      vertex -0.654068 99.85 3.85407
    endloop
  endfacet
  facet normal 0.751898 0 -0.659279
    outer loop
      vertex -0.733841 99.85 3.76309
      vertex -0.654068 80.15 3.85407
      vertex -0.733841 80.15 3.76309
    endloop
  endfacet
  facet normal 0.751898 0 -0.659279
    outer loop
      vertex -0.654068 120.15 3.85407
      vertex -0.733841 139.85 3.76309
      vertex -0.654068 139.85 3.85407
    endloop
  endfacet
  facet normal 0.751898 0 -0.659279
    outer loop
      vertex -0.733841 139.85 3.76309
      vertex -0.654068 120.15 3.85407
      vertex -0.733841 120.15 3.76309
    endloop
  endfacet
  facet normal 0.751898 0 -0.659279
    outer loop
      vertex -0.654068 160.15 3.85407
      vertex -0.733841 179.85 3.76309
      vertex -0.654068 179.85 3.85407
    endloop
  endfacet
  facet normal 0.751898 0 -0.659279
    outer loop
      vertex -0.733841 179.85 3.76309
      vertex -0.654068 160.15 3.85407
      vertex -0.733841 160.15 3.76309
    endloop
  endfacet
  facet normal 0.751898 0 -0.659279
    outer loop
      vertex -0.654068 200.15 3.85407
      vertex -0.733841 220 3.76309
      vertex -0.654068 220 3.85407
    endloop
  endfacet
  facet normal 0.751898 0 -0.659279
    outer loop
      vertex -0.733841 220 3.76309
      vertex -0.654068 200.15 3.85407
      vertex -0.733841 200.15 3.76309
    endloop
  endfacet
  facet normal 0.98078 0 -0.195115
    outer loop
      vertex -0.893478 0 3.43939
      vertex -0.917084 19.85 3.32073
      vertex -0.893478 19.85 3.43939
    endloop
  endfacet
  facet normal 0.98078 0 -0.195115
    outer loop
      vertex -0.917084 19.85 3.32073
      vertex -0.893478 0 3.43939
      vertex -0.917084 0 3.32073
    endloop
  endfacet
  facet normal 0.98078 0 -0.195115
    outer loop
      vertex -0.893478 40.15 3.43939
      vertex -0.917084 59.85 3.32073
      vertex -0.893478 59.85 3.43939
    endloop
  endfacet
  facet normal 0.98078 0 -0.195115
    outer loop
      vertex -0.917084 59.85 3.32073
      vertex -0.893478 40.15 3.43939
      vertex -0.917084 40.15 3.32073
    endloop
  endfacet
  facet normal 0.98078 0 -0.195115
    outer loop
      vertex -0.893478 80.15 3.43939
      vertex -0.917084 99.85 3.32073
      vertex -0.893478 99.85 3.43939
    endloop
  endfacet
  facet normal 0.98078 0 -0.195115
    outer loop
      vertex -0.917084 99.85 3.32073
      vertex -0.893478 80.15 3.43939
      vertex -0.917084 80.15 3.32073
    endloop
  endfacet
  facet normal 0.98078 0 -0.195115
    outer loop
      vertex -0.893478 120.15 3.43939
      vertex -0.917084 139.85 3.32073
      vertex -0.893478 139.85 3.43939
    endloop
  endfacet
  facet normal 0.98078 0 -0.195115
    outer loop
      vertex -0.917084 139.85 3.32073
      vertex -0.893478 120.15 3.43939
      vertex -0.917084 120.15 3.32073
    endloop
  endfacet
  facet normal 0.98078 0 -0.195115
    outer loop
      vertex -0.893478 160.15 3.43939
      vertex -0.917084 179.85 3.32073
      vertex -0.893478 179.85 3.43939
    endloop
  endfacet
  facet normal 0.98078 0 -0.195115
    outer loop
      vertex -0.917084 179.85 3.32073
      vertex -0.893478 160.15 3.43939
      vertex -0.917084 160.15 3.32073
    endloop
  endfacet
  facet normal 0.98078 0 -0.195115
    outer loop
      vertex -0.893478 200.15 3.43939
      vertex -0.917084 220 3.32073
      vertex -0.893478 220 3.43939
    endloop
  endfacet
  facet normal 0.98078 0 -0.195115
    outer loop
      vertex -0.917084 220 3.32073
      vertex -0.893478 200.15 3.43939
      vertex -0.917084 200.15 3.32073
    endloop
  endfacet
  facet normal -0.751863 0 0.65932
    outer loop
      vertex 0.654068 0 2.54593
      vertex 0.733841 19.85 2.6369
      vertex 0.654068 19.85 2.54593
    endloop
  endfacet
  facet normal -0.751863 0 0.65932
    outer loop
      vertex 0.733841 19.85 2.6369
      vertex 0.654068 0 2.54593
      vertex 0.733841 0 2.6369
    endloop
  endfacet
  facet normal -0.751863 0 0.65932
    outer loop
      vertex 0.654068 40.15 2.54593
      vertex 0.733841 59.85 2.6369
      vertex 0.654068 59.85 2.54593
    endloop
  endfacet
  facet normal -0.751863 0 0.65932
    outer loop
      vertex 0.733841 59.85 2.6369
      vertex 0.654068 40.15 2.54593
      vertex 0.733841 40.15 2.6369
    endloop
  endfacet
  facet normal -0.751863 0 0.65932
    outer loop
      vertex 0.654068 80.15 2.54593
      vertex 0.733841 99.85 2.6369
      vertex 0.654068 99.85 2.54593
    endloop
  endfacet
  facet normal -0.751863 0 0.65932
    outer loop
      vertex 0.733841 99.85 2.6369
      vertex 0.654068 80.15 2.54593
      vertex 0.733841 80.15 2.6369
    endloop
  endfacet
  facet normal -0.751863 0 0.65932
    outer loop
      vertex 0.654068 120.15 2.54593
      vertex 0.733841 139.85 2.6369
      vertex 0.654068 139.85 2.54593
    endloop
  endfacet
  facet normal -0.751863 0 0.65932
    outer loop
      vertex 0.733841 139.85 2.6369
      vertex 0.654068 120.15 2.54593
      vertex 0.733841 120.15 2.6369
    endloop
  endfacet
  facet normal -0.751863 0 0.65932
    outer loop
      vertex 0.654068 160.15 2.54593
      vertex 0.733841 179.85 2.6369
      vertex 0.654068 179.85 2.54593
    endloop
  endfacet
  facet normal -0.751863 0 0.65932
    outer loop
      vertex 0.733841 179.85 2.6369
      vertex 0.654068 160.15 2.54593
      vertex 0.733841 160.15 2.6369
    endloop
  endfacet
  facet normal -0.751863 0 0.65932
    outer loop
      vertex 0.654068 200.15 2.54593
      vertex 0.733841 220 2.6369
      vertex 0.654068 220 2.54593
    endloop
  endfacet
  facet normal -0.751863 0 0.65932
    outer loop
      vertex 0.733841 220 2.6369
      vertex 0.654068 200.15 2.54593
      vertex 0.733841 200.15 2.6369
    endloop
  endfacet
  facet normal -0.831452 0 0.555596
    outer loop
      vertex 0.733841 0 2.6369
      vertex 0.801071 19.85 2.73751
      vertex 0.733841 19.85 2.6369
    endloop
  endfacet
  facet normal -0.831452 0 0.555596
    outer loop
      vertex 0.801071 19.85 2.73751
      vertex 0.733841 0 2.6369
      vertex 0.801071 0 2.73751
    endloop
  endfacet
  facet normal -0.831452 0 0.555596
    outer loop
      vertex 0.733841 40.15 2.6369
      vertex 0.801071 59.85 2.73751
      vertex 0.733841 59.85 2.6369
    endloop
  endfacet
  facet normal -0.831452 0 0.555596
    outer loop
      vertex 0.801071 59.85 2.73751
      vertex 0.733841 40.15 2.6369
      vertex 0.801071 40.15 2.73751
    endloop
  endfacet
  facet normal -0.831452 0 0.555596
    outer loop
      vertex 0.733841 80.15 2.6369
      vertex 0.801071 99.85 2.73751
      vertex 0.733841 99.85 2.6369
    endloop
  endfacet
  facet normal -0.831452 0 0.555596
    outer loop
      vertex 0.801071 99.85 2.73751
      vertex 0.733841 80.15 2.6369
      vertex 0.801071 80.15 2.73751
    endloop
  endfacet
  facet normal -0.831452 0 0.555596
    outer loop
      vertex 0.733841 120.15 2.6369
      vertex 0.801071 139.85 2.73751
      vertex 0.733841 139.85 2.6369
    endloop
  endfacet
  facet normal -0.831452 0 0.555596
    outer loop
      vertex 0.801071 139.85 2.73751
      vertex 0.733841 120.15 2.6369
      vertex 0.801071 120.15 2.73751
    endloop
  endfacet
  facet normal -0.831452 0 0.555596
    outer loop
      vertex 0.733841 160.15 2.6369
      vertex 0.801071 179.85 2.73751
      vertex 0.733841 179.85 2.6369
    endloop
  endfacet
  facet normal -0.831452 0 0.555596
    outer loop
      vertex 0.801071 179.85 2.73751
      vertex 0.733841 160.15 2.6369
      vertex 0.801071 160.15 2.73751
    endloop
  endfacet
  facet normal -0.831452 0 0.555596
    outer loop
      vertex 0.733841 200.15 2.6369
      vertex 0.801071 220 2.73751
      vertex 0.733841 220 2.6369
    endloop
  endfacet
  facet normal -0.831452 0 0.555596
    outer loop
      vertex 0.801071 220 2.73751
      vertex 0.733841 200.15 2.6369
      vertex 0.801071 200.15 2.73751
    endloop
  endfacet
  facet normal 0.997864 -0 0.0653285
    outer loop
      vertex -0.924988 0 3.2
      vertex -0.917084 19.85 3.07927
      vertex -0.924988 19.85 3.2
    endloop
  endfacet
  facet normal 0.997864 0 0.0653285
    outer loop
      vertex -0.917084 19.85 3.07927
      vertex -0.924988 0 3.2
      vertex -0.917084 0 3.07927
    endloop
  endfacet
  facet normal 0.997864 -0 0.0653285
    outer loop
      vertex -0.924988 40.15 3.2
      vertex -0.917084 59.85 3.07927
      vertex -0.924988 59.85 3.2
    endloop
  endfacet
  facet normal 0.997864 0 0.0653285
    outer loop
      vertex -0.917084 59.85 3.07927
      vertex -0.924988 40.15 3.2
      vertex -0.917084 40.15 3.07927
    endloop
  endfacet
  facet normal 0.997864 -0 0.0653285
    outer loop
      vertex -0.924988 80.15 3.2
      vertex -0.917084 99.85 3.07927
      vertex -0.924988 99.85 3.2
    endloop
  endfacet
  facet normal 0.997864 0 0.0653285
    outer loop
      vertex -0.917084 99.85 3.07927
      vertex -0.924988 80.15 3.2
      vertex -0.917084 80.15 3.07927
    endloop
  endfacet
  facet normal 0.997864 -0 0.0653285
    outer loop
      vertex -0.924988 120.15 3.2
      vertex -0.917084 139.85 3.07927
      vertex -0.924988 139.85 3.2
    endloop
  endfacet
  facet normal 0.997864 0 0.0653285
    outer loop
      vertex -0.917084 139.85 3.07927
      vertex -0.924988 120.15 3.2
      vertex -0.917084 120.15 3.07927
    endloop
  endfacet
  facet normal 0.997864 -0 0.0653285
    outer loop
      vertex -0.924988 160.15 3.2
      vertex -0.917084 179.85 3.07927
      vertex -0.924988 179.85 3.2
    endloop
  endfacet
  facet normal 0.997864 0 0.0653285
    outer loop
      vertex -0.917084 179.85 3.07927
      vertex -0.924988 160.15 3.2
      vertex -0.917084 160.15 3.07927
    endloop
  endfacet
  facet normal 0.997864 -0 0.0653285
    outer loop
      vertex -0.924988 200.15 3.2
      vertex -0.917084 220 3.07927
      vertex -0.924988 220 3.2
    endloop
  endfacet
  facet normal 0.997864 0 0.0653285
    outer loop
      vertex -0.917084 220 3.07927
      vertex -0.924988 200.15 3.2
      vertex -0.917084 200.15 3.07927
    endloop
  endfacet
  facet normal -0.555631 0 0.831429
    outer loop
      vertex 0.462494 19.85 2.39893
      vertex 0.563095 0 2.46616
      vertex 0.563095 19.85 2.46616
    endloop
  endfacet
  facet normal -0.555631 0 0.831429
    outer loop
      vertex 0.563095 0 2.46616
      vertex 0.462494 19.85 2.39893
      vertex 0.462494 0 2.39893
    endloop
  endfacet
  facet normal -0.555631 0 0.831429
    outer loop
      vertex 0.462494 59.85 2.39893
      vertex 0.563095 40.15 2.46616
      vertex 0.563095 59.85 2.46616
    endloop
  endfacet
  facet normal -0.555631 0 0.831429
    outer loop
      vertex 0.563095 40.15 2.46616
      vertex 0.462494 59.85 2.39893
      vertex 0.462494 40.15 2.39893
    endloop
  endfacet
  facet normal -0.555631 0 0.831429
    outer loop
      vertex 0.462494 99.85 2.39893
      vertex 0.563095 80.15 2.46616
      vertex 0.563095 99.85 2.46616
    endloop
  endfacet
  facet normal -0.555631 0 0.831429
    outer loop
      vertex 0.563095 80.15 2.46616
      vertex 0.462494 99.85 2.39893
      vertex 0.462494 80.15 2.39893
    endloop
  endfacet
  facet normal -0.555631 0 0.831429
    outer loop
      vertex 0.462494 139.85 2.39893
      vertex 0.563095 120.15 2.46616
      vertex 0.563095 139.85 2.46616
    endloop
  endfacet
  facet normal -0.555631 0 0.831429
    outer loop
      vertex 0.563095 120.15 2.46616
      vertex 0.462494 139.85 2.39893
      vertex 0.462494 120.15 2.39893
    endloop
  endfacet
  facet normal -0.555631 0 0.831429
    outer loop
      vertex 0.462494 179.85 2.39893
      vertex 0.563095 160.15 2.46616
      vertex 0.563095 179.85 2.46616
    endloop
  endfacet
  facet normal -0.555631 0 0.831429
    outer loop
      vertex 0.563095 160.15 2.46616
      vertex 0.462494 179.85 2.39893
      vertex 0.462494 160.15 2.39893
    endloop
  endfacet
  facet normal -0.555631 0 0.831429
    outer loop
      vertex 0.462494 220 2.39893
      vertex 0.563095 200.15 2.46616
      vertex 0.563095 220 2.46616
    endloop
  endfacet
  facet normal -0.555631 0 0.831429
    outer loop
      vertex 0.563095 200.15 2.46616
      vertex 0.462494 220 2.39893
      vertex 0.462494 200.15 2.39893
    endloop
  endfacet
  facet normal 0.896883 -0 0.442268
    outer loop
      vertex -0.854584 0 2.84603
      vertex -0.801071 19.85 2.73751
      vertex -0.854584 19.85 2.84603
    endloop
  endfacet
  facet normal 0.896883 0 0.442268
    outer loop
      vertex -0.801071 19.85 2.73751
      vertex -0.854584 0 2.84603
      vertex -0.801071 0 2.73751
    endloop
  endfacet
  facet normal 0.896883 -0 0.442268
    outer loop
      vertex -0.854584 40.15 2.84603
      vertex -0.801071 59.85 2.73751
      vertex -0.854584 59.85 2.84603
    endloop
  endfacet
  facet normal 0.896883 0 0.442268
    outer loop
      vertex -0.801071 59.85 2.73751
      vertex -0.854584 40.15 2.84603
      vertex -0.801071 40.15 2.73751
    endloop
  endfacet
  facet normal 0.896883 -0 0.442268
    outer loop
      vertex -0.854584 80.15 2.84603
      vertex -0.801071 99.85 2.73751
      vertex -0.854584 99.85 2.84603
    endloop
  endfacet
  facet normal 0.896883 0 0.442268
    outer loop
      vertex -0.801071 99.85 2.73751
      vertex -0.854584 80.15 2.84603
      vertex -0.801071 80.15 2.73751
    endloop
  endfacet
  facet normal 0.896883 -0 0.442268
    outer loop
      vertex -0.854584 120.15 2.84603
      vertex -0.801071 139.85 2.73751
      vertex -0.854584 139.85 2.84603
    endloop
  endfacet
  facet normal 0.896883 0 0.442268
    outer loop
      vertex -0.801071 139.85 2.73751
      vertex -0.854584 120.15 2.84603
      vertex -0.801071 120.15 2.73751
    endloop
  endfacet
  facet normal 0.896883 -0 0.442268
    outer loop
      vertex -0.854584 160.15 2.84603
      vertex -0.801071 179.85 2.73751
      vertex -0.854584 179.85 2.84603
    endloop
  endfacet
  facet normal 0.896883 0 0.442268
    outer loop
      vertex -0.801071 179.85 2.73751
      vertex -0.854584 160.15 2.84603
      vertex -0.801071 160.15 2.73751
    endloop
  endfacet
  facet normal 0.896883 -0 0.442268
    outer loop
      vertex -0.854584 200.15 2.84603
      vertex -0.801071 220 2.73751
      vertex -0.854584 220 2.84603
    endloop
  endfacet
  facet normal 0.896883 0 0.442268
    outer loop
      vertex -0.801071 220 2.73751
      vertex -0.854584 200.15 2.84603
      vertex -0.801071 200.15 2.73751
    endloop
  endfacet
  facet normal 0.980784 -0 0.195099
    outer loop
      vertex -0.917084 0 3.07927
      vertex -0.893478 19.85 2.9606
      vertex -0.917084 19.85 3.07927
    endloop
  endfacet
  facet normal 0.980784 0 0.195099
    outer loop
      vertex -0.893478 19.85 2.9606
      vertex -0.917084 0 3.07927
      vertex -0.893478 0 2.9606
    endloop
  endfacet
  facet normal 0.980784 -0 0.195099
    outer loop
      vertex -0.917084 40.15 3.07927
      vertex -0.893478 59.85 2.9606
      vertex -0.917084 59.85 3.07927
    endloop
  endfacet
  facet normal 0.980784 0 0.195099
    outer loop
      vertex -0.893478 59.85 2.9606
      vertex -0.917084 40.15 3.07927
      vertex -0.893478 40.15 2.9606
    endloop
  endfacet
  facet normal 0.980784 -0 0.195099
    outer loop
      vertex -0.917084 80.15 3.07927
      vertex -0.893478 99.85 2.9606
      vertex -0.917084 99.85 3.07927
    endloop
  endfacet
  facet normal 0.980784 0 0.195099
    outer loop
      vertex -0.893478 99.85 2.9606
      vertex -0.917084 80.15 3.07927
      vertex -0.893478 80.15 2.9606
    endloop
  endfacet
  facet normal 0.980784 -0 0.195099
    outer loop
      vertex -0.917084 120.15 3.07927
      vertex -0.893478 139.85 2.9606
      vertex -0.917084 139.85 3.07927
    endloop
  endfacet
  facet normal 0.980784 0 0.195099
    outer loop
      vertex -0.893478 139.85 2.9606
      vertex -0.917084 120.15 3.07927
      vertex -0.893478 120.15 2.9606
    endloop
  endfacet
  facet normal 0.980784 -0 0.195099
    outer loop
      vertex -0.917084 160.15 3.07927
      vertex -0.893478 179.85 2.9606
      vertex -0.917084 179.85 3.07927
    endloop
  endfacet
  facet normal 0.980784 0 0.195099
    outer loop
      vertex -0.893478 179.85 2.9606
      vertex -0.917084 160.15 3.07927
      vertex -0.893478 160.15 2.9606
    endloop
  endfacet
  facet normal 0.980784 -0 0.195099
    outer loop
      vertex -0.917084 200.15 3.07927
      vertex -0.893478 220 2.9606
      vertex -0.917084 220 3.07927
    endloop
  endfacet
  facet normal 0.980784 0 0.195099
    outer loop
      vertex -0.893478 220 2.9606
      vertex -0.917084 200.15 3.07927
      vertex -0.893478 200.15 2.9606
    endloop
  endfacet
  facet normal -0.707108 0 -0.707106
    outer loop
      vertex 0.654068 0 3.85407
      vertex 0 19.85 4.50814
      vertex 0.654068 19.85 3.85407
    endloop
  endfacet
  facet normal -0.707108 -0 -0.707106
    outer loop
      vertex 0 19.85 4.50814
      vertex 0.654068 0 3.85407
      vertex 0 0 4.50814
    endloop
  endfacet
  facet normal -0.707108 0 -0.707106
    outer loop
      vertex 0.654068 40.15 3.85407
      vertex 0 59.85 4.50814
      vertex 0.654068 59.85 3.85407
    endloop
  endfacet
  facet normal -0.707108 -0 -0.707106
    outer loop
      vertex 0 59.85 4.50814
      vertex 0.654068 40.15 3.85407
      vertex 0 40.15 4.50814
    endloop
  endfacet
  facet normal -0.707108 0 -0.707106
    outer loop
      vertex 0.654068 80.15 3.85407
      vertex 0 99.85 4.50814
      vertex 0.654068 99.85 3.85407
    endloop
  endfacet
  facet normal -0.707108 -0 -0.707106
    outer loop
      vertex 0 99.85 4.50814
      vertex 0.654068 80.15 3.85407
      vertex 0 80.15 4.50814
    endloop
  endfacet
  facet normal -0.707108 0 -0.707106
    outer loop
      vertex 0.654068 120.15 3.85407
      vertex 0 139.85 4.50814
      vertex 0.654068 139.85 3.85407
    endloop
  endfacet
  facet normal -0.707108 -0 -0.707106
    outer loop
      vertex 0 139.85 4.50814
      vertex 0.654068 120.15 3.85407
      vertex 0 120.15 4.50814
    endloop
  endfacet
  facet normal -0.707108 0 -0.707106
    outer loop
      vertex 0.654068 160.15 3.85407
      vertex 0 179.85 4.50814
      vertex 0.654068 179.85 3.85407
    endloop
  endfacet
  facet normal -0.707108 -0 -0.707106
    outer loop
      vertex 0 179.85 4.50814
      vertex 0.654068 160.15 3.85407
      vertex 0 160.15 4.50814
    endloop
  endfacet
  facet normal -0.707108 0 -0.707106
    outer loop
      vertex 0.654068 200.15 3.85407
      vertex 0 220 4.50814
      vertex 0.654068 220 3.85407
    endloop
  endfacet
  facet normal -0.707108 -0 -0.707106
    outer loop
      vertex 0 220 4.50814
      vertex 0.654068 200.15 3.85407
      vertex 0 200.15 4.50814
    endloop
  endfacet
  facet normal 0.946923 -0 0.32146
    outer loop
      vertex -0.893478 0 2.9606
      vertex -0.854584 19.85 2.84603
      vertex -0.893478 19.85 2.9606
    endloop
  endfacet
  facet normal 0.946923 0 0.32146
    outer loop
      vertex -0.854584 19.85 2.84603
      vertex -0.893478 0 2.9606
      vertex -0.854584 0 2.84603
    endloop
  endfacet
  facet normal 0.946923 -0 0.32146
    outer loop
      vertex -0.893478 40.15 2.9606
      vertex -0.854584 59.85 2.84603
      vertex -0.893478 59.85 2.9606
    endloop
  endfacet
  facet normal 0.946923 0 0.32146
    outer loop
      vertex -0.854584 59.85 2.84603
      vertex -0.893478 40.15 2.9606
      vertex -0.854584 40.15 2.84603
    endloop
  endfacet
  facet normal 0.946923 -0 0.32146
    outer loop
      vertex -0.893478 80.15 2.9606
      vertex -0.854584 99.85 2.84603
      vertex -0.893478 99.85 2.9606
    endloop
  endfacet
  facet normal 0.946923 0 0.32146
    outer loop
      vertex -0.854584 99.85 2.84603
      vertex -0.893478 80.15 2.9606
      vertex -0.854584 80.15 2.84603
    endloop
  endfacet
  facet normal 0.946923 -0 0.32146
    outer loop
      vertex -0.893478 120.15 2.9606
      vertex -0.854584 139.85 2.84603
      vertex -0.893478 139.85 2.9606
    endloop
  endfacet
  facet normal 0.946923 0 0.32146
    outer loop
      vertex -0.854584 139.85 2.84603
      vertex -0.893478 120.15 2.9606
      vertex -0.854584 120.15 2.84603
    endloop
  endfacet
  facet normal 0.946923 -0 0.32146
    outer loop
      vertex -0.893478 160.15 2.9606
      vertex -0.854584 179.85 2.84603
      vertex -0.893478 179.85 2.9606
    endloop
  endfacet
  facet normal 0.946923 0 0.32146
    outer loop
      vertex -0.854584 179.85 2.84603
      vertex -0.893478 160.15 2.9606
      vertex -0.854584 160.15 2.84603
    endloop
  endfacet
  facet normal 0.946923 -0 0.32146
    outer loop
      vertex -0.893478 200.15 2.9606
      vertex -0.854584 220 2.84603
      vertex -0.893478 220 2.9606
    endloop
  endfacet
  facet normal 0.946923 0 0.32146
    outer loop
      vertex -0.854584 220 2.84603
      vertex -0.893478 200.15 2.9606
      vertex -0.854584 200.15 2.84603
    endloop
  endfacet
  facet normal 0.831452 -0 0.555596
    outer loop
      vertex -0.801071 0 2.73751
      vertex -0.733841 19.85 2.6369
      vertex -0.801071 19.85 2.73751
    endloop
  endfacet
  facet normal 0.831452 0 0.555596
    outer loop
      vertex -0.733841 19.85 2.6369
      vertex -0.801071 0 2.73751
      vertex -0.733841 0 2.6369
    endloop
  endfacet
  facet normal 0.831452 -0 0.555596
    outer loop
      vertex -0.801071 40.15 2.73751
      vertex -0.733841 59.85 2.6369
      vertex -0.801071 59.85 2.73751
    endloop
  endfacet
  facet normal 0.831452 0 0.555596
    outer loop
      vertex -0.733841 59.85 2.6369
      vertex -0.801071 40.15 2.73751
      vertex -0.733841 40.15 2.6369
    endloop
  endfacet
  facet normal 0.831452 -0 0.555596
    outer loop
      vertex -0.801071 80.15 2.73751
      vertex -0.733841 99.85 2.6369
      vertex -0.801071 99.85 2.73751
    endloop
  endfacet
  facet normal 0.831452 0 0.555596
    outer loop
      vertex -0.733841 99.85 2.6369
      vertex -0.801071 80.15 2.73751
      vertex -0.733841 80.15 2.6369
    endloop
  endfacet
  facet normal 0.831452 -0 0.555596
    outer loop
      vertex -0.801071 120.15 2.73751
      vertex -0.733841 139.85 2.6369
      vertex -0.801071 139.85 2.73751
    endloop
  endfacet
  facet normal 0.831452 0 0.555596
    outer loop
      vertex -0.733841 139.85 2.6369
      vertex -0.801071 120.15 2.73751
      vertex -0.733841 120.15 2.6369
    endloop
  endfacet
  facet normal 0.831452 -0 0.555596
    outer loop
      vertex -0.801071 160.15 2.73751
      vertex -0.733841 179.85 2.6369
      vertex -0.801071 179.85 2.73751
    endloop
  endfacet
  facet normal 0.831452 0 0.555596
    outer loop
      vertex -0.733841 179.85 2.6369
      vertex -0.801071 160.15 2.73751
      vertex -0.733841 160.15 2.6369
    endloop
  endfacet
  facet normal 0.831452 -0 0.555596
    outer loop
      vertex -0.801071 200.15 2.73751
      vertex -0.733841 220 2.6369
      vertex -0.801071 220 2.73751
    endloop
  endfacet
  facet normal 0.831452 0 0.555596
    outer loop
      vertex -0.733841 220 2.6369
      vertex -0.801071 200.15 2.73751
      vertex -0.733841 200.15 2.6369
    endloop
  endfacet
  facet normal 0.065379 0 0.997861
    outer loop
      vertex -0.120728 19.85 2.28292
      vertex 0 0 2.27501
      vertex 0 19.85 2.27501
    endloop
  endfacet
  facet normal 0.065379 0 0.997861
    outer loop
      vertex 0 0 2.27501
      vertex -0.120728 19.85 2.28292
      vertex -0.120728 0 2.28292
    endloop
  endfacet
  facet normal 0.065379 0 0.997861
    outer loop
      vertex -0.120728 59.85 2.28292
      vertex 0 40.15 2.27501
      vertex 0 59.85 2.27501
    endloop
  endfacet
  facet normal 0.065379 0 0.997861
    outer loop
      vertex 0 40.15 2.27501
      vertex -0.120728 59.85 2.28292
      vertex -0.120728 40.15 2.28292
    endloop
  endfacet
  facet normal 0.065379 0 0.997861
    outer loop
      vertex -0.120728 99.85 2.28292
      vertex 0 80.15 2.27501
      vertex 0 99.85 2.27501
    endloop
  endfacet
  facet normal 0.065379 0 0.997861
    outer loop
      vertex 0 80.15 2.27501
      vertex -0.120728 99.85 2.28292
      vertex -0.120728 80.15 2.28292
    endloop
  endfacet
  facet normal 0.065379 0 0.997861
    outer loop
      vertex -0.120728 139.85 2.28292
      vertex 0 120.15 2.27501
      vertex 0 139.85 2.27501
    endloop
  endfacet
  facet normal 0.065379 0 0.997861
    outer loop
      vertex 0 120.15 2.27501
      vertex -0.120728 139.85 2.28292
      vertex -0.120728 120.15 2.28292
    endloop
  endfacet
  facet normal 0.065379 0 0.997861
    outer loop
      vertex -0.120728 179.85 2.28292
      vertex 0 160.15 2.27501
      vertex 0 179.85 2.27501
    endloop
  endfacet
  facet normal 0.065379 0 0.997861
    outer loop
      vertex 0 160.15 2.27501
      vertex -0.120728 179.85 2.28292
      vertex -0.120728 160.15 2.28292
    endloop
  endfacet
  facet normal 0.065379 0 0.997861
    outer loop
      vertex -0.120728 220 2.28292
      vertex 0 200.15 2.27501
      vertex 0 220 2.27501
    endloop
  endfacet
  facet normal 0.065379 0 0.997861
    outer loop
      vertex 0 200.15 2.27501
      vertex -0.120728 220 2.28292
      vertex -0.120728 200.15 2.28292
    endloop
  endfacet
  facet normal 0.195056 0 0.980792
    outer loop
      vertex -0.239395 19.85 2.30652
      vertex -0.120728 0 2.28292
      vertex -0.120728 19.85 2.28292
    endloop
  endfacet
  facet normal 0.195056 0 0.980792
    outer loop
      vertex -0.120728 0 2.28292
      vertex -0.239395 19.85 2.30652
      vertex -0.239395 0 2.30652
    endloop
  endfacet
  facet normal 0.195056 0 0.980792
    outer loop
      vertex -0.239395 59.85 2.30652
      vertex -0.120728 40.15 2.28292
      vertex -0.120728 59.85 2.28292
    endloop
  endfacet
  facet normal 0.195056 0 0.980792
    outer loop
      vertex -0.120728 40.15 2.28292
      vertex -0.239395 59.85 2.30652
      vertex -0.239395 40.15 2.30652
    endloop
  endfacet
  facet normal 0.195056 0 0.980792
    outer loop
      vertex -0.239395 99.85 2.30652
      vertex -0.120728 80.15 2.28292
      vertex -0.120728 99.85 2.28292
    endloop
  endfacet
  facet normal 0.195056 0 0.980792
    outer loop
      vertex -0.120728 80.15 2.28292
      vertex -0.239395 99.85 2.30652
      vertex -0.239395 80.15 2.30652
    endloop
  endfacet
  facet normal 0.195056 0 0.980792
    outer loop
      vertex -0.239395 139.85 2.30652
      vertex -0.120728 120.15 2.28292
      vertex -0.120728 139.85 2.28292
    endloop
  endfacet
  facet normal 0.195056 0 0.980792
    outer loop
      vertex -0.120728 120.15 2.28292
      vertex -0.239395 139.85 2.30652
      vertex -0.239395 120.15 2.30652
    endloop
  endfacet
  facet normal 0.195056 0 0.980792
    outer loop
      vertex -0.239395 179.85 2.30652
      vertex -0.120728 160.15 2.28292
      vertex -0.120728 179.85 2.28292
    endloop
  endfacet
  facet normal 0.195056 0 0.980792
    outer loop
      vertex -0.120728 160.15 2.28292
      vertex -0.239395 179.85 2.30652
      vertex -0.239395 160.15 2.30652
    endloop
  endfacet
  facet normal 0.195056 0 0.980792
    outer loop
      vertex -0.239395 220 2.30652
      vertex -0.120728 200.15 2.28292
      vertex -0.120728 220 2.28292
    endloop
  endfacet
  facet normal 0.195056 0 0.980792
    outer loop
      vertex -0.120728 200.15 2.28292
      vertex -0.239395 220 2.30652
      vertex -0.239395 200.15 2.30652
    endloop
  endfacet
  facet normal -0.195056 0 0.980792
    outer loop
      vertex 0.120728 19.85 2.28292
      vertex 0.239395 0 2.30652
      vertex 0.239395 19.85 2.30652
    endloop
  endfacet
  facet normal -0.195056 0 0.980792
    outer loop
      vertex 0.239395 0 2.30652
      vertex 0.120728 19.85 2.28292
      vertex 0.120728 0 2.28292
    endloop
  endfacet
  facet normal -0.195056 0 0.980792
    outer loop
      vertex 0.120728 59.85 2.28292
      vertex 0.239395 40.15 2.30652
      vertex 0.239395 59.85 2.30652
    endloop
  endfacet
  facet normal -0.195056 0 0.980792
    outer loop
      vertex 0.239395 40.15 2.30652
      vertex 0.120728 59.85 2.28292
      vertex 0.120728 40.15 2.28292
    endloop
  endfacet
  facet normal -0.195056 0 0.980792
    outer loop
      vertex 0.120728 99.85 2.28292
      vertex 0.239395 80.15 2.30652
      vertex 0.239395 99.85 2.30652
    endloop
  endfacet
  facet normal -0.195056 0 0.980792
    outer loop
      vertex 0.239395 80.15 2.30652
      vertex 0.120728 99.85 2.28292
      vertex 0.120728 80.15 2.28292
    endloop
  endfacet
  facet normal -0.195056 0 0.980792
    outer loop
      vertex 0.120728 139.85 2.28292
      vertex 0.239395 120.15 2.30652
      vertex 0.239395 139.85 2.30652
    endloop
  endfacet
  facet normal -0.195056 0 0.980792
    outer loop
      vertex 0.239395 120.15 2.30652
      vertex 0.120728 139.85 2.28292
      vertex 0.120728 120.15 2.28292
    endloop
  endfacet
  facet normal -0.195056 0 0.980792
    outer loop
      vertex 0.120728 179.85 2.28292
      vertex 0.239395 160.15 2.30652
      vertex 0.239395 179.85 2.30652
    endloop
  endfacet
  facet normal -0.195056 0 0.980792
    outer loop
      vertex 0.239395 160.15 2.30652
      vertex 0.120728 179.85 2.28292
      vertex 0.120728 160.15 2.28292
    endloop
  endfacet
  facet normal -0.195056 0 0.980792
    outer loop
      vertex 0.120728 220 2.28292
      vertex 0.239395 200.15 2.30652
      vertex 0.239395 220 2.30652
    endloop
  endfacet
  facet normal -0.195056 0 0.980792
    outer loop
      vertex 0.239395 200.15 2.30652
      vertex 0.120728 220 2.28292
      vertex 0.120728 200.15 2.28292
    endloop
  endfacet
  facet normal -0.751898 0 -0.659279
    outer loop
      vertex 0.733841 0 3.76309
      vertex 0.654068 19.85 3.85407
      vertex 0.733841 19.85 3.76309
    endloop
  endfacet
  facet normal -0.751898 -0 -0.659279
    outer loop
      vertex 0.654068 19.85 3.85407
      vertex 0.733841 0 3.76309
      vertex 0.654068 0 3.85407
    endloop
  endfacet
  facet normal -0.751898 0 -0.659279
    outer loop
      vertex 0.733841 40.15 3.76309
      vertex 0.654068 59.85 3.85407
      vertex 0.733841 59.85 3.76309
    endloop
  endfacet
  facet normal -0.751898 -0 -0.659279
    outer loop
      vertex 0.654068 59.85 3.85407
      vertex 0.733841 40.15 3.76309
      vertex 0.654068 40.15 3.85407
    endloop
  endfacet
  facet normal -0.751898 0 -0.659279
    outer loop
      vertex 0.733841 80.15 3.76309
      vertex 0.654068 99.85 3.85407
      vertex 0.733841 99.85 3.76309
    endloop
  endfacet
  facet normal -0.751898 -0 -0.659279
    outer loop
      vertex 0.654068 99.85 3.85407
      vertex 0.733841 80.15 3.76309
      vertex 0.654068 80.15 3.85407
    endloop
  endfacet
  facet normal -0.751898 0 -0.659279
    outer loop
      vertex 0.733841 120.15 3.76309
      vertex 0.654068 139.85 3.85407
      vertex 0.733841 139.85 3.76309
    endloop
  endfacet
  facet normal -0.751898 -0 -0.659279
    outer loop
      vertex 0.654068 139.85 3.85407
      vertex 0.733841 120.15 3.76309
      vertex 0.654068 120.15 3.85407
    endloop
  endfacet
  facet normal -0.751898 0 -0.659279
    outer loop
      vertex 0.733841 160.15 3.76309
      vertex 0.654068 179.85 3.85407
      vertex 0.733841 179.85 3.76309
    endloop
  endfacet
  facet normal -0.751898 -0 -0.659279
    outer loop
      vertex 0.654068 179.85 3.85407
      vertex 0.733841 160.15 3.76309
      vertex 0.654068 160.15 3.85407
    endloop
  endfacet
  facet normal -0.751898 0 -0.659279
    outer loop
      vertex 0.733841 200.15 3.76309
      vertex 0.654068 220 3.85407
      vertex 0.733841 220 3.76309
    endloop
  endfacet
  facet normal -0.751898 -0 -0.659279
    outer loop
      vertex 0.654068 220 3.85407
      vertex 0.733841 200.15 3.76309
      vertex 0.654068 200.15 3.85407
    endloop
  endfacet
  facet normal -0.997864 0 -0.0653285
    outer loop
      vertex 0.924988 0 3.2
      vertex 0.917084 19.85 3.32073
      vertex 0.924988 19.85 3.2
    endloop
  endfacet
  facet normal -0.997864 -0 -0.0653285
    outer loop
      vertex 0.917084 19.85 3.32073
      vertex 0.924988 0 3.2
      vertex 0.917084 0 3.32073
    endloop
  endfacet
  facet normal -0.997864 0 -0.0653285
    outer loop
      vertex 0.924988 40.15 3.2
      vertex 0.917084 59.85 3.32073
      vertex 0.924988 59.85 3.2
    endloop
  endfacet
  facet normal -0.997864 -0 -0.0653285
    outer loop
      vertex 0.917084 59.85 3.32073
      vertex 0.924988 40.15 3.2
      vertex 0.917084 40.15 3.32073
    endloop
  endfacet
  facet normal -0.997864 0 -0.0653285
    outer loop
      vertex 0.924988 80.15 3.2
      vertex 0.917084 99.85 3.32073
      vertex 0.924988 99.85 3.2
    endloop
  endfacet
  facet normal -0.997864 -0 -0.0653285
    outer loop
      vertex 0.917084 99.85 3.32073
      vertex 0.924988 80.15 3.2
      vertex 0.917084 80.15 3.32073
    endloop
  endfacet
  facet normal -0.997864 0 -0.0653285
    outer loop
      vertex 0.924988 120.15 3.2
      vertex 0.917084 139.85 3.32073
      vertex 0.924988 139.85 3.2
    endloop
  endfacet
  facet normal -0.997864 -0 -0.0653285
    outer loop
      vertex 0.917084 139.85 3.32073
      vertex 0.924988 120.15 3.2
      vertex 0.917084 120.15 3.32073
    endloop
  endfacet
  facet normal -0.997864 0 -0.0653285
    outer loop
      vertex 0.924988 160.15 3.2
      vertex 0.917084 179.85 3.32073
      vertex 0.924988 179.85 3.2
    endloop
  endfacet
  facet normal -0.997864 -0 -0.0653285
    outer loop
      vertex 0.917084 179.85 3.32073
      vertex 0.924988 160.15 3.2
      vertex 0.917084 160.15 3.32073
    endloop
  endfacet
  facet normal -0.997864 0 -0.0653285
    outer loop
      vertex 0.924988 200.15 3.2
      vertex 0.917084 220 3.32073
      vertex 0.924988 220 3.2
    endloop
  endfacet
  facet normal -0.997864 -0 -0.0653285
    outer loop
      vertex 0.917084 220 3.32073
      vertex 0.924988 200.15 3.2
      vertex 0.917084 200.15 3.32073
    endloop
  endfacet
  facet normal 0.442245 0 0.896894
    outer loop
      vertex -0.462494 19.85 2.39893
      vertex -0.353973 0 2.34542
      vertex -0.353973 19.85 2.34542
    endloop
  endfacet
  facet normal 0.442245 0 0.896894
    outer loop
      vertex -0.353973 0 2.34542
      vertex -0.462494 19.85 2.39893
      vertex -0.462494 0 2.39893
    endloop
  endfacet
  facet normal 0.442245 0 0.896894
    outer loop
      vertex -0.462494 59.85 2.39893
      vertex -0.353973 40.15 2.34542
      vertex -0.353973 59.85 2.34542
    endloop
  endfacet
  facet normal 0.442245 0 0.896894
    outer loop
      vertex -0.353973 40.15 2.34542
      vertex -0.462494 59.85 2.39893
      vertex -0.462494 40.15 2.39893
    endloop
  endfacet
  facet normal 0.442245 0 0.896894
    outer loop
      vertex -0.462494 99.85 2.39893
      vertex -0.353973 80.15 2.34542
      vertex -0.353973 99.85 2.34542
    endloop
  endfacet
  facet normal 0.442245 0 0.896894
    outer loop
      vertex -0.353973 80.15 2.34542
      vertex -0.462494 99.85 2.39893
      vertex -0.462494 80.15 2.39893
    endloop
  endfacet
  facet normal 0.442245 0 0.896894
    outer loop
      vertex -0.462494 139.85 2.39893
      vertex -0.353973 120.15 2.34542
      vertex -0.353973 139.85 2.34542
    endloop
  endfacet
  facet normal 0.442245 0 0.896894
    outer loop
      vertex -0.353973 120.15 2.34542
      vertex -0.462494 139.85 2.39893
      vertex -0.462494 120.15 2.39893
    endloop
  endfacet
  facet normal 0.442245 0 0.896894
    outer loop
      vertex -0.462494 179.85 2.39893
      vertex -0.353973 160.15 2.34542
      vertex -0.353973 179.85 2.34542
    endloop
  endfacet
  facet normal 0.442245 0 0.896894
    outer loop
      vertex -0.353973 160.15 2.34542
      vertex -0.462494 179.85 2.39893
      vertex -0.462494 160.15 2.39893
    endloop
  endfacet
  facet normal 0.442245 0 0.896894
    outer loop
      vertex -0.462494 220 2.39893
      vertex -0.353973 200.15 2.34542
      vertex -0.353973 220 2.34542
    endloop
  endfacet
  facet normal 0.442245 0 0.896894
    outer loop
      vertex -0.353973 200.15 2.34542
      vertex -0.462494 220 2.39893
      vertex -0.462494 200.15 2.39893
    endloop
  endfacet
  facet normal 0.555631 0 0.831429
    outer loop
      vertex -0.563095 19.85 2.46616
      vertex -0.462494 0 2.39893
      vertex -0.462494 19.85 2.39893
    endloop
  endfacet
  facet normal 0.555631 0 0.831429
    outer loop
      vertex -0.462494 0 2.39893
      vertex -0.563095 19.85 2.46616
      vertex -0.563095 0 2.46616
    endloop
  endfacet
  facet normal 0.555631 0 0.831429
    outer loop
      vertex -0.563095 59.85 2.46616
      vertex -0.462494 40.15 2.39893
      vertex -0.462494 59.85 2.39893
    endloop
  endfacet
  facet normal 0.555631 0 0.831429
    outer loop
      vertex -0.462494 40.15 2.39893
      vertex -0.563095 59.85 2.46616
      vertex -0.563095 40.15 2.46616
    endloop
  endfacet
  facet normal 0.555631 0 0.831429
    outer loop
      vertex -0.563095 99.85 2.46616
      vertex -0.462494 80.15 2.39893
      vertex -0.462494 99.85 2.39893
    endloop
  endfacet
  facet normal 0.555631 0 0.831429
    outer loop
      vertex -0.462494 80.15 2.39893
      vertex -0.563095 99.85 2.46616
      vertex -0.563095 80.15 2.46616
    endloop
  endfacet
  facet normal 0.555631 0 0.831429
    outer loop
      vertex -0.563095 139.85 2.46616
      vertex -0.462494 120.15 2.39893
      vertex -0.462494 139.85 2.39893
    endloop
  endfacet
  facet normal 0.555631 0 0.831429
    outer loop
      vertex -0.462494 120.15 2.39893
      vertex -0.563095 139.85 2.46616
      vertex -0.563095 120.15 2.46616
    endloop
  endfacet
  facet normal 0.555631 0 0.831429
    outer loop
      vertex -0.563095 179.85 2.46616
      vertex -0.462494 160.15 2.39893
      vertex -0.462494 179.85 2.39893
    endloop
  endfacet
  facet normal 0.555631 0 0.831429
    outer loop
      vertex -0.462494 160.15 2.39893
      vertex -0.563095 179.85 2.46616
      vertex -0.563095 160.15 2.46616
    endloop
  endfacet
  facet normal 0.555631 0 0.831429
    outer loop
      vertex -0.563095 220 2.46616
      vertex -0.462494 200.15 2.39893
      vertex -0.462494 220 2.39893
    endloop
  endfacet
  facet normal 0.555631 0 0.831429
    outer loop
      vertex -0.462494 200.15 2.39893
      vertex -0.563095 220 2.46616
      vertex -0.563095 200.15 2.46616
    endloop
  endfacet
  facet normal -0.997864 0 0.0653285
    outer loop
      vertex 0.917084 0 3.07927
      vertex 0.924988 19.85 3.2
      vertex 0.917084 19.85 3.07927
    endloop
  endfacet
  facet normal -0.997864 0 0.0653285
    outer loop
      vertex 0.924988 19.85 3.2
      vertex 0.917084 0 3.07927
      vertex 0.924988 0 3.2
    endloop
  endfacet
  facet normal -0.997864 0 0.0653285
    outer loop
      vertex 0.917084 40.15 3.07927
      vertex 0.924988 59.85 3.2
      vertex 0.917084 59.85 3.07927
    endloop
  endfacet
  facet normal -0.997864 0 0.0653285
    outer loop
      vertex 0.924988 59.85 3.2
      vertex 0.917084 40.15 3.07927
      vertex 0.924988 40.15 3.2
    endloop
  endfacet
  facet normal -0.997864 0 0.0653285
    outer loop
      vertex 0.917084 80.15 3.07927
      vertex 0.924988 99.85 3.2
      vertex 0.917084 99.85 3.07927
    endloop
  endfacet
  facet normal -0.997864 0 0.0653285
    outer loop
      vertex 0.924988 99.85 3.2
      vertex 0.917084 80.15 3.07927
      vertex 0.924988 80.15 3.2
    endloop
  endfacet
  facet normal -0.997864 0 0.0653285
    outer loop
      vertex 0.917084 120.15 3.07927
      vertex 0.924988 139.85 3.2
      vertex 0.917084 139.85 3.07927
    endloop
  endfacet
  facet normal -0.997864 0 0.0653285
    outer loop
      vertex 0.924988 139.85 3.2
      vertex 0.917084 120.15 3.07927
      vertex 0.924988 120.15 3.2
    endloop
  endfacet
  facet normal -0.997864 0 0.0653285
    outer loop
      vertex 0.917084 160.15 3.07927
      vertex 0.924988 179.85 3.2
      vertex 0.917084 179.85 3.07927
    endloop
  endfacet
  facet normal -0.997864 0 0.0653285
    outer loop
      vertex 0.924988 179.85 3.2
      vertex 0.917084 160.15 3.07927
      vertex 0.924988 160.15 3.2
    endloop
  endfacet
  facet normal -0.997864 0 0.0653285
    outer loop
      vertex 0.917084 200.15 3.07927
      vertex 0.924988 220 3.2
      vertex 0.917084 220 3.07927
    endloop
  endfacet
  facet normal -0.997864 0 0.0653285
    outer loop
      vertex 0.924988 220 3.2
      vertex 0.917084 200.15 3.07927
      vertex 0.924988 200.15 3.2
    endloop
  endfacet
  facet normal 0.946932 0 -0.321435
    outer loop
      vertex -0.854584 0 3.55397
      vertex -0.893478 19.85 3.43939
      vertex -0.854584 19.85 3.55397
    endloop
  endfacet
  facet normal 0.946932 0 -0.321435
    outer loop
      vertex -0.893478 19.85 3.43939
      vertex -0.854584 0 3.55397
      vertex -0.893478 0 3.43939
    endloop
  endfacet
  facet normal 0.946932 0 -0.321435
    outer loop
      vertex -0.854584 40.15 3.55397
      vertex -0.893478 59.85 3.43939
      vertex -0.854584 59.85 3.55397
    endloop
  endfacet
  facet normal 0.946932 0 -0.321435
    outer loop
      vertex -0.893478 59.85 3.43939
      vertex -0.854584 40.15 3.55397
      vertex -0.893478 40.15 3.43939
    endloop
  endfacet
  facet normal 0.946932 0 -0.321435
    outer loop
      vertex -0.854584 80.15 3.55397
      vertex -0.893478 99.85 3.43939
      vertex -0.854584 99.85 3.55397
    endloop
  endfacet
  facet normal 0.946932 0 -0.321435
    outer loop
      vertex -0.893478 99.85 3.43939
      vertex -0.854584 80.15 3.55397
      vertex -0.893478 80.15 3.43939
    endloop
  endfacet
  facet normal 0.946932 0 -0.321435
    outer loop
      vertex -0.854584 120.15 3.55397
      vertex -0.893478 139.85 3.43939
      vertex -0.854584 139.85 3.55397
    endloop
  endfacet
  facet normal 0.946932 0 -0.321435
    outer loop
      vertex -0.893478 139.85 3.43939
      vertex -0.854584 120.15 3.55397
      vertex -0.893478 120.15 3.43939
    endloop
  endfacet
  facet normal 0.946932 0 -0.321435
    outer loop
      vertex -0.854584 160.15 3.55397
      vertex -0.893478 179.85 3.43939
      vertex -0.854584 179.85 3.55397
    endloop
  endfacet
  facet normal 0.946932 0 -0.321435
    outer loop
      vertex -0.893478 179.85 3.43939
      vertex -0.854584 160.15 3.55397
      vertex -0.893478 160.15 3.43939
    endloop
  endfacet
  facet normal 0.946932 0 -0.321435
    outer loop
      vertex -0.854584 200.15 3.55397
      vertex -0.893478 220 3.43939
      vertex -0.854584 220 3.55397
    endloop
  endfacet
  facet normal 0.946932 0 -0.321435
    outer loop
      vertex -0.893478 220 3.43939
      vertex -0.854584 200.15 3.55397
      vertex -0.893478 200.15 3.43939
    endloop
  endfacet
  facet normal 0.831427 0 -0.555634
    outer loop
      vertex -0.733841 0 3.76309
      vertex -0.801071 19.85 3.66249
      vertex -0.733841 19.85 3.76309
    endloop
  endfacet
  facet normal 0.831427 0 -0.555634
    outer loop
      vertex -0.801071 19.85 3.66249
      vertex -0.733841 0 3.76309
      vertex -0.801071 0 3.66249
    endloop
  endfacet
  facet normal 0.831427 0 -0.555634
    outer loop
      vertex -0.733841 40.15 3.76309
      vertex -0.801071 59.85 3.66249
      vertex -0.733841 59.85 3.76309
    endloop
  endfacet
  facet normal 0.831427 0 -0.555634
    outer loop
      vertex -0.801071 59.85 3.66249
      vertex -0.733841 40.15 3.76309
      vertex -0.801071 40.15 3.66249
    endloop
  endfacet
  facet normal 0.831427 0 -0.555634
    outer loop
      vertex -0.733841 80.15 3.76309
      vertex -0.801071 99.85 3.66249
      vertex -0.733841 99.85 3.76309
    endloop
  endfacet
  facet normal 0.831427 0 -0.555634
    outer loop
      vertex -0.801071 99.85 3.66249
      vertex -0.733841 80.15 3.76309
      vertex -0.801071 80.15 3.66249
    endloop
  endfacet
  facet normal 0.831427 0 -0.555634
    outer loop
      vertex -0.733841 120.15 3.76309
      vertex -0.801071 139.85 3.66249
      vertex -0.733841 139.85 3.76309
    endloop
  endfacet
  facet normal 0.831427 0 -0.555634
    outer loop
      vertex -0.801071 139.85 3.66249
      vertex -0.733841 120.15 3.76309
      vertex -0.801071 120.15 3.66249
    endloop
  endfacet
  facet normal 0.831427 0 -0.555634
    outer loop
      vertex -0.733841 160.15 3.76309
      vertex -0.801071 179.85 3.66249
      vertex -0.733841 179.85 3.76309
    endloop
  endfacet
  facet normal 0.831427 0 -0.555634
    outer loop
      vertex -0.801071 179.85 3.66249
      vertex -0.733841 160.15 3.76309
      vertex -0.801071 160.15 3.66249
    endloop
  endfacet
  facet normal 0.831427 0 -0.555634
    outer loop
      vertex -0.733841 200.15 3.76309
      vertex -0.801071 220 3.66249
      vertex -0.733841 220 3.76309
    endloop
  endfacet
  facet normal 0.831427 0 -0.555634
    outer loop
      vertex -0.801071 220 3.66249
      vertex -0.733841 200.15 3.76309
      vertex -0.801071 200.15 3.66249
    endloop
  endfacet
  facet normal 0.321484 0 0.946915
    outer loop
      vertex -0.353973 19.85 2.34542
      vertex -0.239395 0 2.30652
      vertex -0.239395 19.85 2.30652
    endloop
  endfacet
  facet normal 0.321484 0 0.946915
    outer loop
      vertex -0.239395 0 2.30652
      vertex -0.353973 19.85 2.34542
      vertex -0.353973 0 2.34542
    endloop
  endfacet
  facet normal 0.321484 0 0.946915
    outer loop
      vertex -0.353973 59.85 2.34542
      vertex -0.239395 40.15 2.30652
      vertex -0.239395 59.85 2.30652
    endloop
  endfacet
  facet normal 0.321484 0 0.946915
    outer loop
      vertex -0.239395 40.15 2.30652
      vertex -0.353973 59.85 2.34542
      vertex -0.353973 40.15 2.34542
    endloop
  endfacet
  facet normal 0.321484 0 0.946915
    outer loop
      vertex -0.353973 99.85 2.34542
      vertex -0.239395 80.15 2.30652
      vertex -0.239395 99.85 2.30652
    endloop
  endfacet
  facet normal 0.321484 0 0.946915
    outer loop
      vertex -0.239395 80.15 2.30652
      vertex -0.353973 99.85 2.34542
      vertex -0.353973 80.15 2.34542
    endloop
  endfacet
  facet normal 0.321484 0 0.946915
    outer loop
      vertex -0.353973 139.85 2.34542
      vertex -0.239395 120.15 2.30652
      vertex -0.239395 139.85 2.30652
    endloop
  endfacet
  facet normal 0.321484 0 0.946915
    outer loop
      vertex -0.239395 120.15 2.30652
      vertex -0.353973 139.85 2.34542
      vertex -0.353973 120.15 2.34542
    endloop
  endfacet
  facet normal 0.321484 0 0.946915
    outer loop
      vertex -0.353973 179.85 2.34542
      vertex -0.239395 160.15 2.30652
      vertex -0.239395 179.85 2.30652
    endloop
  endfacet
  facet normal 0.321484 0 0.946915
    outer loop
      vertex -0.239395 160.15 2.30652
      vertex -0.353973 179.85 2.34542
      vertex -0.353973 160.15 2.34542
    endloop
  endfacet
  facet normal 0.321484 0 0.946915
    outer loop
      vertex -0.353973 220 2.34542
      vertex -0.239395 200.15 2.30652
      vertex -0.239395 220 2.30652
    endloop
  endfacet
  facet normal 0.321484 0 0.946915
    outer loop
      vertex -0.239395 200.15 2.30652
      vertex -0.353973 220 2.34542
      vertex -0.353973 200.15 2.34542
    endloop
  endfacet
  facet normal -0.980784 0 0.195099
    outer loop
      vertex 0.893478 0 2.9606
      vertex 0.917084 19.85 3.07927
      vertex 0.893478 19.85 2.9606
    endloop
  endfacet
  facet normal -0.980784 0 0.195099
    outer loop
      vertex 0.917084 19.85 3.07927
      vertex 0.893478 0 2.9606
      vertex 0.917084 0 3.07927
    endloop
  endfacet
  facet normal -0.980784 0 0.195099
    outer loop
      vertex 0.893478 40.15 2.9606
      vertex 0.917084 59.85 3.07927
      vertex 0.893478 59.85 2.9606
    endloop
  endfacet
  facet normal -0.980784 0 0.195099
    outer loop
      vertex 0.917084 59.85 3.07927
      vertex 0.893478 40.15 2.9606
      vertex 0.917084 40.15 3.07927
    endloop
  endfacet
  facet normal -0.980784 0 0.195099
    outer loop
      vertex 0.893478 80.15 2.9606
      vertex 0.917084 99.85 3.07927
      vertex 0.893478 99.85 2.9606
    endloop
  endfacet
  facet normal -0.980784 0 0.195099
    outer loop
      vertex 0.917084 99.85 3.07927
      vertex 0.893478 80.15 2.9606
      vertex 0.917084 80.15 3.07927
    endloop
  endfacet
  facet normal -0.980784 0 0.195099
    outer loop
      vertex 0.893478 120.15 2.9606
      vertex 0.917084 139.85 3.07927
      vertex 0.893478 139.85 2.9606
    endloop
  endfacet
  facet normal -0.980784 0 0.195099
    outer loop
      vertex 0.917084 139.85 3.07927
      vertex 0.893478 120.15 2.9606
      vertex 0.917084 120.15 3.07927
    endloop
  endfacet
  facet normal -0.980784 0 0.195099
    outer loop
      vertex 0.893478 160.15 2.9606
      vertex 0.917084 179.85 3.07927
      vertex 0.893478 179.85 2.9606
    endloop
  endfacet
  facet normal -0.980784 0 0.195099
    outer loop
      vertex 0.917084 179.85 3.07927
      vertex 0.893478 160.15 2.9606
      vertex 0.917084 160.15 3.07927
    endloop
  endfacet
  facet normal -0.980784 0 0.195099
    outer loop
      vertex 0.893478 200.15 2.9606
      vertex 0.917084 220 3.07927
      vertex 0.893478 220 2.9606
    endloop
  endfacet
  facet normal -0.980784 0 0.195099
    outer loop
      vertex 0.917084 220 3.07927
      vertex 0.893478 200.15 2.9606
      vertex 0.917084 200.15 3.07927
    endloop
  endfacet
  facet normal 0.751863 -0 0.65932
    outer loop
      vertex -0.733841 0 2.6369
      vertex -0.654068 19.85 2.54593
      vertex -0.733841 19.85 2.6369
    endloop
  endfacet
  facet normal 0.751863 0 0.65932
    outer loop
      vertex -0.654068 19.85 2.54593
      vertex -0.733841 0 2.6369
      vertex -0.654068 0 2.54593
    endloop
  endfacet
  facet normal 0.751863 -0 0.65932
    outer loop
      vertex -0.733841 40.15 2.6369
      vertex -0.654068 59.85 2.54593
      vertex -0.733841 59.85 2.6369
    endloop
  endfacet
  facet normal 0.751863 0 0.65932
    outer loop
      vertex -0.654068 59.85 2.54593
      vertex -0.733841 40.15 2.6369
      vertex -0.654068 40.15 2.54593
    endloop
  endfacet
  facet normal 0.751863 -0 0.65932
    outer loop
      vertex -0.733841 80.15 2.6369
      vertex -0.654068 99.85 2.54593
      vertex -0.733841 99.85 2.6369
    endloop
  endfacet
  facet normal 0.751863 0 0.65932
    outer loop
      vertex -0.654068 99.85 2.54593
      vertex -0.733841 80.15 2.6369
      vertex -0.654068 80.15 2.54593
    endloop
  endfacet
  facet normal 0.751863 -0 0.65932
    outer loop
      vertex -0.733841 120.15 2.6369
      vertex -0.654068 139.85 2.54593
      vertex -0.733841 139.85 2.6369
    endloop
  endfacet
  facet normal 0.751863 0 0.65932
    outer loop
      vertex -0.654068 139.85 2.54593
      vertex -0.733841 120.15 2.6369
      vertex -0.654068 120.15 2.54593
    endloop
  endfacet
  facet normal 0.751863 -0 0.65932
    outer loop
      vertex -0.733841 160.15 2.6369
      vertex -0.654068 179.85 2.54593
      vertex -0.733841 179.85 2.6369
    endloop
  endfacet
  facet normal 0.751863 0 0.65932
    outer loop
      vertex -0.654068 179.85 2.54593
      vertex -0.733841 160.15 2.6369
      vertex -0.654068 160.15 2.54593
    endloop
  endfacet
  facet normal 0.751863 -0 0.65932
    outer loop
      vertex -0.733841 200.15 2.6369
      vertex -0.654068 220 2.54593
      vertex -0.733841 220 2.6369
    endloop
  endfacet
  facet normal 0.751863 0 0.65932
    outer loop
      vertex -0.654068 220 2.54593
      vertex -0.733841 200.15 2.6369
      vertex -0.654068 200.15 2.54593
    endloop
  endfacet
  facet normal -0.831427 0 -0.555634
    outer loop
      vertex 0.801071 0 3.66249
      vertex 0.733841 19.85 3.76309
      vertex 0.801071 19.85 3.66249
    endloop
  endfacet
  facet normal -0.831427 -0 -0.555634
    outer loop
      vertex 0.733841 19.85 3.76309
      vertex 0.801071 0 3.66249
      vertex 0.733841 0 3.76309
    endloop
  endfacet
  facet normal -0.831427 0 -0.555634
    outer loop
      vertex 0.801071 40.15 3.66249
      vertex 0.733841 59.85 3.76309
      vertex 0.801071 59.85 3.66249
    endloop
  endfacet
  facet normal -0.831427 -0 -0.555634
    outer loop
      vertex 0.733841 59.85 3.76309
      vertex 0.801071 40.15 3.66249
      vertex 0.733841 40.15 3.76309
    endloop
  endfacet
  facet normal -0.831427 0 -0.555634
    outer loop
      vertex 0.801071 80.15 3.66249
      vertex 0.733841 99.85 3.76309
      vertex 0.801071 99.85 3.66249
    endloop
  endfacet
  facet normal -0.831427 -0 -0.555634
    outer loop
      vertex 0.733841 99.85 3.76309
      vertex 0.801071 80.15 3.66249
      vertex 0.733841 80.15 3.76309
    endloop
  endfacet
  facet normal -0.831427 0 -0.555634
    outer loop
      vertex 0.801071 120.15 3.66249
      vertex 0.733841 139.85 3.76309
      vertex 0.801071 139.85 3.66249
    endloop
  endfacet
  facet normal -0.831427 -0 -0.555634
    outer loop
      vertex 0.733841 139.85 3.76309
      vertex 0.801071 120.15 3.66249
      vertex 0.733841 120.15 3.76309
    endloop
  endfacet
  facet normal -0.831427 0 -0.555634
    outer loop
      vertex 0.801071 160.15 3.66249
      vertex 0.733841 179.85 3.76309
      vertex 0.801071 179.85 3.66249
    endloop
  endfacet
  facet normal -0.831427 -0 -0.555634
    outer loop
      vertex 0.733841 179.85 3.76309
      vertex 0.801071 160.15 3.66249
      vertex 0.733841 160.15 3.76309
    endloop
  endfacet
  facet normal -0.831427 0 -0.555634
    outer loop
      vertex 0.801071 200.15 3.66249
      vertex 0.733841 220 3.76309
      vertex 0.801071 220 3.66249
    endloop
  endfacet
  facet normal -0.831427 -0 -0.555634
    outer loop
      vertex 0.733841 220 3.76309
      vertex 0.801071 200.15 3.66249
      vertex 0.733841 200.15 3.76309
    endloop
  endfacet
  facet normal -0.946923 0 0.32146
    outer loop
      vertex 0.854584 0 2.84603
      vertex 0.893478 19.85 2.9606
      vertex 0.854584 19.85 2.84603
    endloop
  endfacet
  facet normal -0.946923 0 0.32146
    outer loop
      vertex 0.893478 19.85 2.9606
      vertex 0.854584 0 2.84603
      vertex 0.893478 0 2.9606
    endloop
  endfacet
  facet normal -0.946923 0 0.32146
    outer loop
      vertex 0.854584 40.15 2.84603
      vertex 0.893478 59.85 2.9606
      vertex 0.854584 59.85 2.84603
    endloop
  endfacet
  facet normal -0.946923 0 0.32146
    outer loop
      vertex 0.893478 59.85 2.9606
      vertex 0.854584 40.15 2.84603
      vertex 0.893478 40.15 2.9606
    endloop
  endfacet
  facet normal -0.946923 0 0.32146
    outer loop
      vertex 0.854584 80.15 2.84603
      vertex 0.893478 99.85 2.9606
      vertex 0.854584 99.85 2.84603
    endloop
  endfacet
  facet normal -0.946923 0 0.32146
    outer loop
      vertex 0.893478 99.85 2.9606
      vertex 0.854584 80.15 2.84603
      vertex 0.893478 80.15 2.9606
    endloop
  endfacet
  facet normal -0.946923 0 0.32146
    outer loop
      vertex 0.854584 120.15 2.84603
      vertex 0.893478 139.85 2.9606
      vertex 0.854584 139.85 2.84603
    endloop
  endfacet
  facet normal -0.946923 0 0.32146
    outer loop
      vertex 0.893478 139.85 2.9606
      vertex 0.854584 120.15 2.84603
      vertex 0.893478 120.15 2.9606
    endloop
  endfacet
  facet normal -0.946923 0 0.32146
    outer loop
      vertex 0.854584 160.15 2.84603
      vertex 0.893478 179.85 2.9606
      vertex 0.854584 179.85 2.84603
    endloop
  endfacet
  facet normal -0.946923 0 0.32146
    outer loop
      vertex 0.893478 179.85 2.9606
      vertex 0.854584 160.15 2.84603
      vertex 0.893478 160.15 2.9606
    endloop
  endfacet
  facet normal -0.946923 0 0.32146
    outer loop
      vertex 0.854584 200.15 2.84603
      vertex 0.893478 220 2.9606
      vertex 0.854584 220 2.84603
    endloop
  endfacet
  facet normal -0.946923 0 0.32146
    outer loop
      vertex 0.893478 220 2.9606
      vertex 0.854584 200.15 2.84603
      vertex 0.893478 200.15 2.9606
    endloop
  endfacet
  facet normal 0.997864 0 -0.0653285
    outer loop
      vertex -0.917084 0 3.32073
      vertex -0.924988 19.85 3.2
      vertex -0.917084 19.85 3.32073
    endloop
  endfacet
  facet normal 0.997864 0 -0.0653285
    outer loop
      vertex -0.924988 19.85 3.2
      vertex -0.917084 0 3.32073
      vertex -0.924988 0 3.2
    endloop
  endfacet
  facet normal 0.997864 0 -0.0653285
    outer loop
      vertex -0.917084 40.15 3.32073
      vertex -0.924988 59.85 3.2
      vertex -0.917084 59.85 3.32073
    endloop
  endfacet
  facet normal 0.997864 0 -0.0653285
    outer loop
      vertex -0.924988 59.85 3.2
      vertex -0.917084 40.15 3.32073
      vertex -0.924988 40.15 3.2
    endloop
  endfacet
  facet normal 0.997864 0 -0.0653285
    outer loop
      vertex -0.917084 80.15 3.32073
      vertex -0.924988 99.85 3.2
      vertex -0.917084 99.85 3.32073
    endloop
  endfacet
  facet normal 0.997864 0 -0.0653285
    outer loop
      vertex -0.924988 99.85 3.2
      vertex -0.917084 80.15 3.32073
      vertex -0.924988 80.15 3.2
    endloop
  endfacet
  facet normal 0.997864 0 -0.0653285
    outer loop
      vertex -0.917084 120.15 3.32073
      vertex -0.924988 139.85 3.2
      vertex -0.917084 139.85 3.32073
    endloop
  endfacet
  facet normal 0.997864 0 -0.0653285
    outer loop
      vertex -0.924988 139.85 3.2
      vertex -0.917084 120.15 3.32073
      vertex -0.924988 120.15 3.2
    endloop
  endfacet
  facet normal 0.997864 0 -0.0653285
    outer loop
      vertex -0.917084 160.15 3.32073
      vertex -0.924988 179.85 3.2
      vertex -0.917084 179.85 3.32073
    endloop
  endfacet
  facet normal 0.997864 0 -0.0653285
    outer loop
      vertex -0.924988 179.85 3.2
      vertex -0.917084 160.15 3.32073
      vertex -0.924988 160.15 3.2
    endloop
  endfacet
  facet normal 0.997864 0 -0.0653285
    outer loop
      vertex -0.917084 200.15 3.32073
      vertex -0.924988 220 3.2
      vertex -0.917084 220 3.32073
    endloop
  endfacet
  facet normal 0.997864 0 -0.0653285
    outer loop
      vertex -0.924988 220 3.2
      vertex -0.917084 200.15 3.32073
      vertex -0.924988 200.15 3.2
    endloop
  endfacet
  facet normal -0.946932 0 -0.321435
    outer loop
      vertex 0.893478 0 3.43939
      vertex 0.854584 19.85 3.55397
      vertex 0.893478 19.85 3.43939
    endloop
  endfacet
  facet normal -0.946932 -0 -0.321435
    outer loop
      vertex 0.854584 19.85 3.55397
      vertex 0.893478 0 3.43939
      vertex 0.854584 0 3.55397
    endloop
  endfacet
  facet normal -0.946932 0 -0.321435
    outer loop
      vertex 0.893478 40.15 3.43939
      vertex 0.854584 59.85 3.55397
      vertex 0.893478 59.85 3.43939
    endloop
  endfacet
  facet normal -0.946932 -0 -0.321435
    outer loop
      vertex 0.854584 59.85 3.55397
      vertex 0.893478 40.15 3.43939
      vertex 0.854584 40.15 3.55397
    endloop
  endfacet
  facet normal -0.946932 0 -0.321435
    outer loop
      vertex 0.893478 80.15 3.43939
      vertex 0.854584 99.85 3.55397
      vertex 0.893478 99.85 3.43939
    endloop
  endfacet
  facet normal -0.946932 -0 -0.321435
    outer loop
      vertex 0.854584 99.85 3.55397
      vertex 0.893478 80.15 3.43939
      vertex 0.854584 80.15 3.55397
    endloop
  endfacet
  facet normal -0.946932 0 -0.321435
    outer loop
      vertex 0.893478 120.15 3.43939
      vertex 0.854584 139.85 3.55397
      vertex 0.893478 139.85 3.43939
    endloop
  endfacet
  facet normal -0.946932 -0 -0.321435
    outer loop
      vertex 0.854584 139.85 3.55397
      vertex 0.893478 120.15 3.43939
      vertex 0.854584 120.15 3.55397
    endloop
  endfacet
  facet normal -0.946932 0 -0.321435
    outer loop
      vertex 0.893478 160.15 3.43939
      vertex 0.854584 179.85 3.55397
      vertex 0.893478 179.85 3.43939
    endloop
  endfacet
  facet normal -0.946932 -0 -0.321435
    outer loop
      vertex 0.854584 179.85 3.55397
      vertex 0.893478 160.15 3.43939
      vertex 0.854584 160.15 3.55397
    endloop
  endfacet
  facet normal -0.946932 0 -0.321435
    outer loop
      vertex 0.893478 200.15 3.43939
      vertex 0.854584 220 3.55397
      vertex 0.893478 220 3.43939
    endloop
  endfacet
  facet normal -0.946932 -0 -0.321435
    outer loop
      vertex 0.854584 220 3.55397
      vertex 0.893478 200.15 3.43939
      vertex 0.854584 200.15 3.55397
    endloop
  endfacet
  facet normal -0.98078 0 -0.195115
    outer loop
      vertex 0.917084 0 3.32073
      vertex 0.893478 19.85 3.43939
      vertex 0.917084 19.85 3.32073
    endloop
  endfacet
  facet normal -0.98078 -0 -0.195115
    outer loop
      vertex 0.893478 19.85 3.43939
      vertex 0.917084 0 3.32073
      vertex 0.893478 0 3.43939
    endloop
  endfacet
  facet normal -0.98078 0 -0.195115
    outer loop
      vertex 0.917084 40.15 3.32073
      vertex 0.893478 59.85 3.43939
      vertex 0.917084 59.85 3.32073
    endloop
  endfacet
  facet normal -0.98078 -0 -0.195115
    outer loop
      vertex 0.893478 59.85 3.43939
      vertex 0.917084 40.15 3.32073
      vertex 0.893478 40.15 3.43939
    endloop
  endfacet
  facet normal -0.98078 0 -0.195115
    outer loop
      vertex 0.917084 80.15 3.32073
      vertex 0.893478 99.85 3.43939
      vertex 0.917084 99.85 3.32073
    endloop
  endfacet
  facet normal -0.98078 -0 -0.195115
    outer loop
      vertex 0.893478 99.85 3.43939
      vertex 0.917084 80.15 3.32073
      vertex 0.893478 80.15 3.43939
    endloop
  endfacet
  facet normal -0.98078 0 -0.195115
    outer loop
      vertex 0.917084 120.15 3.32073
      vertex 0.893478 139.85 3.43939
      vertex 0.917084 139.85 3.32073
    endloop
  endfacet
  facet normal -0.98078 -0 -0.195115
    outer loop
      vertex 0.893478 139.85 3.43939
      vertex 0.917084 120.15 3.32073
      vertex 0.893478 120.15 3.43939
    endloop
  endfacet
  facet normal -0.98078 0 -0.195115
    outer loop
      vertex 0.917084 160.15 3.32073
      vertex 0.893478 179.85 3.43939
      vertex 0.917084 179.85 3.32073
    endloop
  endfacet
  facet normal -0.98078 -0 -0.195115
    outer loop
      vertex 0.893478 179.85 3.43939
      vertex 0.917084 160.15 3.32073
      vertex 0.893478 160.15 3.43939
    endloop
  endfacet
  facet normal -0.98078 0 -0.195115
    outer loop
      vertex 0.917084 200.15 3.32073
      vertex 0.893478 220 3.43939
      vertex 0.917084 220 3.32073
    endloop
  endfacet
  facet normal -0.98078 -0 -0.195115
    outer loop
      vertex 0.893478 220 3.43939
      vertex 0.917084 200.15 3.32073
      vertex 0.893478 200.15 3.43939
    endloop
  endfacet
  facet normal -0.896883 0 -0.442268
    outer loop
      vertex 0.854584 0 3.55397
      vertex 0.801071 19.85 3.66249
      vertex 0.854584 19.85 3.55397
    endloop
  endfacet
  facet normal -0.896883 -0 -0.442268
    outer loop
      vertex 0.801071 19.85 3.66249
      vertex 0.854584 0 3.55397
      vertex 0.801071 0 3.66249
    endloop
  endfacet
  facet normal -0.896883 0 -0.442268
    outer loop
      vertex 0.854584 40.15 3.55397
      vertex 0.801071 59.85 3.66249
      vertex 0.854584 59.85 3.55397
    endloop
  endfacet
  facet normal -0.896883 -0 -0.442268
    outer loop
      vertex 0.801071 59.85 3.66249
      vertex 0.854584 40.15 3.55397
      vertex 0.801071 40.15 3.66249
    endloop
  endfacet
  facet normal -0.896883 0 -0.442268
    outer loop
      vertex 0.854584 80.15 3.55397
      vertex 0.801071 99.85 3.66249
      vertex 0.854584 99.85 3.55397
    endloop
  endfacet
  facet normal -0.896883 -0 -0.442268
    outer loop
      vertex 0.801071 99.85 3.66249
      vertex 0.854584 80.15 3.55397
      vertex 0.801071 80.15 3.66249
    endloop
  endfacet
  facet normal -0.896883 0 -0.442268
    outer loop
      vertex 0.854584 120.15 3.55397
      vertex 0.801071 139.85 3.66249
      vertex 0.854584 139.85 3.55397
    endloop
  endfacet
  facet normal -0.896883 -0 -0.442268
    outer loop
      vertex 0.801071 139.85 3.66249
      vertex 0.854584 120.15 3.55397
      vertex 0.801071 120.15 3.66249
    endloop
  endfacet
  facet normal -0.896883 0 -0.442268
    outer loop
      vertex 0.854584 160.15 3.55397
      vertex 0.801071 179.85 3.66249
      vertex 0.854584 179.85 3.55397
    endloop
  endfacet
  facet normal -0.896883 -0 -0.442268
    outer loop
      vertex 0.801071 179.85 3.66249
      vertex 0.854584 160.15 3.55397
      vertex 0.801071 160.15 3.66249
    endloop
  endfacet
  facet normal -0.896883 0 -0.442268
    outer loop
      vertex 0.854584 200.15 3.55397
      vertex 0.801071 220 3.66249
      vertex 0.854584 220 3.55397
    endloop
  endfacet
  facet normal -0.896883 -0 -0.442268
    outer loop
      vertex 0.801071 220 3.66249
      vertex 0.854584 200.15 3.55397
      vertex 0.801071 200.15 3.66249
    endloop
  endfacet
  facet normal -0.896883 0 0.442268
    outer loop
      vertex 0.801071 0 2.73751
      vertex 0.854584 19.85 2.84603
      vertex 0.801071 19.85 2.73751
    endloop
  endfacet
  facet normal -0.896883 0 0.442268
    outer loop
      vertex 0.854584 19.85 2.84603
      vertex 0.801071 0 2.73751
      vertex 0.854584 0 2.84603
    endloop
  endfacet
  facet normal -0.896883 0 0.442268
    outer loop
      vertex 0.801071 40.15 2.73751
      vertex 0.854584 59.85 2.84603
      vertex 0.801071 59.85 2.73751
    endloop
  endfacet
  facet normal -0.896883 0 0.442268
    outer loop
      vertex 0.854584 59.85 2.84603
      vertex 0.801071 40.15 2.73751
      vertex 0.854584 40.15 2.84603
    endloop
  endfacet
  facet normal -0.896883 0 0.442268
    outer loop
      vertex 0.801071 80.15 2.73751
      vertex 0.854584 99.85 2.84603
      vertex 0.801071 99.85 2.73751
    endloop
  endfacet
  facet normal -0.896883 0 0.442268
    outer loop
      vertex 0.854584 99.85 2.84603
      vertex 0.801071 80.15 2.73751
      vertex 0.854584 80.15 2.84603
    endloop
  endfacet
  facet normal -0.896883 0 0.442268
    outer loop
      vertex 0.801071 120.15 2.73751
      vertex 0.854584 139.85 2.84603
      vertex 0.801071 139.85 2.73751
    endloop
  endfacet
  facet normal -0.896883 0 0.442268
    outer loop
      vertex 0.854584 139.85 2.84603
      vertex 0.801071 120.15 2.73751
      vertex 0.854584 120.15 2.84603
    endloop
  endfacet
  facet normal -0.896883 0 0.442268
    outer loop
      vertex 0.801071 160.15 2.73751
      vertex 0.854584 179.85 2.84603
      vertex 0.801071 179.85 2.73751
    endloop
  endfacet
  facet normal -0.896883 0 0.442268
    outer loop
      vertex 0.854584 179.85 2.84603
      vertex 0.801071 160.15 2.73751
      vertex 0.854584 160.15 2.84603
    endloop
  endfacet
  facet normal -0.896883 0 0.442268
    outer loop
      vertex 0.801071 200.15 2.73751
      vertex 0.854584 220 2.84603
      vertex 0.801071 220 2.73751
    endloop
  endfacet
  facet normal -0.896883 0 0.442268
    outer loop
      vertex 0.854584 220 2.84603
      vertex 0.801071 200.15 2.73751
      vertex 0.854584 200.15 2.84603
    endloop
  endfacet
  facet normal -0.321484 0 0.946915
    outer loop
      vertex 0.239395 19.85 2.30652
      vertex 0.353973 0 2.34542
      vertex 0.353973 19.85 2.34542
    endloop
  endfacet
  facet normal -0.321484 0 0.946915
    outer loop
      vertex 0.353973 0 2.34542
      vertex 0.239395 19.85 2.30652
      vertex 0.239395 0 2.30652
    endloop
  endfacet
  facet normal -0.321484 0 0.946915
    outer loop
      vertex 0.239395 59.85 2.30652
      vertex 0.353973 40.15 2.34542
      vertex 0.353973 59.85 2.34542
    endloop
  endfacet
  facet normal -0.321484 0 0.946915
    outer loop
      vertex 0.353973 40.15 2.34542
      vertex 0.239395 59.85 2.30652
      vertex 0.239395 40.15 2.30652
    endloop
  endfacet
  facet normal -0.321484 0 0.946915
    outer loop
      vertex 0.239395 99.85 2.30652
      vertex 0.353973 80.15 2.34542
      vertex 0.353973 99.85 2.34542
    endloop
  endfacet
  facet normal -0.321484 0 0.946915
    outer loop
      vertex 0.353973 80.15 2.34542
      vertex 0.239395 99.85 2.30652
      vertex 0.239395 80.15 2.30652
    endloop
  endfacet
  facet normal -0.321484 0 0.946915
    outer loop
      vertex 0.239395 139.85 2.30652
      vertex 0.353973 120.15 2.34542
      vertex 0.353973 139.85 2.34542
    endloop
  endfacet
  facet normal -0.321484 0 0.946915
    outer loop
      vertex 0.353973 120.15 2.34542
      vertex 0.239395 139.85 2.30652
      vertex 0.239395 120.15 2.30652
    endloop
  endfacet
  facet normal -0.321484 0 0.946915
    outer loop
      vertex 0.239395 179.85 2.30652
      vertex 0.353973 160.15 2.34542
      vertex 0.353973 179.85 2.34542
    endloop
  endfacet
  facet normal -0.321484 0 0.946915
    outer loop
      vertex 0.353973 160.15 2.34542
      vertex 0.239395 179.85 2.30652
      vertex 0.239395 160.15 2.30652
    endloop
  endfacet
  facet normal -0.321484 0 0.946915
    outer loop
      vertex 0.239395 220 2.30652
      vertex 0.353973 200.15 2.34542
      vertex 0.353973 220 2.34542
    endloop
  endfacet
  facet normal -0.321484 0 0.946915
    outer loop
      vertex 0.353973 200.15 2.34542
      vertex 0.239395 220 2.30652
      vertex 0.239395 200.15 2.30652
    endloop
  endfacet
endsolid OpenSCAD_Model
