solid OpenSCAD_Model
  facet normal -0.669459 0.707249 -0.227207
    outer loop
      vertex -3.1391 7.2 0.493851
      vertex -3.17273 7.2 0.592941
      vertex -2.39839 8 0.801605
    endloop
  endfacet
  facet normal -0.683025 0.707109 0.182958
    outer loop
      vertex -2.32169 8 3.79491
      vertex -3.10118 7.2 3.97679
      vertex -2.30812 8 3.84557
    endloop
  endfacet
  facet normal 0.612295 0.70711 0.35368
    outer loop
      vertex 2.08849 8 4.37576
      vertex 2.06241 8 4.42091
      vertex 2.74211 7.2 4.84364
    endloop
  endfacet
  facet normal -0.693517 0.707108 0.137959
    outer loop
      vertex -2.37263 8 3.5388
      vertex -3.16237 7.2 3.66919
      vertex -3.10118 7.2 3.97679
    endloop
  endfacet
  facet normal -0.382743 0 0.923855
    outer loop
      vertex -1.27159 7.2 6.13322
      vertex -1.17487 -7.2 6.17329
      vertex -1.17487 7.2 6.17329
    endloop
  endfacet
  facet normal -0.382743 0 0.923855
    outer loop
      vertex -1.17487 -7.2 6.17329
      vertex -1.27159 7.2 6.13322
      vertex -1.27159 -7.2 6.13322
    endloop
  endfacet
  facet normal -0.701051 0.707106 0.0923468
    outer loop
      vertex -2.37946 8 3.48695
      vertex -3.17603 7.2 3.56544
      vertex -2.37263 8 3.5388
    endloop
  endfacet
  facet normal 0.270727 -0.70711 0.653225
    outer loop
      vertex 1.27159 -7.2 6.13322
      vertex 0.89296 -8 5.42415
      vertex 0.941193 -8 5.40416
    endloop
  endfacet
  facet normal -0.706726 0.707108 0.0231579
    outer loop
      vertex -2.39999 8 3.16084
      vertex -3.2 7.2 3.17375
      vertex -2.39914 8 3.18678
    endloop
  endfacet
  facet normal 0.707102 -0.707111 0
    outer loop
      vertex 3.2 -7.2 2.7
      vertex 2.39999 -8 3.16084
      vertex 2.39999 -8 2.7
    endloop
  endfacet
  facet normal 0.707102 -0.707111 0
    outer loop
      vertex 2.39999 -8 3.16084
      vertex 3.2 -7.2 2.7
      vertex 3.2 -7.2 3.17375
    endloop
  endfacet
  facet normal -0.587945 -0.707111 0.392828
    outer loop
      vertex -2.56792 -7.2 5.10435
      vertex -2.74211 -7.2 4.84364
      vertex -1.91728 -8 4.63812
    endloop
  endfacet
  facet normal 0.612295 -0.70711 0.35368
    outer loop
      vertex 2.74211 -7.2 4.84364
      vertex 2.06241 -8 4.42091
      vertex 2.08849 -8 4.37576
    endloop
  endfacet
  facet normal -0.227285 -0.707107 0.669583
    outer loop
      vertex -0.877853 -7.2 6.27411
      vertex -1.17487 -7.2 6.17329
      vertex -0.89296 -8 5.42415
    endloop
  endfacet
  facet normal -0.531628 -0.70711 0.466227
    outer loop
      vertex -1.71312 -8 4.87611
      vertex -2.5042 -7.2 5.18739
      vertex -1.88542 -8 4.67964
    endloop
  endfacet
  facet normal -0.707107 0 0.707107
    outer loop
      vertex -2.2973 -7.2 5.42331
      vertex -2.22331 7.2 5.4973
      vertex -2.2973 7.2 5.42331
    endloop
  endfacet
  facet normal -0.707107 0 0.707107
    outer loop
      vertex -2.22331 7.2 5.4973
      vertex -2.2973 -7.2 5.42331
      vertex -2.22331 -7.2 5.4973
    endloop
  endfacet
  facet normal -0.466098 0.707352 -0.531419
    outer loop
      vertex -2.88701 7.2 0.165314
      vertex -2.96568 7.2 0.234314
      vertex -2.39839 8 0.801605
    endloop
  endfacet
  facet normal -0.705593 -0.707106 0.0462607
    outer loop
      vertex -2.37946 -8 3.48695
      vertex -3.17603 -7.2 3.56544
      vertex -2.39914 -8 3.18678
    endloop
  endfacet
  facet normal 0.587945 -0.707111 0.392828
    outer loop
      vertex 2.56792 -7.2 5.10435
      vertex 1.91728 -8 4.63812
      vertex 2.74211 -7.2 4.84364
    endloop
  endfacet
  facet normal -0.965947 0 0.258739
    outer loop
      vertex -3.10118 -7.2 3.97679
      vertex -3.07411 7.2 4.07785
      vertex -3.10118 7.2 3.97679
    endloop
  endfacet
  facet normal -0.965947 0 0.258739
    outer loop
      vertex -3.07411 7.2 4.07785
      vertex -3.10118 -7.2 3.97679
      vertex -3.07411 -7.2 4.07785
    endloop
  endfacet
  facet normal -0.705592 0.707105 -0.0462889
    outer loop
      vertex -3.19315 7.2 0.695587
      vertex -3.2 7.2 0.800003
      vertex -2.39839 8 0.801605
    endloop
  endfacet
  facet normal 1 -0 0
    outer loop
      vertex 3.2 -7.2 3.17375
      vertex 3.2 7.2 2.7
      vertex 3.2 7.2 3.17375
    endloop
  endfacet
  facet normal 1 0 0
    outer loop
      vertex 3.2 7.2 2.7
      vertex 3.2 -7.2 3.17375
      vertex 3.2 -7.2 2.7
    endloop
  endfacet
  facet normal -0.705599 -0.707112 -0.0460687
    outer loop
      vertex -2.39999 -8 0.826111
      vertex -3.2 -7.2 0.800003
      vertex -2.39839 -8 0.801605
    endloop
  endfacet
  facet normal 0 0 -1
    outer loop
      vertex -2.39999 -7.2 0
      vertex 0 7.2 0
      vertex 0 -7.2 0
    endloop
  endfacet
  facet normal -0 0 -1
    outer loop
      vertex 0 7.2 0
      vertex -2.39999 -7.2 0
      vertex -2.39999 7.2 0
    endloop
  endfacet
  facet normal 0 0 -1
    outer loop
      vertex 0 -7.2 0
      vertex 30.7 -8 0
      vertex 0 -8 0
    endloop
  endfacet
  facet normal 0 0 -1
    outer loop
      vertex 30.7 -8 0
      vertex 0 -7.2 0
      vertex 30.7 8 0
    endloop
  endfacet
  facet normal 0 0 -1
    outer loop
      vertex 0 7.2 0
      vertex 30.7 8 0
      vertex 0 -7.2 0
    endloop
  endfacet
  facet normal -0 0 -1
    outer loop
      vertex 30.7 8 0
      vertex 0 7.2 0
      vertex 0 8 0
    endloop
  endfacet
  facet normal 0 0 -1
    outer loop
      vertex 76.7 -20 0
      vertex 82.7 -14 0
      vertex 82.6487 -14.7831 0
    endloop
  endfacet
  facet normal 0 0 -1
    outer loop
      vertex 82.7 -14 0
      vertex 67.3 0 0
      vertex 82.7 14 0
    endloop
  endfacet
  facet normal 0 0 -1
    outer loop
      vertex 76.7 -20 0
      vertex 82.6487 -14.7831 0
      vertex 82.4955 -15.5529 0
    endloop
  endfacet
  facet normal 0 0 -1
    outer loop
      vertex 67.2093 1.38358 0
      vertex 82.7 14 0
      vertex 67.3 0 0
    endloop
  endfacet
  facet normal 0 0 -1
    outer loop
      vertex 76.7 -20 0
      vertex 82.4955 -15.5529 0
      vertex 82.2433 -16.2961 0
    endloop
  endfacet
  facet normal 0 0 -1
    outer loop
      vertex 66.9388 2.74348 0
      vertex 82.7 14 0
      vertex 67.2093 1.38358 0
    endloop
  endfacet
  facet normal 0 0 -1
    outer loop
      vertex 76.7 -20 0
      vertex 82.2433 -16.2961 0
      vertex 81.8961 -17 0
    endloop
  endfacet
  facet normal 0 0 -1
    outer loop
      vertex 66.4931 4.05644 0
      vertex 82.7 14 0
      vertex 66.9388 2.74348 0
    endloop
  endfacet
  facet normal 0 0 -1
    outer loop
      vertex 76.7 -20 0
      vertex 81.8961 -17 0
      vertex 81.4601 -17.6526 0
    endloop
  endfacet
  facet normal 0 0 -1
    outer loop
      vertex 65.8799 5.3 0
      vertex 82.7 14 0
      vertex 66.4931 4.05644 0
    endloop
  endfacet
  facet normal 0 0 -1
    outer loop
      vertex 76.7 -20 0
      vertex 81.4601 -17.6526 0
      vertex 80.9426 -18.2426 0
    endloop
  endfacet
  facet normal 0 -0 -1
    outer loop
      vertex 76.7 20 0
      vertex 82.7 14 0
      vertex 65.8799 5.3 0
    endloop
  endfacet
  facet normal 0 0 -1
    outer loop
      vertex 76.7 -20 0
      vertex 80.9426 -18.2426 0
      vertex 80.3526 -18.7601 0
    endloop
  endfacet
  facet normal 0 0 -1
    outer loop
      vertex 82.7 14 0
      vertex 76.7 20 0
      vertex 82.6487 14.7831 0
    endloop
  endfacet
  facet normal 0 0 -1
    outer loop
      vertex 76.7 -20 0
      vertex 80.3526 -18.7601 0
      vertex 79.7 -19.1962 0
    endloop
  endfacet
  facet normal 0 0 -1
    outer loop
      vertex 82.6487 14.7831 0
      vertex 76.7 20 0
      vertex 82.4955 15.5529 0
    endloop
  endfacet
  facet normal 0 0 -1
    outer loop
      vertex 76.7 -20 0
      vertex 79.7 -19.1962 0
      vertex 78.9961 -19.5433 0
    endloop
  endfacet
  facet normal 0 0 -1
    outer loop
      vertex 82.4955 15.5529 0
      vertex 76.7 20 0
      vertex 82.2433 16.2961 0
    endloop
  endfacet
  facet normal 0 0 -1
    outer loop
      vertex 76.7 -20 0
      vertex 78.9961 -19.5433 0
      vertex 78.2529 -19.7955 0
    endloop
  endfacet
  facet normal 0 0 -1
    outer loop
      vertex 82.2433 16.2961 0
      vertex 76.7 20 0
      vertex 81.8961 17 0
    endloop
  endfacet
  facet normal 0 0 -1
    outer loop
      vertex 76.7 -20 0
      vertex 78.2529 -19.7955 0
      vertex 77.4832 -19.9487 0
    endloop
  endfacet
  facet normal 0 0 -1
    outer loop
      vertex 81.8961 17 0
      vertex 76.7 20 0
      vertex 81.4601 17.6526 0
    endloop
  endfacet
  facet normal -0 0 -1
    outer loop
      vertex 82.7 -14 0
      vertex 76.7 -20 0
      vertex 65.8799 -5.3 0
    endloop
  endfacet
  facet normal 0 0 -1
    outer loop
      vertex 81.4601 17.6526 0
      vertex 76.7 20 0
      vertex 80.9426 18.2426 0
    endloop
  endfacet
  facet normal 0 0 -1
    outer loop
      vertex 80.9426 18.2426 0
      vertex 76.7 20 0
      vertex 80.3526 18.7601 0
    endloop
  endfacet
  facet normal 0 0 -1
    outer loop
      vertex 82.7 -14 0
      vertex 67.2093 -1.38358 0
      vertex 67.3 0 0
    endloop
  endfacet
  facet normal 0 0 -1
    outer loop
      vertex 82.7 -14 0
      vertex 66.9388 -2.74348 0
      vertex 67.2093 -1.38358 0
    endloop
  endfacet
  facet normal 0 0 -1
    outer loop
      vertex 82.7 -14 0
      vertex 66.4931 -4.05644 0
      vertex 66.9388 -2.74348 0
    endloop
  endfacet
  facet normal 0 0 -1
    outer loop
      vertex 82.7 -14 0
      vertex 65.8799 -5.3 0
      vertex 66.4931 -4.05644 0
    endloop
  endfacet
  facet normal 0 0 -1
    outer loop
      vertex 76.7 -20 0
      vertex 65.1095 -6.45287 0
      vertex 65.8799 -5.3 0
    endloop
  endfacet
  facet normal 0 0 -1
    outer loop
      vertex 76.7 -20 0
      vertex 64.1953 -7.49533 0
      vertex 65.1095 -6.45287 0
    endloop
  endfacet
  facet normal 0 0 -1
    outer loop
      vertex 76.7 -20 0
      vertex 63.1529 -8.40954 0
      vertex 64.1953 -7.49533 0
    endloop
  endfacet
  facet normal 0 0 -1
    outer loop
      vertex 76.7 -20 0
      vertex 62 -9.17987 0
      vertex 63.1529 -8.40954 0
    endloop
  endfacet
  facet normal 0 0 -1
    outer loop
      vertex 76.7 -20 0
      vertex 60.7564 -9.79312 0
      vertex 62 -9.17987 0
    endloop
  endfacet
  facet normal 0 0 -1
    outer loop
      vertex 76.7 -20 0
      vertex 59.4435 -10.2388 0
      vertex 60.7564 -9.79312 0
    endloop
  endfacet
  facet normal 0 0 -1
    outer loop
      vertex 76.7 -20 0
      vertex 58.0836 -10.5093 0
      vertex 59.4435 -10.2388 0
    endloop
  endfacet
  facet normal 0 0 -1
    outer loop
      vertex 76.7 -20 0
      vertex 56.7 -10.6 0
      vertex 58.0836 -10.5093 0
    endloop
  endfacet
  facet normal 0 0 -1
    outer loop
      vertex 76.7 -20 0
      vertex 55.3164 -10.5093 0
      vertex 56.7 -10.6 0
    endloop
  endfacet
  facet normal 0 0 -1
    outer loop
      vertex 30.7 -20 0
      vertex 55.3164 -10.5093 0
      vertex 76.7 -20 0
    endloop
  endfacet
  facet normal -0 0 -1
    outer loop
      vertex 55.3164 -10.5093 0
      vertex 30.7 -20 0
      vertex 53.9565 -10.2388 0
    endloop
  endfacet
  facet normal -0 0 -1
    outer loop
      vertex 46.4612 -2.74348 0
      vertex 30.7 -8 0
      vertex 46.1907 -1.38358 0
    endloop
  endfacet
  facet normal -0 0 -1
    outer loop
      vertex 46.9069 -4.05644 0
      vertex 30.7 -8 0
      vertex 46.4612 -2.74348 0
    endloop
  endfacet
  facet normal -0 0 -1
    outer loop
      vertex 47.5201 -5.3 0
      vertex 30.7 -8 0
      vertex 46.9069 -4.05644 0
    endloop
  endfacet
  facet normal -0 0 -1
    outer loop
      vertex 48.2905 -6.45287 0
      vertex 30.7 -8 0
      vertex 47.5201 -5.3 0
    endloop
  endfacet
  facet normal 0 0 -1
    outer loop
      vertex 30.7 -8 0
      vertex 48.2905 -6.45287 0
      vertex 30.7 -20 0
    endloop
  endfacet
  facet normal -0 0 -1
    outer loop
      vertex 49.2047 -7.49533 0
      vertex 30.7 -20 0
      vertex 48.2905 -6.45287 0
    endloop
  endfacet
  facet normal -0 0 -1
    outer loop
      vertex 50.2471 -8.40954 0
      vertex 30.7 -20 0
      vertex 49.2047 -7.49533 0
    endloop
  endfacet
  facet normal -0 0 -1
    outer loop
      vertex 51.4 -9.17987 0
      vertex 30.7 -20 0
      vertex 50.2471 -8.40954 0
    endloop
  endfacet
  facet normal -0 0 -1
    outer loop
      vertex 52.6436 -9.79312 0
      vertex 30.7 -20 0
      vertex 51.4 -9.17987 0
    endloop
  endfacet
  facet normal -0 0 -1
    outer loop
      vertex 53.9565 -10.2388 0
      vertex 30.7 -20 0
      vertex 52.6436 -9.79312 0
    endloop
  endfacet
  facet normal 0 0 -1
    outer loop
      vertex 79.7 19.1962 0
      vertex 76.7 20 0
      vertex 78.9961 19.5433 0
    endloop
  endfacet
  facet normal 0 0 -1
    outer loop
      vertex 78.9961 19.5433 0
      vertex 76.7 20 0
      vertex 78.2529 19.7955 0
    endloop
  endfacet
  facet normal 0 0 -1
    outer loop
      vertex 78.2529 19.7955 0
      vertex 76.7 20 0
      vertex 77.4832 19.9487 0
    endloop
  endfacet
  facet normal 0 0 -1
    outer loop
      vertex 80.3526 18.7601 0
      vertex 76.7 20 0
      vertex 79.7 19.1962 0
    endloop
  endfacet
  facet normal 0 0 -1
    outer loop
      vertex 65.1095 6.45287 0
      vertex 76.7 20 0
      vertex 65.8799 5.3 0
    endloop
  endfacet
  facet normal 0 0 -1
    outer loop
      vertex 64.1953 7.49533 0
      vertex 76.7 20 0
      vertex 65.1095 6.45287 0
    endloop
  endfacet
  facet normal 0 0 -1
    outer loop
      vertex 63.1529 8.40954 0
      vertex 76.7 20 0
      vertex 64.1953 7.49533 0
    endloop
  endfacet
  facet normal 0 0 -1
    outer loop
      vertex 62 9.17987 0
      vertex 76.7 20 0
      vertex 63.1529 8.40954 0
    endloop
  endfacet
  facet normal 0 0 -1
    outer loop
      vertex 60.7564 9.79312 0
      vertex 76.7 20 0
      vertex 62 9.17987 0
    endloop
  endfacet
  facet normal 0 0 -1
    outer loop
      vertex 59.4435 10.2388 0
      vertex 76.7 20 0
      vertex 60.7564 9.79312 0
    endloop
  endfacet
  facet normal 0 0 -1
    outer loop
      vertex 58.0836 10.5093 0
      vertex 76.7 20 0
      vertex 59.4435 10.2388 0
    endloop
  endfacet
  facet normal 0 0 -1
    outer loop
      vertex 56.7 10.6 0
      vertex 76.7 20 0
      vertex 58.0836 10.5093 0
    endloop
  endfacet
  facet normal 0 0 -1
    outer loop
      vertex 55.3164 10.5093 0
      vertex 76.7 20 0
      vertex 56.7 10.6 0
    endloop
  endfacet
  facet normal 0 0 -1
    outer loop
      vertex 30.7 20 0
      vertex 55.3164 10.5093 0
      vertex 53.9565 10.2388 0
    endloop
  endfacet
  facet normal 0 0 -1
    outer loop
      vertex 30.7 20 0
      vertex 53.9565 10.2388 0
      vertex 52.6436 9.79312 0
    endloop
  endfacet
  facet normal -0 0 -1
    outer loop
      vertex 46.1907 -1.38358 0
      vertex 30.7 -8 0
      vertex 46.1 0 0
    endloop
  endfacet
  facet normal 0 0 -1
    outer loop
      vertex 30.7 8 0
      vertex 46.1 0 0
      vertex 30.7 -8 0
    endloop
  endfacet
  facet normal 0 0 -1
    outer loop
      vertex 46.1 0 0
      vertex 30.7 8 0
      vertex 46.1907 1.38358 0
    endloop
  endfacet
  facet normal 0 0 -1
    outer loop
      vertex 46.1907 1.38358 0
      vertex 30.7 8 0
      vertex 46.4612 2.74348 0
    endloop
  endfacet
  facet normal 0 0 -1
    outer loop
      vertex 46.4612 2.74348 0
      vertex 30.7 8 0
      vertex 46.9069 4.05644 0
    endloop
  endfacet
  facet normal 0 0 -1
    outer loop
      vertex 46.9069 4.05644 0
      vertex 30.7 8 0
      vertex 47.5201 5.3 0
    endloop
  endfacet
  facet normal 0 0 -1
    outer loop
      vertex 47.5201 5.3 0
      vertex 30.7 8 0
      vertex 48.2905 6.45287 0
    endloop
  endfacet
  facet normal 0 0 -1
    outer loop
      vertex 30.7 20 0
      vertex 48.2905 6.45287 0
      vertex 30.7 8 0
    endloop
  endfacet
  facet normal 0 0 -1
    outer loop
      vertex 48.2905 6.45287 0
      vertex 30.7 20 0
      vertex 49.2047 7.49533 0
    endloop
  endfacet
  facet normal 0 0 -1
    outer loop
      vertex 49.2047 7.49533 0
      vertex 30.7 20 0
      vertex 50.2471 8.40954 0
    endloop
  endfacet
  facet normal 0 0 -1
    outer loop
      vertex 50.2471 8.40954 0
      vertex 30.7 20 0
      vertex 51.4 9.17987 0
    endloop
  endfacet
  facet normal 0 0 -1
    outer loop
      vertex 51.4 9.17987 0
      vertex 30.7 20 0
      vertex 52.6436 9.79312 0
    endloop
  endfacet
  facet normal 0 0 -1
    outer loop
      vertex 55.3164 10.5093 0
      vertex 30.7 20 0
      vertex 76.7 20 0
    endloop
  endfacet
  facet normal 0 0 -1
    outer loop
      vertex 66.0196 -1.22695 0
      vertex 66.0196 1.22695 0
      vertex 66.1 0 0
    endloop
  endfacet
  facet normal 0 0 -1
    outer loop
      vertex 65.7797 -2.4329 0
      vertex 66.0196 1.22695 0
      vertex 66.0196 -1.22695 0
    endloop
  endfacet
  facet normal 0 0 -1
    outer loop
      vertex 65.7797 -2.4329 0
      vertex 65.7797 2.4329 0
      vertex 66.0196 1.22695 0
    endloop
  endfacet
  facet normal 0 0 -1
    outer loop
      vertex 65.3845 -3.59722 0
      vertex 65.7797 2.4329 0
      vertex 65.7797 -2.4329 0
    endloop
  endfacet
  facet normal 0 0 -1
    outer loop
      vertex 65.3845 -3.59722 0
      vertex 65.3845 3.59722 0
      vertex 65.7797 2.4329 0
    endloop
  endfacet
  facet normal 0 0 -1
    outer loop
      vertex 64.8406 -4.7 0
      vertex 65.3845 3.59722 0
      vertex 65.3845 -3.59722 0
    endloop
  endfacet
  facet normal 0 0 -1
    outer loop
      vertex 64.8406 -4.7 0
      vertex 64.8406 4.7 0
      vertex 65.3845 3.59722 0
    endloop
  endfacet
  facet normal 0 0 -1
    outer loop
      vertex 64.1575 -5.72236 0
      vertex 64.8406 4.7 0
      vertex 64.8406 -4.7 0
    endloop
  endfacet
  facet normal 0 0 -1
    outer loop
      vertex 64.1575 -5.72236 0
      vertex 64.1575 5.72236 0
      vertex 64.8406 4.7 0
    endloop
  endfacet
  facet normal 0 0 -1
    outer loop
      vertex 63.3468 -6.6468 0
      vertex 64.1575 5.72236 0
      vertex 64.1575 -5.72236 0
    endloop
  endfacet
  facet normal 0 0 -1
    outer loop
      vertex 63.3468 -6.6468 0
      vertex 63.3468 6.6468 0
      vertex 64.1575 5.72236 0
    endloop
  endfacet
  facet normal 0 0 -1
    outer loop
      vertex 62.4224 -7.45752 0
      vertex 63.3468 6.6468 0
      vertex 63.3468 -6.6468 0
    endloop
  endfacet
  facet normal 0 0 -1
    outer loop
      vertex 62.4224 -7.45752 0
      vertex 62.4224 7.45752 0
      vertex 63.3468 6.6468 0
    endloop
  endfacet
  facet normal 0 0 -1
    outer loop
      vertex 61.4 -8.14064 0
      vertex 62.4224 7.45752 0
      vertex 62.4224 -7.45752 0
    endloop
  endfacet
  facet normal 0 0 -1
    outer loop
      vertex 61.4 -8.14064 0
      vertex 61.4 8.14064 0
      vertex 62.4224 7.45752 0
    endloop
  endfacet
  facet normal 0 0 -1
    outer loop
      vertex 60.2972 -8.68447 0
      vertex 61.4 8.14064 0
      vertex 61.4 -8.14064 0
    endloop
  endfacet
  facet normal 0 0 -1
    outer loop
      vertex 60.2972 -8.68447 0
      vertex 60.2972 8.68447 0
      vertex 61.4 8.14064 0
    endloop
  endfacet
  facet normal 0 0 -1
    outer loop
      vertex 59.1329 -9.0797 0
      vertex 60.2972 8.68447 0
      vertex 60.2972 -8.68447 0
    endloop
  endfacet
  facet normal 0 0 -1
    outer loop
      vertex 59.1329 -9.0797 0
      vertex 59.1329 9.0797 0
      vertex 60.2972 8.68447 0
    endloop
  endfacet
  facet normal 0 0 -1
    outer loop
      vertex 57.9269 -9.31958 0
      vertex 59.1329 9.0797 0
      vertex 59.1329 -9.0797 0
    endloop
  endfacet
  facet normal 0 0 -1
    outer loop
      vertex 57.9269 -9.31958 0
      vertex 57.9269 9.31958 0
      vertex 59.1329 9.0797 0
    endloop
  endfacet
  facet normal 0 0 -1
    outer loop
      vertex 56.7 -9.4 0
      vertex 57.9269 9.31958 0
      vertex 57.9269 -9.31958 0
    endloop
  endfacet
  facet normal 0 0 -1
    outer loop
      vertex 56.7 -9.4 0
      vertex 56.7 9.4 0
      vertex 57.9269 9.31958 0
    endloop
  endfacet
  facet normal 0 0 -1
    outer loop
      vertex 55.4731 -9.31958 0
      vertex 56.7 9.4 0
      vertex 56.7 -9.4 0
    endloop
  endfacet
  facet normal 0 0 -1
    outer loop
      vertex 55.4731 -9.31958 0
      vertex 55.4731 9.31958 0
      vertex 56.7 9.4 0
    endloop
  endfacet
  facet normal 0 0 -1
    outer loop
      vertex 54.2671 -9.0797 0
      vertex 55.4731 9.31958 0
      vertex 55.4731 -9.31958 0
    endloop
  endfacet
  facet normal 0 0 -1
    outer loop
      vertex 54.2671 -9.0797 0
      vertex 54.2671 9.0797 0
      vertex 55.4731 9.31958 0
    endloop
  endfacet
  facet normal 0 0 -1
    outer loop
      vertex 53.1028 -8.68447 0
      vertex 54.2671 9.0797 0
      vertex 54.2671 -9.0797 0
    endloop
  endfacet
  facet normal 0 0 -1
    outer loop
      vertex 53.1028 -8.68447 0
      vertex 53.1028 8.68447 0
      vertex 54.2671 9.0797 0
    endloop
  endfacet
  facet normal 0 0 -1
    outer loop
      vertex 52 -8.14064 0
      vertex 53.1028 8.68447 0
      vertex 53.1028 -8.68447 0
    endloop
  endfacet
  facet normal 0 0 -1
    outer loop
      vertex 52 -8.14064 0
      vertex 52 8.14064 0
      vertex 53.1028 8.68447 0
    endloop
  endfacet
  facet normal 0 0 -1
    outer loop
      vertex 50.9776 -7.45752 0
      vertex 52 8.14064 0
      vertex 52 -8.14064 0
    endloop
  endfacet
  facet normal 0 0 -1
    outer loop
      vertex 50.9776 -7.45752 0
      vertex 50.9776 7.45752 0
      vertex 52 8.14064 0
    endloop
  endfacet
  facet normal 0 0 -1
    outer loop
      vertex 50.0532 -6.6468 0
      vertex 50.9776 7.45752 0
      vertex 50.9776 -7.45752 0
    endloop
  endfacet
  facet normal 0 0 -1
    outer loop
      vertex 50.0532 -6.6468 0
      vertex 50.0532 6.6468 0
      vertex 50.9776 7.45752 0
    endloop
  endfacet
  facet normal 0 0 -1
    outer loop
      vertex 49.2425 -5.72236 0
      vertex 50.0532 6.6468 0
      vertex 50.0532 -6.6468 0
    endloop
  endfacet
  facet normal 0 0 -1
    outer loop
      vertex 49.2425 -5.72236 0
      vertex 49.2425 5.72236 0
      vertex 50.0532 6.6468 0
    endloop
  endfacet
  facet normal 0 0 -1
    outer loop
      vertex 48.5594 -4.7 0
      vertex 49.2425 5.72236 0
      vertex 49.2425 -5.72236 0
    endloop
  endfacet
  facet normal 0 0 -1
    outer loop
      vertex 48.5594 -4.7 0
      vertex 48.5594 4.7 0
      vertex 49.2425 5.72236 0
    endloop
  endfacet
  facet normal 0 0 -1
    outer loop
      vertex 48.0155 -3.59722 0
      vertex 48.5594 4.7 0
      vertex 48.5594 -4.7 0
    endloop
  endfacet
  facet normal 0 0 -1
    outer loop
      vertex 48.0155 -3.59722 0
      vertex 48.0155 3.59722 0
      vertex 48.5594 4.7 0
    endloop
  endfacet
  facet normal 0 0 -1
    outer loop
      vertex 47.6203 -2.4329 0
      vertex 48.0155 3.59722 0
      vertex 48.0155 -3.59722 0
    endloop
  endfacet
  facet normal 0 0 -1
    outer loop
      vertex 47.6203 -2.4329 0
      vertex 47.6203 2.4329 0
      vertex 48.0155 3.59722 0
    endloop
  endfacet
  facet normal 0 0 -1
    outer loop
      vertex 47.3804 -1.22695 0
      vertex 47.6203 2.4329 0
      vertex 47.6203 -2.4329 0
    endloop
  endfacet
  facet normal 0 0 -1
    outer loop
      vertex 47.3804 -1.22695 0
      vertex 47.3804 1.22695 0
      vertex 47.6203 2.4329 0
    endloop
  endfacet
  facet normal 0 -0 -1
    outer loop
      vertex 47.3804 1.22695 0
      vertex 47.3804 -1.22695 0
      vertex 47.3 0 0
    endloop
  endfacet
  facet normal -0.707102 0.707111 0
    outer loop
      vertex -2.39999 8 0.826111
      vertex -3.2 7.2 3.17375
      vertex -2.39999 8 3.16084
    endloop
  endfacet
  facet normal -0.707102 0.707111 0
    outer loop
      vertex -3.2 7.2 3.17375
      vertex -2.39999 8 0.826111
      vertex -3.2 7.2 0.800003
    endloop
  endfacet
  facet normal -0.683025 -0.707109 0.182958
    outer loop
      vertex -2.30812 -8 3.84557
      vertex -3.10118 -7.2 3.97679
      vertex -2.32169 -8 3.79491
    endloop
  endfacet
  facet normal -0.669585 0.707108 0.227273
    outer loop
      vertex -2.30812 8 3.84557
      vertex -3.07411 7.2 4.07785
      vertex -2.22415 8 4.09296
    endloop
  endfacet
  facet normal 0.653273 -0.707108 0.270616
    outer loop
      vertex 2.93323 -7.2 4.47159
      vertex 2.22415 -8 4.09296
      vertex 2.9733 -7.2 4.37486
    endloop
  endfacet
  facet normal 0.980783 -0 0.195104
    outer loop
      vertex 3.10118 -7.2 3.97679
      vertex 3.16237 7.2 3.66919
      vertex 3.10118 7.2 3.97679
    endloop
  endfacet
  facet normal 0.980783 0 0.195104
    outer loop
      vertex 3.16237 7.2 3.66919
      vertex 3.10118 -7.2 3.97679
      vertex 3.16237 -7.2 3.66919
    endloop
  endfacet
  facet normal -0.466213 0.707109 0.53164
    outer loop
      vertex -1.67612 8 4.91312
      vertex -1.9874 7.2 5.70419
      vertex -1.47964 8 5.08542
    endloop
  endfacet
  facet normal 0.137959 0.70711 0.693515
    outer loop
      vertex 0.59491 8 5.52168
      vertex 0.469193 7.2 6.36237
      vertex 0.776794 7.2 6.30118
    endloop
  endfacet
  facet normal -0.793348 0 0.608768
    outer loop
      vertex -2.56792 -7.2 5.10435
      vertex -2.5042 7.2 5.18739
      vertex -2.56792 7.2 5.10435
    endloop
  endfacet
  facet normal -0.793348 0 0.608768
    outer loop
      vertex -2.5042 7.2 5.18739
      vertex -2.56792 -7.2 5.10435
      vertex -2.5042 -7.2 5.18739
    endloop
  endfacet
  facet normal -0.634186 0.707114 0.312727
    outer loop
      vertex -2.20416 8 4.14119
      vertex -2.93323 7.2 4.47159
      vertex -2.08849 8 4.37576
    endloop
  endfacet
  facet normal 0.63417 0.707104 0.312782
    outer loop
      vertex 2.93323 7.2 4.47159
      vertex 2.08849 8 4.37576
      vertex 2.7944 7.2 4.75307
    endloop
  endfacet
  facet normal -0.705597 0.707102 0.0462428
    outer loop
      vertex -2.39914 8 3.18678
      vertex -3.19827 7.2 3.22609
      vertex -3.17603 7.2 3.56544
    endloop
  endfacet
  facet normal 0.683025 0.707109 0.182958
    outer loop
      vertex 2.32169 8 3.79491
      vertex 2.30812 8 3.84557
      vertex 3.10118 7.2 3.97679
    endloop
  endfacet
  facet normal 0 0.707108 -0.707105
    outer loop
      vertex 0 7.2 0
      vertex -2.37389 8 0.800003
      vertex 0 8 0.800003
    endloop
  endfacet
  facet normal 0 0.707108 -0.707105
    outer loop
      vertex -2.37389 8 0.800003
      vertex 0 7.2 0
      vertex -2.39999 7.2 0
    endloop
  endfacet
  facet normal -0.0461376 0.707107 -0.705599
    outer loop
      vertex -2.37389 8 0.800003
      vertex -2.39999 7.2 0
      vertex -2.39839 8 0.801605
    endloop
  endfacet
  facet normal -0.634005 -0.7073 -0.312672
    outer loop
      vertex -2.39839 -8 0.801605
      vertex -3.1391 -7.2 0.493851
      vertex -3.09282 -7.2 0.400009
    endloop
  endfacet
  facet normal 0.701055 -0.707108 0.0923028
    outer loop
      vertex 3.16237 -7.2 3.66919
      vertex 2.37263 -8 3.5388
      vertex 3.17603 -7.2 3.56544
    endloop
  endfacet
  facet normal -0.555568 0 0.831471
    outer loop
      vertex -1.90436 7.2 5.76791
      vertex -1.64365 -7.2 5.94211
      vertex -1.64365 7.2 5.94211
    endloop
  endfacet
  facet normal -0.555568 0 0.831471
    outer loop
      vertex -1.64365 -7.2 5.94211
      vertex -1.90436 7.2 5.76791
      vertex -1.90436 -7.2 5.76791
    endloop
  endfacet
  facet normal -1 0 0
    outer loop
      vertex -3.2 -7.2 0.800003
      vertex -3.2 7.2 3.17375
      vertex -3.2 7.2 0.800003
    endloop
  endfacet
  facet normal -1 -0 0
    outer loop
      vertex -3.2 7.2 3.17375
      vertex -3.2 -7.2 0.800003
      vertex -3.2 -7.2 3.17375
    endloop
  endfacet
  facet normal 0.392846 -0.707108 0.587938
    outer loop
      vertex 1.64365 -7.2 5.94211
      vertex 1.43813 -8 5.11728
      vertex 1.90436 -7.2 5.76791
    endloop
  endfacet
  facet normal -0.612295 0.70711 0.35368
    outer loop
      vertex -2.08849 8 4.37576
      vertex -2.74211 7.2 4.84364
      vertex -2.06241 8 4.42091
    endloop
  endfacet
  facet normal 0.705597 0.707102 0.0462428
    outer loop
      vertex 3.19827 7.2 3.22609
      vertex 2.39914 8 3.18678
      vertex 3.17603 7.2 3.56544
    endloop
  endfacet
  facet normal -0.669459 -0.707249 -0.227207
    outer loop
      vertex -2.39839 -8 0.801605
      vertex -3.17273 -7.2 0.592941
      vertex -3.1391 -7.2 0.493851
    endloop
  endfacet
  facet normal 0.466232 -0.707106 0.531629
    outer loop
      vertex 1.9874 -7.2 5.70419
      vertex 1.67612 -8 4.91312
      vertex 2.22331 -7.2 5.4973
    endloop
  endfacet
  facet normal 0.701051 -0.707106 0.0923468
    outer loop
      vertex 3.17603 -7.2 3.56544
      vertex 2.37263 -8 3.5388
      vertex 2.37946 -8 3.48695
    endloop
  endfacet
  facet normal 0.705597 -0.707102 0.0462428
    outer loop
      vertex 3.17603 -7.2 3.56544
      vertex 2.39914 -8 3.18678
      vertex 3.19827 -7.2 3.22609
    endloop
  endfacet
  facet normal 0.392846 0.707108 0.587938
    outer loop
      vertex 1.90436 7.2 5.76791
      vertex 1.43813 8 5.11728
      vertex 1.64365 7.2 5.94211
    endloop
  endfacet
  facet normal 0 -0.707107 0.707107
    outer loop
      vertex -0.0260773 -8 5.59656
      vertex 0.0523224 -7.2 6.39656
      vertex -0.0523224 -7.2 6.39656
    endloop
  endfacet
  facet normal 0 -0.707107 0.707107
    outer loop
      vertex 0.0523224 -7.2 6.39656
      vertex -0.0260773 -8 5.59656
      vertex 0.0260773 -8 5.59656
    endloop
  endfacet
  facet normal -0.137954 0.70711 0.693515
    outer loop
      vertex -0.338928 8 5.5726
      vertex -0.59491 8 5.52168
      vertex -0.469193 7.2 6.36237
    endloop
  endfacet
  facet normal 0.608768 0 0.793348
    outer loop
      vertex 1.90436 7.2 5.76791
      vertex 1.9874 -7.2 5.70419
      vertex 1.9874 7.2 5.70419
    endloop
  endfacet
  facet normal 0.608768 0 0.793348
    outer loop
      vertex 1.9874 -7.2 5.70419
      vertex 1.90436 7.2 5.76791
      vertex 1.90436 -7.2 5.76791
    endloop
  endfacet
  facet normal 0.693524 0.707105 0.137941
    outer loop
      vertex 2.37263 8 3.5388
      vertex 2.32169 8 3.79491
      vertex 3.10118 7.2 3.97679
    endloop
  endfacet
  facet normal -0.353522 -0.707105 0.612393
    outer loop
      vertex -1.55307 -7.2 5.9944
      vertex -1.64365 -7.2 5.94211
      vertex -1.17577 -8 5.28848
    endloop
  endfacet
  facet normal -0.227285 0.707107 0.669583
    outer loop
      vertex -0.89296 8 5.42415
      vertex -1.17487 7.2 6.17329
      vertex -0.877853 7.2 6.27411
    endloop
  endfacet
  facet normal -0.705593 0.707106 0.0462607
    outer loop
      vertex -2.39914 8 3.18678
      vertex -3.17603 7.2 3.56544
      vertex -2.37946 8 3.48695
    endloop
  endfacet
  facet normal -0.0923595 0.707115 0.701041
    outer loop
      vertex -0.338928 8 5.5726
      vertex -0.469193 7.2 6.36237
      vertex -0.365433 7.2 6.37604
    endloop
  endfacet
  facet normal -0.980783 0 0.195104
    outer loop
      vertex -3.16237 -7.2 3.66919
      vertex -3.10118 7.2 3.97679
      vertex -3.16237 7.2 3.66919
    endloop
  endfacet
  facet normal -0.980783 0 0.195104
    outer loop
      vertex -3.10118 7.2 3.97679
      vertex -3.16237 -7.2 3.66919
      vertex -3.10118 -7.2 3.97679
    endloop
  endfacet
  facet normal -0.706724 0.707103 0.0233594
    outer loop
      vertex -2.39914 8 3.18678
      vertex -3.2 7.2 3.17375
      vertex -3.19827 7.2 3.22609
    endloop
  endfacet
  facet normal -0.653273 -0.707108 0.270616
    outer loop
      vertex -2.93323 -7.2 4.47159
      vertex -2.9733 -7.2 4.37486
      vertex -2.22415 -8 4.09296
    endloop
  endfacet
  facet normal 0.353522 0.707105 0.612393
    outer loop
      vertex 1.64365 7.2 5.94211
      vertex 1.17577 8 5.28848
      vertex 1.55307 7.2 5.9944
    endloop
  endfacet
  facet normal 0.751834 -0 0.659353
    outer loop
      vertex 2.2973 -7.2 5.42331
      vertex 2.5042 7.2 5.18739
      vertex 2.2973 7.2 5.42331
    endloop
  endfacet
  facet normal 0.751834 0 0.659353
    outer loop
      vertex 2.5042 7.2 5.18739
      vertex 2.2973 -7.2 5.42331
      vertex 2.5042 -7.2 5.18739
    endloop
  endfacet
  facet normal 0.706726 0.707108 0.0231579
    outer loop
      vertex 2.39999 8 3.16084
      vertex 2.39914 8 3.18678
      vertex 3.2 7.2 3.17375
    endloop
  endfacet
  facet normal -0.693443 0.707182 -0.137951
    outer loop
      vertex -3.17273 7.2 0.592941
      vertex -3.19315 7.2 0.695587
      vertex -2.39839 8 0.801605
    endloop
  endfacet
  facet normal -0 -0.707108 -0.707105
    outer loop
      vertex 0 -7.2 0
      vertex -2.37389 -8 0.800003
      vertex -2.39999 -7.2 0
    endloop
  endfacet
  facet normal 0 -0.707108 -0.707105
    outer loop
      vertex -2.37389 -8 0.800003
      vertex 0 -7.2 0
      vertex 0 -8 0.800003
    endloop
  endfacet
  facet normal -0.227272 -0.707109 0.669585
    outer loop
      vertex -0.877853 -7.2 6.27411
      vertex -0.89296 -8 5.42415
      vertex -0.645569 -8 5.50812
    endloop
  endfacet
  facet normal -0.831494 0 -0.555533
    outer loop
      vertex -3.03468 -7.2 0.312988
      vertex -3.09282 7.2 0.400009
      vertex -3.03468 7.2 0.312988
    endloop
  endfacet
  facet normal -0.831494 -0 -0.555533
    outer loop
      vertex -3.09282 7.2 0.400009
      vertex -3.03468 -7.2 0.312988
      vertex -3.09282 -7.2 0.400009
    endloop
  endfacet
  facet normal -0.705599 0.707112 -0.0460687
    outer loop
      vertex -2.39839 8 0.801605
      vertex -3.2 7.2 0.800003
      vertex -2.39999 8 0.826111
    endloop
  endfacet
  facet normal -0.587766 0.707334 -0.392695
    outer loop
      vertex -3.03468 7.2 0.312988
      vertex -3.09282 7.2 0.400009
      vertex -2.39839 8 0.801605
    endloop
  endfacet
  facet normal -0.312743 -0.707109 0.634183
    outer loop
      vertex -0.941193 -8 5.40416
      vertex -1.27159 -7.2 6.13322
      vertex -1.17577 -8 5.28848
    endloop
  endfacet
  facet normal -0.560978 0.707111 0.430462
    outer loop
      vertex -1.88542 8 4.67964
      vertex -2.56792 7.2 5.10435
      vertex -2.5042 7.2 5.18739
    endloop
  endfacet
  facet normal -0.560978 0.707111 0.430462
    outer loop
      vertex -2.56792 7.2 5.10435
      vertex -1.88542 8 4.67964
      vertex -1.91728 8 4.63812
    endloop
  endfacet
  facet normal -0.0923452 -0.707116 0.701042
    outer loop
      vertex -0.286926 -8 5.57945
      vertex -0.365433 -7.2 6.37604
      vertex -0.338928 -8 5.5726
    endloop
  endfacet
  facet normal -0.466232 0.707106 0.531629
    outer loop
      vertex -1.67612 8 4.91312
      vertex -2.22331 7.2 5.4973
      vertex -1.9874 7.2 5.70419
    endloop
  endfacet
  facet normal -0.693517 -0.707108 0.137959
    outer loop
      vertex -3.10118 -7.2 3.97679
      vertex -3.16237 -7.2 3.66919
      vertex -2.37263 -8 3.5388
    endloop
  endfacet
  facet normal -0.999454 0 0.0330351
    outer loop
      vertex -3.2 -7.2 3.17375
      vertex -3.19827 7.2 3.22609
      vertex -3.2 7.2 3.17375
    endloop
  endfacet
  facet normal -0.999454 0 0.0330351
    outer loop
      vertex -3.19827 7.2 3.22609
      vertex -3.2 -7.2 3.17375
      vertex -3.19827 -7.2 3.22609
    endloop
  endfacet
  facet normal 0.669586 -0.707109 0.227268
    outer loop
      vertex 2.9733 -7.2 4.37486
      vertex 2.22415 -8 4.09296
      vertex 3.07411 -7.2 4.07785
    endloop
  endfacet
  facet normal 0.612378 -0.707103 0.353552
    outer loop
      vertex 2.74211 -7.2 4.84364
      vertex 2.08849 -8 4.37576
      vertex 2.7944 -7.2 4.75307
    endloop
  endfacet
  facet normal 0.693517 -0.707108 0.137959
    outer loop
      vertex 3.10118 -7.2 3.97679
      vertex 2.37263 -8 3.5388
      vertex 3.16237 -7.2 3.66919
    endloop
  endfacet
  facet normal 0.705593 0.707106 0.0462607
    outer loop
      vertex 2.39914 8 3.18678
      vertex 2.37946 8 3.48695
      vertex 3.17603 7.2 3.56544
    endloop
  endfacet
  facet normal -0.866028 0 0.499996
    outer loop
      vertex -2.7944 -7.2 4.75307
      vertex -2.74211 7.2 4.84364
      vertex -2.7944 7.2 4.75307
    endloop
  endfacet
  facet normal -0.866028 0 0.499996
    outer loop
      vertex -2.74211 7.2 4.84364
      vertex -2.7944 -7.2 4.75307
      vertex -2.74211 -7.2 4.84364
    endloop
  endfacet
  facet normal 0.312743 -0.707109 0.634183
    outer loop
      vertex 1.27159 -7.2 6.13322
      vertex 0.941193 -8 5.40416
      vertex 1.17577 -8 5.28848
    endloop
  endfacet
  facet normal 0.707102 0.707111 -0
    outer loop
      vertex 3.2 7.2 2.7
      vertex 2.39999 8 3.16084
      vertex 3.2 7.2 3.17375
    endloop
  endfacet
  facet normal 0.707102 0.707111 0
    outer loop
      vertex 2.39999 8 3.16084
      vertex 3.2 7.2 2.7
      vertex 2.39999 8 2.7
    endloop
  endfacet
  facet normal 0.653273 0.707108 0.270616
    outer loop
      vertex 2.9733 7.2 4.37486
      vertex 2.22415 8 4.09296
      vertex 2.93323 7.2 4.47159
    endloop
  endfacet
  facet normal -0.0462816 0.707116 0.705582
    outer loop
      vertex -0.286926 8 5.57945
      vertex -0.365433 7.2 6.37604
      vertex -0.0260773 8 5.59656
    endloop
  endfacet
  facet normal 0.706724 0.707103 0.0233594
    outer loop
      vertex 3.2 7.2 3.17375
      vertex 2.39914 8 3.18678
      vertex 3.19827 7.2 3.22609
    endloop
  endfacet
  facet normal 0.701051 0.707106 0.0923468
    outer loop
      vertex 2.37946 8 3.48695
      vertex 2.37263 8 3.5388
      vertex 3.17603 7.2 3.56544
    endloop
  endfacet
  facet normal -0.701055 0.707108 0.0923028
    outer loop
      vertex -2.37263 8 3.5388
      vertex -3.17603 7.2 3.56544
      vertex -3.16237 7.2 3.66919
    endloop
  endfacet
  facet normal 0.0462816 0.707116 0.705582
    outer loop
      vertex 0.286926 8 5.57945
      vertex 0.0260773 8 5.59656
      vertex 0.365433 7.2 6.37604
    endloop
  endfacet
  facet normal -0.392846 0.707108 0.587938
    outer loop
      vertex -1.43813 8 5.11728
      vertex -1.90436 7.2 5.76791
      vertex -1.64365 7.2 5.94211
    endloop
  endfacet
  facet normal 0.531626 -0.707109 0.466231
    outer loop
      vertex 2.2973 -7.2 5.42331
      vertex 1.71312 -8 4.87611
      vertex 2.5042 -7.2 5.18739
    endloop
  endfacet
  facet normal -0.707102 -0.707111 0
    outer loop
      vertex -3.2 -7.2 3.17375
      vertex -2.39999 -8 0.826111
      vertex -2.39999 -8 3.16084
    endloop
  endfacet
  facet normal -0.707102 -0.707111 0
    outer loop
      vertex -2.39999 -8 0.826111
      vertex -3.2 -7.2 3.17375
      vertex -3.2 -7.2 0.800003
    endloop
  endfacet
  facet normal 0.182957 0.70711 0.683024
    outer loop
      vertex 0.877853 7.2 6.27411
      vertex 0.645569 8 5.50812
      vertex 0.776794 7.2 6.30118
    endloop
  endfacet
  facet normal 0.0923595 -0.707115 0.701041
    outer loop
      vertex 0.365433 -7.2 6.37604
      vertex 0.338928 -8 5.5726
      vertex 0.469193 -7.2 6.36237
    endloop
  endfacet
  facet normal 0.0462416 0.707108 0.705591
    outer loop
      vertex 0.365433 7.2 6.37604
      vertex 0.0260773 8 5.59656
      vertex 0.0523224 7.2 6.39656
    endloop
  endfacet
  facet normal 0.587945 0.707111 0.392828
    outer loop
      vertex 2.74211 7.2 4.84364
      vertex 1.91728 8 4.63812
      vertex 2.56792 7.2 5.10435
    endloop
  endfacet
  facet normal -0.442313 0 0.896861
    outer loop
      vertex -1.55307 7.2 5.9944
      vertex -1.27159 -7.2 6.13322
      vertex -1.27159 7.2 6.13322
    endloop
  endfacet
  facet normal -0.442313 0 0.896861
    outer loop
      vertex -1.27159 -7.2 6.13322
      vertex -1.55307 7.2 5.9944
      vertex -1.55307 -7.2 5.9944
    endloop
  endfacet
  facet normal 0.991444 -0 0.130536
    outer loop
      vertex 3.16237 -7.2 3.66919
      vertex 3.17603 7.2 3.56544
      vertex 3.16237 7.2 3.66919
    endloop
  endfacet
  facet normal 0.991444 0 0.130536
    outer loop
      vertex 3.17603 7.2 3.56544
      vertex 3.16237 -7.2 3.66919
      vertex 3.17603 -7.2 3.56544
    endloop
  endfacet
  facet normal 0.227285 0.707107 0.669583
    outer loop
      vertex 0.89296 8 5.42415
      vertex 0.877853 7.2 6.27411
      vertex 1.17487 7.2 6.17329
    endloop
  endfacet
  facet normal -0.587942 0.70711 0.392836
    outer loop
      vertex -2.06241 8 4.42091
      vertex -2.74211 7.2 4.84364
      vertex -1.91728 8 4.63812
    endloop
  endfacet
  facet normal 0.227272 0.707109 0.669585
    outer loop
      vertex 0.89296 8 5.42415
      vertex 0.645569 8 5.50812
      vertex 0.877853 7.2 6.27411
    endloop
  endfacet
  facet normal -0.353522 0.707105 0.612393
    outer loop
      vertex -1.17577 8 5.28848
      vertex -1.64365 7.2 5.94211
      vertex -1.55307 7.2 5.9944
    endloop
  endfacet
  facet normal 0.0923452 0.707116 0.701042
    outer loop
      vertex 0.338928 8 5.5726
      vertex 0.286926 8 5.57945
      vertex 0.365433 7.2 6.37604
    endloop
  endfacet
  facet normal -0.130618 0 0.991433
    outer loop
      vertex -0.469193 7.2 6.36237
      vertex -0.365433 -7.2 6.37604
      vertex -0.365433 7.2 6.37604
    endloop
  endfacet
  facet normal -0.130618 0 0.991433
    outer loop
      vertex -0.365433 -7.2 6.37604
      vertex -0.469193 7.2 6.36237
      vertex -0.469193 -7.2 6.36237
    endloop
  endfacet
  facet normal -0 0 1
    outer loop
      vertex -0.0523224 7.2 6.39656
      vertex 0.0523224 -7.2 6.39656
      vertex 0.0523224 7.2 6.39656
    endloop
  endfacet
  facet normal 0 0 1
    outer loop
      vertex 0.0523224 -7.2 6.39656
      vertex -0.0523224 7.2 6.39656
      vertex -0.0523224 -7.2 6.39656
    endloop
  endfacet
  facet normal 0.0653957 0 0.997859
    outer loop
      vertex 0.0523224 7.2 6.39656
      vertex 0.365433 -7.2 6.37604
      vertex 0.365433 7.2 6.37604
    endloop
  endfacet
  facet normal 0.0653957 0 0.997859
    outer loop
      vertex 0.365433 -7.2 6.37604
      vertex 0.0523224 7.2 6.39656
      vertex 0.0523224 -7.2 6.39656
    endloop
  endfacet
  facet normal 0.683025 0.707109 0.182956
    outer loop
      vertex 3.10118 7.2 3.97679
      vertex 2.30812 8 3.84557
      vertex 3.07411 7.2 4.07785
    endloop
  endfacet
  facet normal -0.693443 -0.707182 -0.137951
    outer loop
      vertex -2.39839 -8 0.801605
      vertex -3.19315 -7.2 0.695587
      vertex -3.17273 -7.2 0.592941
    endloop
  endfacet
  facet normal -0.705592 -0.707105 -0.0462889
    outer loop
      vertex -2.39839 -8 0.801605
      vertex -3.2 -7.2 0.800003
      vertex -3.19315 -7.2 0.695587
    endloop
  endfacet
  facet normal -0.0461376 -0.707107 -0.705599
    outer loop
      vertex -2.39839 -8 0.801605
      vertex -2.39999 -7.2 0
      vertex -2.37389 -8 0.800003
    endloop
  endfacet
  facet normal -0.0462954 -0.707102 -0.705594
    outer loop
      vertex -2.39839 -8 0.801605
      vertex -2.50441 -7.2 0.0068512
      vertex -2.39999 -7.2 0
    endloop
  endfacet
  facet normal -0.195071 0 -0.980789
    outer loop
      vertex -2.60706 -7.2 0.0272675
      vertex -2.50441 7.2 0.0068512
      vertex -2.50441 -7.2 0.0068512
    endloop
  endfacet
  facet normal -0.195071 0 -0.980789
    outer loop
      vertex -2.50441 7.2 0.0068512
      vertex -2.60706 -7.2 0.0272675
      vertex -2.60706 7.2 0.0272675
    endloop
  endfacet
  facet normal -0.531431 0.707351 -0.466085
    outer loop
      vertex -2.96568 7.2 0.234314
      vertex -3.03468 7.2 0.312988
      vertex -2.39839 8 0.801605
    endloop
  endfacet
  facet normal -0.392679 -0.707335 -0.587776
    outer loop
      vertex -2.39839 -8 0.801605
      vertex -2.88701 -7.2 0.165314
      vertex -2.79999 -7.2 0.107178
    endloop
  endfacet
  facet normal -0.312679 0.7073 -0.634002
    outer loop
      vertex -2.70615 7.2 0.0608978
      vertex -2.79999 7.2 0.107178
      vertex -2.39839 8 0.801605
    endloop
  endfacet
  facet normal -0.980781 0 -0.195113
    outer loop
      vertex -3.17273 -7.2 0.592941
      vertex -3.19315 7.2 0.695587
      vertex -3.17273 7.2 0.592941
    endloop
  endfacet
  facet normal -0.980781 -0 -0.195113
    outer loop
      vertex -3.19315 7.2 0.695587
      vertex -3.17273 -7.2 0.592941
      vertex -3.19315 -7.2 0.695587
    endloop
  endfacet
  facet normal -0.997855 0 -0.0654623
    outer loop
      vertex -3.19315 -7.2 0.695587
      vertex -3.2 7.2 0.800003
      vertex -3.19315 7.2 0.695587
    endloop
  endfacet
  facet normal -0.997855 -0 -0.0654623
    outer loop
      vertex -3.2 7.2 0.800003
      vertex -3.19315 -7.2 0.695587
      vertex -3.2 -7.2 0.800003
    endloop
  endfacet
  facet normal -0.634005 0.7073 -0.312672
    outer loop
      vertex -3.09282 7.2 0.400009
      vertex -3.1391 7.2 0.493851
      vertex -2.39839 8 0.801605
    endloop
  endfacet
  facet normal -0.946949 0 -0.321384
    outer loop
      vertex -3.1391 -7.2 0.493851
      vertex -3.17273 7.2 0.592941
      vertex -3.1391 7.2 0.493851
    endloop
  endfacet
  facet normal -0.946949 -0 -0.321384
    outer loop
      vertex -3.17273 7.2 0.592941
      vertex -3.1391 -7.2 0.493851
      vertex -3.17273 -7.2 0.592941
    endloop
  endfacet
  facet normal -0.531431 -0.707351 -0.466085
    outer loop
      vertex -2.39839 -8 0.801605
      vertex -3.03468 -7.2 0.312988
      vertex -2.96568 -7.2 0.234314
    endloop
  endfacet
  facet normal -0.5 0.707107 0.5
    outer loop
      vertex -1.67612 8 4.91312
      vertex -2.2973 7.2 5.42331
      vertex -2.22331 7.2 5.4973
    endloop
  endfacet
  facet normal -0.500064 0.707111 0.499929
    outer loop
      vertex -2.2973 7.2 5.42331
      vertex -1.67612 8 4.91312
      vertex -1.71312 8 4.87611
    endloop
  endfacet
  facet normal 0.669585 0.707108 0.227273
    outer loop
      vertex 2.30812 8 3.84557
      vertex 2.22415 8 4.09296
      vertex 3.07411 7.2 4.07785
    endloop
  endfacet
  facet normal -0.683025 -0.707109 0.182956
    outer loop
      vertex -3.07411 -7.2 4.07785
      vertex -3.10118 -7.2 3.97679
      vertex -2.30812 -8 3.84557
    endloop
  endfacet
  facet normal -0.705597 -0.707102 0.0462428
    outer loop
      vertex -3.17603 -7.2 3.56544
      vertex -3.19827 -7.2 3.22609
      vertex -2.39914 -8 3.18678
    endloop
  endfacet
  facet normal -0.991444 0 0.130536
    outer loop
      vertex -3.17603 -7.2 3.56544
      vertex -3.16237 7.2 3.66919
      vertex -3.17603 7.2 3.56544
    endloop
  endfacet
  facet normal -0.991444 0 0.130536
    outer loop
      vertex -3.16237 7.2 3.66919
      vertex -3.17603 -7.2 3.56544
      vertex -3.16237 -7.2 3.66919
    endloop
  endfacet
  facet normal 0.353522 -0.707105 0.612393
    outer loop
      vertex 1.55307 -7.2 5.9944
      vertex 1.17577 -8 5.28848
      vertex 1.64365 -7.2 5.94211
    endloop
  endfacet
  facet normal -0.997859 0 0.0653968
    outer loop
      vertex -3.19827 -7.2 3.22609
      vertex -3.17603 7.2 3.56544
      vertex -3.19827 7.2 3.22609
    endloop
  endfacet
  facet normal -0.997859 0 0.0653968
    outer loop
      vertex -3.17603 7.2 3.56544
      vertex -3.19827 -7.2 3.22609
      vertex -3.17603 -7.2 3.56544
    endloop
  endfacet
  facet normal -0.634186 -0.707114 0.312727
    outer loop
      vertex -2.08849 -8 4.37576
      vertex -2.93323 -7.2 4.47159
      vertex -2.20416 -8 4.14119
    endloop
  endfacet
  facet normal 0.999454 -0 0.0330351
    outer loop
      vertex 3.19827 -7.2 3.22609
      vertex 3.2 7.2 3.17375
      vertex 3.19827 7.2 3.22609
    endloop
  endfacet
  facet normal 0.999454 0 0.0330351
    outer loop
      vertex 3.2 7.2 3.17375
      vertex 3.19827 -7.2 3.22609
      vertex 3.2 -7.2 3.17375
    endloop
  endfacet
  facet normal 0.946941 -0 0.321407
    outer loop
      vertex 2.9733 -7.2 4.37486
      vertex 3.07411 7.2 4.07785
      vertex 2.9733 7.2 4.37486
    endloop
  endfacet
  facet normal 0.946941 0 0.321407
    outer loop
      vertex 3.07411 7.2 4.07785
      vertex 2.9733 -7.2 4.37486
      vertex 3.07411 -7.2 4.07785
    endloop
  endfacet
  facet normal 0.965947 -0 0.258739
    outer loop
      vertex 3.07411 -7.2 4.07785
      vertex 3.10118 7.2 3.97679
      vertex 3.07411 7.2 4.07785
    endloop
  endfacet
  facet normal 0.965947 0 0.258739
    outer loop
      vertex 3.10118 7.2 3.97679
      vertex 3.07411 -7.2 4.07785
      vertex 3.10118 -7.2 3.97679
    endloop
  endfacet
  facet normal 0.0462816 -0.707116 0.705582
    outer loop
      vertex 0.365433 -7.2 6.37604
      vertex 0.0260773 -8 5.59656
      vertex 0.286926 -8 5.57945
    endloop
  endfacet
  facet normal -0.392836 -0.70711 0.587942
    outer loop
      vertex -1.22092 -8 5.26241
      vertex -1.64365 -7.2 5.94211
      vertex -1.43813 -8 5.11728
    endloop
  endfacet
  facet normal -0.693524 -0.707105 0.137941
    outer loop
      vertex -2.32169 -8 3.79491
      vertex -3.10118 -7.2 3.97679
      vertex -2.37263 -8 3.5388
    endloop
  endfacet
  facet normal 0.270641 -0.707105 0.653266
    outer loop
      vertex 1.17487 -7.2 6.17329
      vertex 0.89296 -8 5.42415
      vertex 1.27159 -7.2 6.13322
    endloop
  endfacet
  facet normal 0.63417 -0.707104 0.312782
    outer loop
      vertex 2.7944 -7.2 4.75307
      vertex 2.08849 -8 4.37576
      vertex 2.93323 -7.2 4.47159
    endloop
  endfacet
  facet normal 0.312743 0.707109 0.634183
    outer loop
      vertex 1.17577 8 5.28848
      vertex 0.941193 8 5.40416
      vertex 1.27159 7.2 6.13322
    endloop
  endfacet
  facet normal -0.0462816 -0.707116 0.705582
    outer loop
      vertex -0.0260773 -8 5.59656
      vertex -0.365433 -7.2 6.37604
      vertex -0.286926 -8 5.57945
    endloop
  endfacet
  facet normal -0.63417 0.707104 0.312782
    outer loop
      vertex -2.08849 8 4.37576
      vertex -2.93323 7.2 4.47159
      vertex -2.7944 7.2 4.75307
    endloop
  endfacet
  facet normal -0.137959 -0.70711 0.693515
    outer loop
      vertex -0.469193 -7.2 6.36237
      vertex -0.776794 -7.2 6.30118
      vertex -0.59491 -8 5.52168
    endloop
  endfacet
  facet normal -0.227272 0.707109 0.669585
    outer loop
      vertex -0.645569 8 5.50812
      vertex -0.89296 8 5.42415
      vertex -0.877853 7.2 6.27411
    endloop
  endfacet
  facet normal -0.608768 0 0.793348
    outer loop
      vertex -1.9874 7.2 5.70419
      vertex -1.90436 -7.2 5.76791
      vertex -1.90436 7.2 5.76791
    endloop
  endfacet
  facet normal -0.608768 0 0.793348
    outer loop
      vertex -1.90436 -7.2 5.76791
      vertex -1.9874 7.2 5.70419
      vertex -1.9874 -7.2 5.70419
    endloop
  endfacet
  facet normal -0.706724 -0.707103 0.0233594
    outer loop
      vertex -3.19827 -7.2 3.22609
      vertex -3.2 -7.2 3.17375
      vertex -2.39914 -8 3.18678
    endloop
  endfacet
  facet normal -0.430464 -0.707108 0.560981
    outer loop
      vertex -1.9874 -7.2 5.70419
      vertex -1.43813 -8 5.11728
      vertex -1.90436 -7.2 5.76791
    endloop
  endfacet
  facet normal -0.430527 -0.707112 0.560928
    outer loop
      vertex -1.43813 -8 5.11728
      vertex -1.9874 -7.2 5.70419
      vertex -1.47964 -8 5.08542
    endloop
  endfacet
  facet normal 0.683025 -0.707109 0.182956
    outer loop
      vertex 3.07411 -7.2 4.07785
      vertex 2.30812 -8 3.84557
      vertex 3.10118 -7.2 3.97679
    endloop
  endfacet
  facet normal 0.669585 -0.707108 0.227273
    outer loop
      vertex 3.07411 -7.2 4.07785
      vertex 2.22415 -8 4.09296
      vertex 2.30812 -8 3.84557
    endloop
  endfacet
  facet normal 0.705593 -0.707106 0.0462607
    outer loop
      vertex 3.17603 -7.2 3.56544
      vertex 2.37946 -8 3.48695
      vertex 2.39914 -8 3.18678
    endloop
  endfacet
  facet normal 0.466232 0.707106 0.531629
    outer loop
      vertex 2.22331 7.2 5.4973
      vertex 1.67612 8 4.91312
      vertex 1.9874 7.2 5.70419
    endloop
  endfacet
  facet normal 0.65935 0 0.751836
    outer loop
      vertex 1.9874 7.2 5.70419
      vertex 2.22331 -7.2 5.4973
      vertex 2.22331 7.2 5.4973
    endloop
  endfacet
  facet normal 0.65935 0 0.751836
    outer loop
      vertex 2.22331 -7.2 5.4973
      vertex 1.9874 7.2 5.70419
      vertex 1.9874 -7.2 5.70419
    endloop
  endfacet
  facet normal 0.499954 0 0.866052
    outer loop
      vertex 1.55307 7.2 5.9944
      vertex 1.64365 -7.2 5.94211
      vertex 1.64365 7.2 5.94211
    endloop
  endfacet
  facet normal 0.499954 0 0.866052
    outer loop
      vertex 1.64365 -7.2 5.94211
      vertex 1.55307 7.2 5.9944
      vertex 1.55307 -7.2 5.9944
    endloop
  endfacet
  facet normal 0.392836 0.70711 0.587942
    outer loop
      vertex 1.43813 8 5.11728
      vertex 1.22092 8 5.26241
      vertex 1.64365 7.2 5.94211
    endloop
  endfacet
  facet normal 0.693524 -0.707105 0.137941
    outer loop
      vertex 3.10118 -7.2 3.97679
      vertex 2.32169 -8 3.79491
      vertex 2.37263 -8 3.5388
    endloop
  endfacet
  facet normal -0.270727 -0.70711 0.653225
    outer loop
      vertex -0.89296 -8 5.42415
      vertex -1.27159 -7.2 6.13322
      vertex -0.941193 -8 5.40416
    endloop
  endfacet
  facet normal -0.0653957 0 0.997859
    outer loop
      vertex -0.365433 7.2 6.37604
      vertex -0.0523224 -7.2 6.39656
      vertex -0.0523224 7.2 6.39656
    endloop
  endfacet
  facet normal -0.0653957 0 0.997859
    outer loop
      vertex -0.0523224 -7.2 6.39656
      vertex -0.365433 7.2 6.37604
      vertex -0.365433 -7.2 6.37604
    endloop
  endfacet
  facet normal 0.587942 -0.70711 0.392836
    outer loop
      vertex 2.74211 -7.2 4.84364
      vertex 1.91728 -8 4.63812
      vertex 2.06241 -8 4.42091
    endloop
  endfacet
  facet normal 0.130618 0 0.991433
    outer loop
      vertex 0.365433 7.2 6.37604
      vertex 0.469193 -7.2 6.36237
      vertex 0.469193 7.2 6.36237
    endloop
  endfacet
  facet normal 0.130618 0 0.991433
    outer loop
      vertex 0.469193 -7.2 6.36237
      vertex 0.365433 7.2 6.37604
      vertex 0.365433 -7.2 6.37604
    endloop
  endfacet
  facet normal 0.866028 -0 0.499996
    outer loop
      vertex 2.74211 -7.2 4.84364
      vertex 2.7944 7.2 4.75307
      vertex 2.74211 7.2 4.84364
    endloop
  endfacet
  facet normal 0.866028 0 0.499996
    outer loop
      vertex 2.7944 7.2 4.75307
      vertex 2.74211 -7.2 4.84364
      vertex 2.7944 -7.2 4.75307
    endloop
  endfacet
  facet normal 0.382743 0 0.923855
    outer loop
      vertex 1.17487 7.2 6.17329
      vertex 1.27159 -7.2 6.13322
      vertex 1.27159 7.2 6.13322
    endloop
  endfacet
  facet normal 0.382743 0 0.923855
    outer loop
      vertex 1.27159 -7.2 6.13322
      vertex 1.17487 7.2 6.17329
      vertex 1.17487 -7.2 6.17329
    endloop
  endfacet
  facet normal 0.258742 0 0.965947
    outer loop
      vertex 0.776794 7.2 6.30118
      vertex 0.877853 -7.2 6.27411
      vertex 0.877853 7.2 6.27411
    endloop
  endfacet
  facet normal 0.258742 0 0.965947
    outer loop
      vertex 0.877853 -7.2 6.27411
      vertex 0.776794 7.2 6.30118
      vertex 0.776794 -7.2 6.30118
    endloop
  endfacet
  facet normal 0.612378 0.707103 0.353552
    outer loop
      vertex 2.7944 7.2 4.75307
      vertex 2.08849 8 4.37576
      vertex 2.74211 7.2 4.84364
    endloop
  endfacet
  facet normal 0.137954 0.70711 0.693515
    outer loop
      vertex 0.59491 8 5.52168
      vertex 0.338928 8 5.5726
      vertex 0.469193 7.2 6.36237
    endloop
  endfacet
  facet normal 0.560978 0.707111 0.430462
    outer loop
      vertex 2.56792 7.2 5.10435
      vertex 1.88542 8 4.67964
      vertex 2.5042 7.2 5.18739
    endloop
  endfacet
  facet normal 0.560978 0.707111 0.430462
    outer loop
      vertex 1.88542 8 4.67964
      vertex 2.56792 7.2 5.10435
      vertex 1.91728 8 4.63812
    endloop
  endfacet
  facet normal -0.137954 -0.70711 0.693515
    outer loop
      vertex -0.469193 -7.2 6.36237
      vertex -0.59491 -8 5.52168
      vertex -0.338928 -8 5.5726
    endloop
  endfacet
  facet normal 0.312763 0.707105 0.634178
    outer loop
      vertex 1.55307 7.2 5.9944
      vertex 1.17577 8 5.28848
      vertex 1.27159 7.2 6.13322
    endloop
  endfacet
  facet normal 0.353579 0.707108 0.612356
    outer loop
      vertex 1.22092 8 5.26241
      vertex 1.17577 8 5.28848
      vertex 1.64365 7.2 5.94211
    endloop
  endfacet
  facet normal -0.751834 0 0.659353
    outer loop
      vertex -2.5042 -7.2 5.18739
      vertex -2.2973 7.2 5.42331
      vertex -2.5042 7.2 5.18739
    endloop
  endfacet
  facet normal -0.751834 0 0.659353
    outer loop
      vertex -2.2973 7.2 5.42331
      vertex -2.5042 -7.2 5.18739
      vertex -2.2973 -7.2 5.42331
    endloop
  endfacet
  facet normal 0.5 0.707107 0.5
    outer loop
      vertex 2.2973 7.2 5.42331
      vertex 1.67612 8 4.91312
      vertex 2.22331 7.2 5.4973
    endloop
  endfacet
  facet normal 0.500064 0.707111 0.499929
    outer loop
      vertex 1.67612 8 4.91312
      vertex 2.2973 7.2 5.42331
      vertex 1.71312 8 4.87611
    endloop
  endfacet
  facet normal -0.0923452 0.707116 0.701042
    outer loop
      vertex -0.338928 8 5.5726
      vertex -0.365433 7.2 6.37604
      vertex -0.286926 8 5.57945
    endloop
  endfacet
  facet normal 0.195104 0 0.980783
    outer loop
      vertex 0.469193 7.2 6.36237
      vertex 0.776794 -7.2 6.30118
      vertex 0.776794 7.2 6.30118
    endloop
  endfacet
  facet normal 0.195104 0 0.980783
    outer loop
      vertex 0.776794 -7.2 6.30118
      vertex 0.469193 7.2 6.36237
      vertex 0.469193 -7.2 6.36237
    endloop
  endfacet
  facet normal -0.751817 0 -0.659371
    outer loop
      vertex -2.96568 -7.2 0.234314
      vertex -3.03468 7.2 0.312988
      vertex -2.96568 7.2 0.234314
    endloop
  endfacet
  facet normal -0.751817 -0 -0.659371
    outer loop
      vertex -3.03468 7.2 0.312988
      vertex -2.96568 -7.2 0.234314
      vertex -3.03468 -7.2 0.312988
    endloop
  endfacet
  facet normal -0.587766 -0.707334 -0.392695
    outer loop
      vertex -2.39839 -8 0.801605
      vertex -3.09282 -7.2 0.400009
      vertex -3.03468 -7.2 0.312988
    endloop
  endfacet
  facet normal -0.227209 0.707249 -0.669459
    outer loop
      vertex -2.60706 7.2 0.0272675
      vertex -2.70615 7.2 0.0608978
      vertex -2.39839 8 0.801605
    endloop
  endfacet
  facet normal -0.0654712 0 -0.997854
    outer loop
      vertex -2.50441 -7.2 0.0068512
      vertex -2.39999 7.2 0
      vertex -2.39999 -7.2 0
    endloop
  endfacet
  facet normal -0.0654712 0 -0.997854
    outer loop
      vertex -2.39999 7.2 0
      vertex -2.50441 -7.2 0.0068512
      vertex -2.50441 7.2 0.0068512
    endloop
  endfacet
  facet normal -0.227209 -0.707249 -0.669459
    outer loop
      vertex -2.39839 -8 0.801605
      vertex -2.70615 -7.2 0.0608978
      vertex -2.60706 -7.2 0.0272675
    endloop
  endfacet
  facet normal -0.321386 0 -0.946948
    outer loop
      vertex -2.70615 -7.2 0.0608978
      vertex -2.60706 7.2 0.0272675
      vertex -2.60706 -7.2 0.0272675
    endloop
  endfacet
  facet normal -0.321386 0 -0.946948
    outer loop
      vertex -2.60706 7.2 0.0272675
      vertex -2.70615 -7.2 0.0608978
      vertex -2.70615 7.2 0.0608978
    endloop
  endfacet
  facet normal -0.555511 0 -0.831509
    outer loop
      vertex -2.88701 -7.2 0.165314
      vertex -2.79999 7.2 0.107178
      vertex -2.79999 -7.2 0.107178
    endloop
  endfacet
  facet normal -0.555511 0 -0.831509
    outer loop
      vertex -2.79999 7.2 0.107178
      vertex -2.88701 -7.2 0.165314
      vertex -2.88701 7.2 0.165314
    endloop
  endfacet
  facet normal -0.896864 0 -0.442306
    outer loop
      vertex -3.09282 -7.2 0.400009
      vertex -3.1391 7.2 0.493851
      vertex -3.09282 7.2 0.400009
    endloop
  endfacet
  facet normal -0.896864 -0 -0.442306
    outer loop
      vertex -3.1391 7.2 0.493851
      vertex -3.09282 -7.2 0.400009
      vertex -3.1391 -7.2 0.493851
    endloop
  endfacet
  facet normal -0.65935 0 0.751836
    outer loop
      vertex -2.22331 7.2 5.4973
      vertex -1.9874 -7.2 5.70419
      vertex -1.9874 7.2 5.70419
    endloop
  endfacet
  facet normal -0.65935 0 0.751836
    outer loop
      vertex -1.9874 -7.2 5.70419
      vertex -2.22331 7.2 5.4973
      vertex -2.22331 -7.2 5.4973
    endloop
  endfacet
  facet normal -0.531628 0.70711 0.466227
    outer loop
      vertex -1.88542 8 4.67964
      vertex -2.5042 7.2 5.18739
      vertex -1.71312 8 4.87611
    endloop
  endfacet
  facet normal -0.587945 0.707111 0.392828
    outer loop
      vertex -1.91728 8 4.63812
      vertex -2.74211 7.2 4.84364
      vertex -2.56792 7.2 5.10435
    endloop
  endfacet
  facet normal -0.831486 0 0.555546
    outer loop
      vertex -2.74211 -7.2 4.84364
      vertex -2.56792 7.2 5.10435
      vertex -2.74211 7.2 4.84364
    endloop
  endfacet
  facet normal -0.831486 0 0.555546
    outer loop
      vertex -2.56792 7.2 5.10435
      vertex -2.74211 -7.2 4.84364
      vertex -2.56792 -7.2 5.10435
    endloop
  endfacet
  facet normal -0.392836 0.70711 0.587942
    outer loop
      vertex -1.43813 8 5.11728
      vertex -1.64365 7.2 5.94211
      vertex -1.22092 8 5.26241
    endloop
  endfacet
  facet normal 0 0.707107 0.707107
    outer loop
      vertex 0.0260773 8 5.59656
      vertex -0.0523224 7.2 6.39656
      vertex 0.0523224 7.2 6.39656
    endloop
  endfacet
  facet normal 0 0.707107 0.707107
    outer loop
      vertex -0.0523224 7.2 6.39656
      vertex 0.0260773 8 5.59656
      vertex -0.0260773 8 5.59656
    endloop
  endfacet
  facet normal -0.896848 0 0.442338
    outer loop
      vertex -2.93323 -7.2 4.47159
      vertex -2.7944 7.2 4.75307
      vertex -2.93323 7.2 4.47159
    endloop
  endfacet
  facet normal -0.896848 0 0.442338
    outer loop
      vertex -2.7944 7.2 4.75307
      vertex -2.93323 -7.2 4.47159
      vertex -2.7944 -7.2 4.75307
    endloop
  endfacet
  facet normal 0.0923595 0.707115 0.701041
    outer loop
      vertex 0.469193 7.2 6.36237
      vertex 0.338928 8 5.5726
      vertex 0.365433 7.2 6.37604
    endloop
  endfacet
  facet normal 0.392836 -0.70711 0.587942
    outer loop
      vertex 1.64365 -7.2 5.94211
      vertex 1.22092 -8 5.26241
      vertex 1.43813 -8 5.11728
    endloop
  endfacet
  facet normal 0.706726 -0.707108 0.0231579
    outer loop
      vertex 3.2 -7.2 3.17375
      vertex 2.39914 -8 3.18678
      vertex 2.39999 -8 3.16084
    endloop
  endfacet
  facet normal 0.997859 -0 0.0653968
    outer loop
      vertex 3.17603 -7.2 3.56544
      vertex 3.19827 7.2 3.22609
      vertex 3.17603 7.2 3.56544
    endloop
  endfacet
  facet normal 0.997859 0 0.0653968
    outer loop
      vertex 3.19827 7.2 3.22609
      vertex 3.17603 -7.2 3.56544
      vertex 3.19827 -7.2 3.22609
    endloop
  endfacet
  facet normal 0.669586 0.707109 0.227268
    outer loop
      vertex 3.07411 7.2 4.07785
      vertex 2.22415 8 4.09296
      vertex 2.9733 7.2 4.37486
    endloop
  endfacet
  facet normal 0.706724 -0.707103 0.0233594
    outer loop
      vertex 3.19827 -7.2 3.22609
      vertex 2.39914 -8 3.18678
      vertex 3.2 -7.2 3.17375
    endloop
  endfacet
  facet normal 0.923869 -0 0.382709
    outer loop
      vertex 2.93323 -7.2 4.47159
      vertex 2.9733 7.2 4.37486
      vertex 2.93323 7.2 4.47159
    endloop
  endfacet
  facet normal 0.923869 0 0.382709
    outer loop
      vertex 2.9733 7.2 4.37486
      vertex 2.93323 -7.2 4.47159
      vertex 2.9733 -7.2 4.37486
    endloop
  endfacet
  facet normal -0.0923595 -0.707115 0.701041
    outer loop
      vertex -0.365433 -7.2 6.37604
      vertex -0.469193 -7.2 6.36237
      vertex -0.338928 -8 5.5726
    endloop
  endfacet
  facet normal -0.923869 0 0.382709
    outer loop
      vertex -2.9733 -7.2 4.37486
      vertex -2.93323 7.2 4.47159
      vertex -2.9733 7.2 4.37486
    endloop
  endfacet
  facet normal -0.923869 0 0.382709
    outer loop
      vertex -2.93323 7.2 4.47159
      vertex -2.9733 -7.2 4.37486
      vertex -2.93323 -7.2 4.47159
    endloop
  endfacet
  facet normal 0.793348 -0 0.608768
    outer loop
      vertex 2.5042 -7.2 5.18739
      vertex 2.56792 7.2 5.10435
      vertex 2.5042 7.2 5.18739
    endloop
  endfacet
  facet normal 0.793348 0 0.608768
    outer loop
      vertex 2.56792 7.2 5.10435
      vertex 2.5042 -7.2 5.18739
      vertex 2.56792 -7.2 5.10435
    endloop
  endfacet
  facet normal 0.466213 0.707109 0.53164
    outer loop
      vertex 1.67612 8 4.91312
      vertex 1.47964 8 5.08542
      vertex 1.9874 7.2 5.70419
    endloop
  endfacet
  facet normal 0.227285 -0.707107 0.669583
    outer loop
      vertex 1.17487 -7.2 6.17329
      vertex 0.877853 -7.2 6.27411
      vertex 0.89296 -8 5.42415
    endloop
  endfacet
  facet normal -0.612378 0.707103 0.353552
    outer loop
      vertex -2.08849 8 4.37576
      vertex -2.7944 7.2 4.75307
      vertex -2.74211 7.2 4.84364
    endloop
  endfacet
  facet normal -0.430464 0.707108 0.560981
    outer loop
      vertex -1.43813 8 5.11728
      vertex -1.9874 7.2 5.70419
      vertex -1.90436 7.2 5.76791
    endloop
  endfacet
  facet normal -0.430527 0.707112 0.560928
    outer loop
      vertex -1.9874 7.2 5.70419
      vertex -1.43813 8 5.11728
      vertex -1.47964 8 5.08542
    endloop
  endfacet
  facet normal 0.137954 -0.70711 0.693515
    outer loop
      vertex 0.469193 -7.2 6.36237
      vertex 0.338928 -8 5.5726
      vertex 0.59491 -8 5.52168
    endloop
  endfacet
  facet normal -0.270641 -0.707105 0.653266
    outer loop
      vertex -1.17487 -7.2 6.17329
      vertex -1.27159 -7.2 6.13322
      vertex -0.89296 -8 5.42415
    endloop
  endfacet
  facet normal -0.321429 0 0.946934
    outer loop
      vertex -1.17487 7.2 6.17329
      vertex -0.877853 -7.2 6.27411
      vertex -0.877853 7.2 6.27411
    endloop
  endfacet
  facet normal -0.321429 0 0.946934
    outer loop
      vertex -0.877853 -7.2 6.27411
      vertex -1.17487 7.2 6.17329
      vertex -1.17487 -7.2 6.17329
    endloop
  endfacet
  facet normal 0.531628 -0.70711 0.466227
    outer loop
      vertex 2.5042 -7.2 5.18739
      vertex 1.71312 -8 4.87611
      vertex 1.88542 -8 4.67964
    endloop
  endfacet
  facet normal -0.701051 -0.707106 0.0923468
    outer loop
      vertex -2.37263 -8 3.5388
      vertex -3.17603 -7.2 3.56544
      vertex -2.37946 -8 3.48695
    endloop
  endfacet
  facet normal -0.701055 -0.707108 0.0923028
    outer loop
      vertex -3.16237 -7.2 3.66919
      vertex -3.17603 -7.2 3.56544
      vertex -2.37263 -8 3.5388
    endloop
  endfacet
  facet normal 0 -0 0
    outer loop
      vertex 30.7 -8 0.599991
      vertex 30.7 -8 0
      vertex 30.7 -8 0.599994
    endloop
  endfacet
  facet normal 0 -1 0
    outer loop
      vertex 28.6099 -8 2.7
      vertex 30.7 -8 0
      vertex 30.7 -8 0.599991
    endloop
  endfacet
  facet normal 0 -1 0
    outer loop
      vertex 0 -8 4.50814
      vertex -0.0260773 -8 5.59656
      vertex -0.286926 -8 5.57945
    endloop
  endfacet
  facet normal 0 -1 0
    outer loop
      vertex -0.0260773 -8 5.59656
      vertex 0 -8 4.50814
      vertex 0.0260773 -8 5.59656
    endloop
  endfacet
  facet normal 0 -1 0
    outer loop
      vertex 0 -8 4.50814
      vertex -0.286926 -8 5.57945
      vertex -0.338928 -8 5.5726
    endloop
  endfacet
  facet normal 0 -1 -0
    outer loop
      vertex 0.0260773 -8 5.59656
      vertex 0 -8 4.50814
      vertex 0.286926 -8 5.57945
    endloop
  endfacet
  facet normal 0 -1 0
    outer loop
      vertex 0 -8 4.50814
      vertex -0.338928 -8 5.5726
      vertex -0.59491 -8 5.52168
    endloop
  endfacet
  facet normal 0 -1 -0
    outer loop
      vertex 0.286926 -8 5.57945
      vertex 0 -8 4.50814
      vertex 0.338928 -8 5.5726
    endloop
  endfacet
  facet normal 0 -1 0
    outer loop
      vertex 0 -8 4.50814
      vertex -0.59491 -8 5.52168
      vertex -0.645569 -8 5.50812
    endloop
  endfacet
  facet normal 0 -1 -0
    outer loop
      vertex 0.338928 -8 5.5726
      vertex 0 -8 4.50814
      vertex 0.59491 -8 5.52168
    endloop
  endfacet
  facet normal 0 -1 0
    outer loop
      vertex 0 -8 4.50814
      vertex -0.645569 -8 5.50812
      vertex -0.89296 -8 5.42415
    endloop
  endfacet
  facet normal 0 -1 -0
    outer loop
      vertex 0.59491 -8 5.52168
      vertex 0 -8 4.50814
      vertex 0.645569 -8 5.50812
    endloop
  endfacet
  facet normal 0 -1 0
    outer loop
      vertex 0 -8 4.50814
      vertex -0.89296 -8 5.42415
      vertex -0.941193 -8 5.40416
    endloop
  endfacet
  facet normal 0 -1 -0
    outer loop
      vertex 0.645569 -8 5.50812
      vertex 0 -8 4.50814
      vertex 0.89296 -8 5.42415
    endloop
  endfacet
  facet normal 0 -1 0
    outer loop
      vertex 0 -8 4.50814
      vertex -0.941193 -8 5.40416
      vertex -1.17577 -8 5.28848
    endloop
  endfacet
  facet normal 0 -1 -0
    outer loop
      vertex 0.89296 -8 5.42415
      vertex 0 -8 4.50814
      vertex 0.941193 -8 5.40416
    endloop
  endfacet
  facet normal 0 -1 0
    outer loop
      vertex -0.654068 -8 3.85407
      vertex -1.17577 -8 5.28848
      vertex -1.22092 -8 5.26241
    endloop
  endfacet
  facet normal 0 -1 -0
    outer loop
      vertex 0.941193 -8 5.40416
      vertex 0 -8 4.50814
      vertex 1.17577 -8 5.28848
    endloop
  endfacet
  facet normal 0 -1 0
    outer loop
      vertex -0.654068 -8 3.85407
      vertex -1.22092 -8 5.26241
      vertex -1.43813 -8 5.11728
    endloop
  endfacet
  facet normal 0 -1 0
    outer loop
      vertex 0.654068 -8 3.85407
      vertex 1.17577 -8 5.28848
      vertex 0 -8 4.50814
    endloop
  endfacet
  facet normal 0 -1 0
    outer loop
      vertex -0.654068 -8 3.85407
      vertex -1.43813 -8 5.11728
      vertex -1.47964 -8 5.08542
    endloop
  endfacet
  facet normal 0 -1 -0
    outer loop
      vertex 1.17577 -8 5.28848
      vertex 0.654068 -8 3.85407
      vertex 1.22092 -8 5.26241
    endloop
  endfacet
  facet normal 0 -1 0
    outer loop
      vertex -0.654068 -8 3.85407
      vertex -1.47964 -8 5.08542
      vertex -1.67612 -8 4.91312
    endloop
  endfacet
  facet normal 0 -1 -0
    outer loop
      vertex 1.22092 -8 5.26241
      vertex 0.654068 -8 3.85407
      vertex 1.43813 -8 5.11728
    endloop
  endfacet
  facet normal 0 -1 0
    outer loop
      vertex -0.654068 -8 3.85407
      vertex -1.67612 -8 4.91312
      vertex -1.71312 -8 4.87611
    endloop
  endfacet
  facet normal 0 -1 -0
    outer loop
      vertex 1.43813 -8 5.11728
      vertex 0.654068 -8 3.85407
      vertex 1.47964 -8 5.08542
    endloop
  endfacet
  facet normal 0 -1 0
    outer loop
      vertex -0.654068 -8 3.85407
      vertex -1.71312 -8 4.87611
      vertex -1.88542 -8 4.67964
    endloop
  endfacet
  facet normal 0 -1 -0
    outer loop
      vertex 1.47964 -8 5.08542
      vertex 0.654068 -8 3.85407
      vertex 1.67612 -8 4.91312
    endloop
  endfacet
  facet normal 0 -1 0
    outer loop
      vertex -0.733841 -8 3.76309
      vertex -1.88542 -8 4.67964
      vertex -1.91728 -8 4.63812
    endloop
  endfacet
  facet normal 0 -1 -0
    outer loop
      vertex 1.67612 -8 4.91312
      vertex 0.654068 -8 3.85407
      vertex 1.71312 -8 4.87611
    endloop
  endfacet
  facet normal 0 -1 -0
    outer loop
      vertex 1.71312 -8 4.87611
      vertex 0.654068 -8 3.85407
      vertex 1.88542 -8 4.67964
    endloop
  endfacet
  facet normal 0 -1 0
    outer loop
      vertex -0.733841 -8 3.76309
      vertex -1.91728 -8 4.63812
      vertex -2.06241 -8 4.42091
    endloop
  endfacet
  facet normal 0 -1 0
    outer loop
      vertex -0.801071 -8 3.66249
      vertex -2.06241 -8 4.42091
      vertex -2.08849 -8 4.37576
    endloop
  endfacet
  facet normal 0 -1 0
    outer loop
      vertex -0.801071 -8 3.66249
      vertex -2.08849 -8 4.37576
      vertex -2.20416 -8 4.14119
    endloop
  endfacet
  facet normal 0 -1 0
    outer loop
      vertex -0.854584 -8 3.55397
      vertex -2.20416 -8 4.14119
      vertex -2.22415 -8 4.09296
    endloop
  endfacet
  facet normal 0 -1 0
    outer loop
      vertex -1.17577 -8 5.28848
      vertex -0.654068 -8 3.85407
      vertex 0 -8 4.50814
    endloop
  endfacet
  facet normal 0 -1 0
    outer loop
      vertex -0.854584 -8 3.55397
      vertex -2.22415 -8 4.09296
      vertex -2.30812 -8 3.84557
    endloop
  endfacet
  facet normal 0 -1 0
    outer loop
      vertex -0.893478 -8 3.43939
      vertex -2.30812 -8 3.84557
      vertex -2.32169 -8 3.79491
    endloop
  endfacet
  facet normal 0 -1 0
    outer loop
      vertex -1.88542 -8 4.67964
      vertex -0.733841 -8 3.76309
      vertex -0.654068 -8 3.85407
    endloop
  endfacet
  facet normal 0 -1 0
    outer loop
      vertex -2.06241 -8 4.42091
      vertex -0.801071 -8 3.66249
      vertex -0.733841 -8 3.76309
    endloop
  endfacet
  facet normal 0 -1 0
    outer loop
      vertex -2.20416 -8 4.14119
      vertex -0.854584 -8 3.55397
      vertex -0.801071 -8 3.66249
    endloop
  endfacet
  facet normal 0 -1 0
    outer loop
      vertex -0.893478 -8 3.43939
      vertex -2.32169 -8 3.79491
      vertex -2.37263 -8 3.5388
    endloop
  endfacet
  facet normal 0 -1 0
    outer loop
      vertex -0.917084 -8 3.32073
      vertex -2.37263 -8 3.5388
      vertex -2.37946 -8 3.48695
    endloop
  endfacet
  facet normal 0 -1 0
    outer loop
      vertex -2.30812 -8 3.84557
      vertex -0.893478 -8 3.43939
      vertex -0.854584 -8 3.55397
    endloop
  endfacet
  facet normal 0 -1 0
    outer loop
      vertex -2.37263 -8 3.5388
      vertex -0.917084 -8 3.32073
      vertex -0.893478 -8 3.43939
    endloop
  endfacet
  facet normal 0 -1 0
    outer loop
      vertex -2.37946 -8 3.48695
      vertex -0.924988 -8 3.2
      vertex -0.917084 -8 3.32073
    endloop
  endfacet
  facet normal 0 -1 0
    outer loop
      vertex -2.39914 -8 3.18678
      vertex -0.924988 -8 3.2
      vertex -2.37946 -8 3.48695
    endloop
  endfacet
  facet normal 0 -1 0
    outer loop
      vertex -2.39999 -8 3.16084
      vertex -0.924988 -8 3.2
      vertex -2.39914 -8 3.18678
    endloop
  endfacet
  facet normal 0 -1 0
    outer loop
      vertex -2.39999 -8 3.16084
      vertex -0.917084 -8 3.07927
      vertex -0.924988 -8 3.2
    endloop
  endfacet
  facet normal 0 -1 0
    outer loop
      vertex -2.39999 -8 3.16084
      vertex -0.893478 -8 2.9606
      vertex -0.917084 -8 3.07927
    endloop
  endfacet
  facet normal 0 -1 0
    outer loop
      vertex -2.39999 -8 3.16084
      vertex -0.854584 -8 2.84603
      vertex -0.893478 -8 2.9606
    endloop
  endfacet
  facet normal 0 -1 0
    outer loop
      vertex -2.39999 -8 3.16084
      vertex -0.801071 -8 2.73751
      vertex -0.854584 -8 2.84603
    endloop
  endfacet
  facet normal 0 -1 0
    outer loop
      vertex -2.39999 -8 0.826111
      vertex -0.801071 -8 2.73751
      vertex -2.39999 -8 3.16084
    endloop
  endfacet
  facet normal 0 -1 -0
    outer loop
      vertex -0.801071 -8 2.73751
      vertex -2.39999 -8 0.826111
      vertex -0.733841 -8 2.6369
    endloop
  endfacet
  facet normal 0 -1 -0
    outer loop
      vertex -0.733841 -8 2.6369
      vertex -2.39999 -8 0.826111
      vertex -0.654068 -8 2.54593
    endloop
  endfacet
  facet normal 0 -1 0
    outer loop
      vertex -2.37389 -8 0.800003
      vertex -0.654068 -8 2.54593
      vertex -2.39999 -8 0.826111
    endloop
  endfacet
  facet normal 0 -1 -0
    outer loop
      vertex -0.654068 -8 2.54593
      vertex -2.37389 -8 0.800003
      vertex -0.563095 -8 2.46616
    endloop
  endfacet
  facet normal 0 -1 0
    outer loop
      vertex -0.353973 -8 2.34542
      vertex 0 -8 0.800003
      vertex -0.239395 -8 2.30652
    endloop
  endfacet
  facet normal 0 -1 0
    outer loop
      vertex -0.462494 -8 2.39893
      vertex 0 -8 0.800003
      vertex -0.353973 -8 2.34542
    endloop
  endfacet
  facet normal 0 -1 0
    outer loop
      vertex 0 -8 0.800003
      vertex -0.462494 -8 2.39893
      vertex -2.37389 -8 0.800003
    endloop
  endfacet
  facet normal 0 -1 -0
    outer loop
      vertex -0.563095 -8 2.46616
      vertex -2.37389 -8 0.800003
      vertex -0.462494 -8 2.39893
    endloop
  endfacet
  facet normal 0 -1 0
    outer loop
      vertex 0.733841 -8 3.76309
      vertex 1.88542 -8 4.67964
      vertex 0.654068 -8 3.85407
    endloop
  endfacet
  facet normal 0 -1 -0
    outer loop
      vertex 1.88542 -8 4.67964
      vertex 0.733841 -8 3.76309
      vertex 1.91728 -8 4.63812
    endloop
  endfacet
  facet normal 0 -1 -0
    outer loop
      vertex 1.91728 -8 4.63812
      vertex 0.733841 -8 3.76309
      vertex 2.06241 -8 4.42091
    endloop
  endfacet
  facet normal 0 -1 0
    outer loop
      vertex 0.801071 -8 3.66249
      vertex 2.06241 -8 4.42091
      vertex 0.733841 -8 3.76309
    endloop
  endfacet
  facet normal 0 -1 -0
    outer loop
      vertex 2.06241 -8 4.42091
      vertex 0.801071 -8 3.66249
      vertex 2.08849 -8 4.37576
    endloop
  endfacet
  facet normal 0 -1 -0
    outer loop
      vertex 2.08849 -8 4.37576
      vertex 0.801071 -8 3.66249
      vertex 2.20416 -8 4.14119
    endloop
  endfacet
  facet normal 0 -1 0
    outer loop
      vertex 0.854584 -8 3.55397
      vertex 2.20416 -8 4.14119
      vertex 0.801071 -8 3.66249
    endloop
  endfacet
  facet normal 0 -1 -0
    outer loop
      vertex 2.20416 -8 4.14119
      vertex 0.854584 -8 3.55397
      vertex 2.22415 -8 4.09296
    endloop
  endfacet
  facet normal 0 -1 -0
    outer loop
      vertex 2.22415 -8 4.09296
      vertex 0.854584 -8 3.55397
      vertex 2.30812 -8 3.84557
    endloop
  endfacet
  facet normal 0 -1 0
    outer loop
      vertex 0.893478 -8 3.43939
      vertex 2.30812 -8 3.84557
      vertex 0.854584 -8 3.55397
    endloop
  endfacet
  facet normal 0 -1 -0
    outer loop
      vertex 2.30812 -8 3.84557
      vertex 0.893478 -8 3.43939
      vertex 2.32169 -8 3.79491
    endloop
  endfacet
  facet normal 0 -1 -0
    outer loop
      vertex 2.32169 -8 3.79491
      vertex 0.893478 -8 3.43939
      vertex 2.37263 -8 3.5388
    endloop
  endfacet
  facet normal 0 -1 0
    outer loop
      vertex 0.917084 -8 3.32073
      vertex 2.37263 -8 3.5388
      vertex 0.893478 -8 3.43939
    endloop
  endfacet
  facet normal 0 -1 -0
    outer loop
      vertex 2.37263 -8 3.5388
      vertex 0.917084 -8 3.32073
      vertex 2.37946 -8 3.48695
    endloop
  endfacet
  facet normal 0 -1 0
    outer loop
      vertex 0.924988 -8 3.2
      vertex 2.37946 -8 3.48695
      vertex 0.917084 -8 3.32073
    endloop
  endfacet
  facet normal 0 -1 0
    outer loop
      vertex 0.924988 -8 3.2
      vertex 2.39914 -8 3.18678
      vertex 2.37946 -8 3.48695
    endloop
  endfacet
  facet normal 0 -1 0
    outer loop
      vertex 0.924988 -8 3.2
      vertex 2.39999 -8 3.16084
      vertex 2.39914 -8 3.18678
    endloop
  endfacet
  facet normal 0 -1 0
    outer loop
      vertex 0.917084 -8 3.07927
      vertex 2.39999 -8 3.16084
      vertex 0.924988 -8 3.2
    endloop
  endfacet
  facet normal 0 -1 0
    outer loop
      vertex 2.39999 -8 2.7
      vertex 0.917084 -8 3.07927
      vertex 0.893478 -8 2.9606
    endloop
  endfacet
  facet normal 0 -1 0
    outer loop
      vertex 2.39999 -8 2.7
      vertex 0.893478 -8 2.9606
      vertex 0.854584 -8 2.84603
    endloop
  endfacet
  facet normal 0 -1 0
    outer loop
      vertex 2.39999 -8 2.7
      vertex 0.854584 -8 2.84603
      vertex 0.801071 -8 2.73751
    endloop
  endfacet
  facet normal 0 -1 0
    outer loop
      vertex 0.917084 -8 3.07927
      vertex 2.39999 -8 2.7
      vertex 2.39999 -8 3.16084
    endloop
  endfacet
  facet normal 0 -1 0
    outer loop
      vertex 0.733841 -8 2.6369
      vertex 2.39999 -8 2.7
      vertex 0.801071 -8 2.73751
    endloop
  endfacet
  facet normal 0 -1 0
    outer loop
      vertex 0.654068 -8 2.54593
      vertex 2.39999 -8 2.7
      vertex 0.733841 -8 2.6369
    endloop
  endfacet
  facet normal 0 -1 0
    outer loop
      vertex 0.563095 -8 2.46616
      vertex 2.39999 -8 2.7
      vertex 0.654068 -8 2.54593
    endloop
  endfacet
  facet normal 0 -1 0
    outer loop
      vertex 2.39999 -8 2.7
      vertex 0.563095 -8 2.46616
      vertex 0 -8 0.800003
    endloop
  endfacet
  facet normal 0 -1 0
    outer loop
      vertex 0 -8 0.800003
      vertex 0.563095 -8 2.46616
      vertex 0.462494 -8 2.39893
    endloop
  endfacet
  facet normal 0 -1 0
    outer loop
      vertex 0 -8 0.800003
      vertex 0.462494 -8 2.39893
      vertex 0.353973 -8 2.34542
    endloop
  endfacet
  facet normal 0 -1 0
    outer loop
      vertex 0 -8 0.800003
      vertex 0.353973 -8 2.34542
      vertex 0.239395 -8 2.30652
    endloop
  endfacet
  facet normal 0 -1 0
    outer loop
      vertex 0 -8 0.800003
      vertex 0.239395 -8 2.30652
      vertex 0.120728 -8 2.28292
    endloop
  endfacet
  facet normal 0 -1 0
    outer loop
      vertex 0 -8 0.800003
      vertex 0.120728 -8 2.28292
      vertex 0 -8 2.27501
    endloop
  endfacet
  facet normal 0 -1 0
    outer loop
      vertex -0.239395 -8 2.30652
      vertex 0 -8 0.800003
      vertex -0.120728 -8 2.28292
    endloop
  endfacet
  facet normal 0 -1 0
    outer loop
      vertex -2.37389 -8 0.800003
      vertex -2.39999 -8 0.826111
      vertex -2.39839 -8 0.801605
    endloop
  endfacet
  facet normal 0 -1 0
    outer loop
      vertex -0.120728 -8 2.28292
      vertex 0 -8 0.800003
      vertex 0 -8 2.27501
    endloop
  endfacet
  facet normal 0 -1 0
    outer loop
      vertex 2.39999 -8 2.7
      vertex 0 -8 0.800003
      vertex 0 -8 0
    endloop
  endfacet
  facet normal 0 -1 0
    outer loop
      vertex 30.7 -8 0
      vertex 2.39999 -8 2.7
      vertex 0 -8 0
    endloop
  endfacet
  facet normal 0 -1 0
    outer loop
      vertex 2.39999 -8 2.7
      vertex 30.7 -8 0
      vertex 28.6099 -8 2.7
    endloop
  endfacet
  facet normal 0.555568 0 0.831471
    outer loop
      vertex 1.64365 7.2 5.94211
      vertex 1.90436 -7.2 5.76791
      vertex 1.90436 7.2 5.76791
    endloop
  endfacet
  facet normal 0.555568 0 0.831471
    outer loop
      vertex 1.90436 -7.2 5.76791
      vertex 1.64365 7.2 5.94211
      vertex 1.64365 -7.2 5.94211
    endloop
  endfacet
  facet normal -0.653273 0.707108 0.270616
    outer loop
      vertex -2.22415 8 4.09296
      vertex -2.9733 7.2 4.37486
      vertex -2.93323 7.2 4.47159
    endloop
  endfacet
  facet normal 0.270727 0.70711 0.653225
    outer loop
      vertex 0.941193 8 5.40416
      vertex 0.89296 8 5.42415
      vertex 1.27159 7.2 6.13322
    endloop
  endfacet
  facet normal 0.270641 0.707105 0.653266
    outer loop
      vertex 1.27159 7.2 6.13322
      vertex 0.89296 8 5.42415
      vertex 1.17487 7.2 6.17329
    endloop
  endfacet
  facet normal 0.442313 0 0.896861
    outer loop
      vertex 1.27159 7.2 6.13322
      vertex 1.55307 -7.2 5.9944
      vertex 1.55307 7.2 5.9944
    endloop
  endfacet
  facet normal 0.442313 0 0.896861
    outer loop
      vertex 1.55307 -7.2 5.9944
      vertex 1.27159 7.2 6.13322
      vertex 1.27159 -7.2 6.13322
    endloop
  endfacet
  facet normal 0.321429 0 0.946934
    outer loop
      vertex 0.877853 7.2 6.27411
      vertex 1.17487 -7.2 6.17329
      vertex 1.17487 7.2 6.17329
    endloop
  endfacet
  facet normal 0.321429 0 0.946934
    outer loop
      vertex 1.17487 -7.2 6.17329
      vertex 0.877853 7.2 6.27411
      vertex 0.877853 -7.2 6.27411
    endloop
  endfacet
  facet normal -0.270727 0.70711 0.653225
    outer loop
      vertex -0.941193 8 5.40416
      vertex -1.27159 7.2 6.13322
      vertex -0.89296 8 5.42415
    endloop
  endfacet
  facet normal -0.653215 -0.707114 0.270739
    outer loop
      vertex -2.20416 -8 4.14119
      vertex -2.93323 -7.2 4.47159
      vertex -2.22415 -8 4.09296
    endloop
  endfacet
  facet normal -0.560978 -0.707111 0.430462
    outer loop
      vertex -2.56792 -7.2 5.10435
      vertex -1.88542 -8 4.67964
      vertex -2.5042 -7.2 5.18739
    endloop
  endfacet
  facet normal -0.560978 -0.707111 0.430462
    outer loop
      vertex -1.88542 -8 4.67964
      vertex -2.56792 -7.2 5.10435
      vertex -1.91728 -8 4.63812
    endloop
  endfacet
  facet normal -0.0462416 0.707108 0.705591
    outer loop
      vertex -0.0260773 8 5.59656
      vertex -0.365433 7.2 6.37604
      vertex -0.0523224 7.2 6.39656
    endloop
  endfacet
  facet normal 0.182834 0.707116 0.683051
    outer loop
      vertex 0.645569 8 5.50812
      vertex 0.59491 8 5.52168
      vertex 0.776794 7.2 6.30118
    endloop
  endfacet
  facet normal 0.430464 0.707108 0.560981
    outer loop
      vertex 1.9874 7.2 5.70419
      vertex 1.43813 8 5.11728
      vertex 1.90436 7.2 5.76791
    endloop
  endfacet
  facet normal 0.430527 0.707112 0.560928
    outer loop
      vertex 1.43813 8 5.11728
      vertex 1.9874 7.2 5.70419
      vertex 1.47964 8 5.08542
    endloop
  endfacet
  facet normal 0.707107 -0 0.707107
    outer loop
      vertex 2.22331 -7.2 5.4973
      vertex 2.2973 7.2 5.42331
      vertex 2.22331 7.2 5.4973
    endloop
  endfacet
  facet normal 0.707107 0 0.707107
    outer loop
      vertex 2.2973 7.2 5.42331
      vertex 2.22331 -7.2 5.4973
      vertex 2.2973 -7.2 5.42331
    endloop
  endfacet
  facet normal 0.5 -0.707107 0.5
    outer loop
      vertex 1.67612 -8 4.91312
      vertex 2.2973 -7.2 5.42331
      vertex 2.22331 -7.2 5.4973
    endloop
  endfacet
  facet normal 0.500064 -0.707111 0.499929
    outer loop
      vertex 2.2973 -7.2 5.42331
      vertex 1.67612 -8 4.91312
      vertex 1.71312 -8 4.87611
    endloop
  endfacet
  facet normal -0.653215 0.707114 0.270739
    outer loop
      vertex -2.22415 8 4.09296
      vertex -2.93323 7.2 4.47159
      vertex -2.20416 8 4.14119
    endloop
  endfacet
  facet normal -0.669586 0.707109 0.227268
    outer loop
      vertex -2.22415 8 4.09296
      vertex -3.07411 7.2 4.07785
      vertex -2.9733 7.2 4.37486
    endloop
  endfacet
  facet normal -0.182834 0.707116 0.683051
    outer loop
      vertex -0.645569 8 5.50812
      vertex -0.776794 7.2 6.30118
      vertex -0.59491 8 5.52168
    endloop
  endfacet
  facet normal -0.693524 0.707105 0.137941
    outer loop
      vertex -2.37263 8 3.5388
      vertex -3.10118 7.2 3.97679
      vertex -2.32169 8 3.79491
    endloop
  endfacet
  facet normal -0.182957 0.70711 0.683024
    outer loop
      vertex -0.645569 8 5.50812
      vertex -0.877853 7.2 6.27411
      vertex -0.776794 7.2 6.30118
    endloop
  endfacet
  facet normal -0.195104 0 0.980783
    outer loop
      vertex -0.776794 7.2 6.30118
      vertex -0.469193 -7.2 6.36237
      vertex -0.469193 7.2 6.36237
    endloop
  endfacet
  facet normal -0.195104 0 0.980783
    outer loop
      vertex -0.469193 -7.2 6.36237
      vertex -0.776794 7.2 6.30118
      vertex -0.776794 -7.2 6.30118
    endloop
  endfacet
  facet normal -0.258742 0 0.965947
    outer loop
      vertex -0.877853 7.2 6.27411
      vertex -0.776794 -7.2 6.30118
      vertex -0.776794 7.2 6.30118
    endloop
  endfacet
  facet normal -0.258742 0 0.965947
    outer loop
      vertex -0.776794 -7.2 6.30118
      vertex -0.877853 7.2 6.27411
      vertex -0.877853 -7.2 6.27411
    endloop
  endfacet
  facet normal -0.706726 -0.707108 0.0231579
    outer loop
      vertex -2.39914 -8 3.18678
      vertex -3.2 -7.2 3.17375
      vertex -2.39999 -8 3.16084
    endloop
  endfacet
  facet normal -0.392846 -0.707108 0.587938
    outer loop
      vertex -1.64365 -7.2 5.94211
      vertex -1.90436 -7.2 5.76791
      vertex -1.43813 -8 5.11728
    endloop
  endfacet
  facet normal 0.0462416 -0.707108 0.705591
    outer loop
      vertex 0.0523224 -7.2 6.39656
      vertex 0.0260773 -8 5.59656
      vertex 0.365433 -7.2 6.37604
    endloop
  endfacet
  facet normal 0.560978 -0.707111 0.430462
    outer loop
      vertex 1.88542 -8 4.67964
      vertex 2.56792 -7.2 5.10435
      vertex 2.5042 -7.2 5.18739
    endloop
  endfacet
  facet normal 0.560978 -0.707111 0.430462
    outer loop
      vertex 2.56792 -7.2 5.10435
      vertex 1.88542 -8 4.67964
      vertex 1.91728 -8 4.63812
    endloop
  endfacet
  facet normal -0.353579 0.707108 0.612356
    outer loop
      vertex -1.22092 8 5.26241
      vertex -1.64365 7.2 5.94211
      vertex -1.17577 8 5.28848
    endloop
  endfacet
  facet normal 0.634186 0.707114 0.312727
    outer loop
      vertex 2.20416 8 4.14119
      vertex 2.08849 8 4.37576
      vertex 2.93323 7.2 4.47159
    endloop
  endfacet
  facet normal -0.65939 0 -0.751801
    outer loop
      vertex -2.96568 -7.2 0.234314
      vertex -2.88701 7.2 0.165314
      vertex -2.88701 -7.2 0.165314
    endloop
  endfacet
  facet normal -0.65939 0 -0.751801
    outer loop
      vertex -2.88701 7.2 0.165314
      vertex -2.96568 -7.2 0.234314
      vertex -2.96568 7.2 0.234314
    endloop
  endfacet
  facet normal -0.466098 -0.707352 -0.531419
    outer loop
      vertex -2.39839 -8 0.801605
      vertex -2.96568 -7.2 0.234314
      vertex -2.88701 -7.2 0.165314
    endloop
  endfacet
  facet normal -0.137922 0.707181 -0.69345
    outer loop
      vertex -2.50441 7.2 0.0068512
      vertex -2.60706 7.2 0.0272675
      vertex -2.39839 8 0.801605
    endloop
  endfacet
  facet normal -0.0462954 0.707102 -0.705594
    outer loop
      vertex -2.39999 7.2 0
      vertex -2.50441 7.2 0.0068512
      vertex -2.39839 8 0.801605
    endloop
  endfacet
  facet normal -0.442315 0 -0.89686
    outer loop
      vertex -2.79999 -7.2 0.107178
      vertex -2.70615 7.2 0.0608978
      vertex -2.70615 -7.2 0.0608978
    endloop
  endfacet
  facet normal -0.442315 0 -0.89686
    outer loop
      vertex -2.70615 7.2 0.0608978
      vertex -2.79999 -7.2 0.107178
      vertex -2.79999 7.2 0.107178
    endloop
  endfacet
  facet normal -0.312679 -0.7073 -0.634002
    outer loop
      vertex -2.39839 -8 0.801605
      vertex -2.79999 -7.2 0.107178
      vertex -2.70615 -7.2 0.0608978
    endloop
  endfacet
  facet normal -0.137922 -0.707181 -0.69345
    outer loop
      vertex -2.39839 -8 0.801605
      vertex -2.60706 -7.2 0.0272675
      vertex -2.50441 -7.2 0.0068512
    endloop
  endfacet
  facet normal -0.392679 0.707335 -0.587776
    outer loop
      vertex -2.79999 7.2 0.107178
      vertex -2.88701 7.2 0.165314
      vertex -2.39839 8 0.801605
    endloop
  endfacet
  facet normal -0.683025 0.707109 0.182956
    outer loop
      vertex -2.30812 8 3.84557
      vertex -3.10118 7.2 3.97679
      vertex -3.07411 7.2 4.07785
    endloop
  endfacet
  facet normal -0.669586 -0.707109 0.227268
    outer loop
      vertex -2.9733 -7.2 4.37486
      vertex -3.07411 -7.2 4.07785
      vertex -2.22415 -8 4.09296
    endloop
  endfacet
  facet normal -0.669585 -0.707108 0.227273
    outer loop
      vertex -2.22415 -8 4.09296
      vertex -3.07411 -7.2 4.07785
      vertex -2.30812 -8 3.84557
    endloop
  endfacet
  facet normal 0.531628 0.70711 0.466227
    outer loop
      vertex 1.88542 8 4.67964
      vertex 1.71312 8 4.87611
      vertex 2.5042 7.2 5.18739
    endloop
  endfacet
  facet normal 0.531626 0.707109 0.466231
    outer loop
      vertex 2.5042 7.2 5.18739
      vertex 1.71312 8 4.87611
      vertex 2.2973 7.2 5.42331
    endloop
  endfacet
  facet normal 0.227272 -0.707109 0.669585
    outer loop
      vertex 0.877853 -7.2 6.27411
      vertex 0.645569 -8 5.50812
      vertex 0.89296 -8 5.42415
    endloop
  endfacet
  facet normal 0.683025 -0.707109 0.182958
    outer loop
      vertex 3.10118 -7.2 3.97679
      vertex 2.30812 -8 3.84557
      vertex 2.32169 -8 3.79491
    endloop
  endfacet
  facet normal 0.312763 -0.707105 0.634178
    outer loop
      vertex 1.27159 -7.2 6.13322
      vertex 1.17577 -8 5.28848
      vertex 1.55307 -7.2 5.9944
    endloop
  endfacet
  facet normal 0.701055 0.707108 0.0923028
    outer loop
      vertex 3.17603 7.2 3.56544
      vertex 2.37263 8 3.5388
      vertex 3.16237 7.2 3.66919
    endloop
  endfacet
  facet normal 0.693517 0.707108 0.137959
    outer loop
      vertex 3.16237 7.2 3.66919
      vertex 2.37263 8 3.5388
      vertex 3.10118 7.2 3.97679
    endloop
  endfacet
  facet normal -0.466232 -0.707106 0.531629
    outer loop
      vertex -1.9874 -7.2 5.70419
      vertex -2.22331 -7.2 5.4973
      vertex -1.67612 -8 4.91312
    endloop
  endfacet
  facet normal 0.896848 -0 0.442338
    outer loop
      vertex 2.7944 -7.2 4.75307
      vertex 2.93323 7.2 4.47159
      vertex 2.7944 7.2 4.75307
    endloop
  endfacet
  facet normal 0.896848 0 0.442338
    outer loop
      vertex 2.93323 7.2 4.47159
      vertex 2.7944 -7.2 4.75307
      vertex 2.93323 -7.2 4.47159
    endloop
  endfacet
  facet normal -0.466213 -0.707109 0.53164
    outer loop
      vertex -1.47964 -8 5.08542
      vertex -1.9874 -7.2 5.70419
      vertex -1.67612 -8 4.91312
    endloop
  endfacet
  facet normal 0.430464 -0.707108 0.560981
    outer loop
      vertex 1.43813 -8 5.11728
      vertex 1.9874 -7.2 5.70419
      vertex 1.90436 -7.2 5.76791
    endloop
  endfacet
  facet normal 0.430527 -0.707112 0.560928
    outer loop
      vertex 1.9874 -7.2 5.70419
      vertex 1.43813 -8 5.11728
      vertex 1.47964 -8 5.08542
    endloop
  endfacet
  facet normal -0.499954 0 0.866052
    outer loop
      vertex -1.64365 7.2 5.94211
      vertex -1.55307 -7.2 5.9944
      vertex -1.55307 7.2 5.9944
    endloop
  endfacet
  facet normal -0.499954 0 0.866052
    outer loop
      vertex -1.55307 -7.2 5.9944
      vertex -1.64365 7.2 5.94211
      vertex -1.64365 -7.2 5.94211
    endloop
  endfacet
  facet normal -0.270641 0.707105 0.653266
    outer loop
      vertex -0.89296 8 5.42415
      vertex -1.27159 7.2 6.13322
      vertex -1.17487 7.2 6.17329
    endloop
  endfacet
  facet normal -0.312763 -0.707105 0.634178
    outer loop
      vertex -1.27159 -7.2 6.13322
      vertex -1.55307 -7.2 5.9944
      vertex -1.17577 -8 5.28848
    endloop
  endfacet
  facet normal 0.182834 -0.707116 0.683051
    outer loop
      vertex 0.776794 -7.2 6.30118
      vertex 0.59491 -8 5.52168
      vertex 0.645569 -8 5.50812
    endloop
  endfacet
  facet normal 0.353579 -0.707108 0.612356
    outer loop
      vertex 1.64365 -7.2 5.94211
      vertex 1.17577 -8 5.28848
      vertex 1.22092 -8 5.26241
    endloop
  endfacet
  facet normal 0.466213 -0.707109 0.53164
    outer loop
      vertex 1.9874 -7.2 5.70419
      vertex 1.47964 -8 5.08542
      vertex 1.67612 -8 4.91312
    endloop
  endfacet
  facet normal 0.653215 -0.707114 0.270739
    outer loop
      vertex 2.93323 -7.2 4.47159
      vertex 2.20416 -8 4.14119
      vertex 2.22415 -8 4.09296
    endloop
  endfacet
  facet normal -0.182834 -0.707116 0.683051
    outer loop
      vertex -0.59491 -8 5.52168
      vertex -0.776794 -7.2 6.30118
      vertex -0.645569 -8 5.50812
    endloop
  endfacet
  facet normal -0.182957 -0.70711 0.683024
    outer loop
      vertex -0.776794 -7.2 6.30118
      vertex -0.877853 -7.2 6.27411
      vertex -0.645569 -8 5.50812
    endloop
  endfacet
  facet normal -0.353579 -0.707108 0.612356
    outer loop
      vertex -1.17577 -8 5.28848
      vertex -1.64365 -7.2 5.94211
      vertex -1.22092 -8 5.26241
    endloop
  endfacet
  facet normal 0.0923452 -0.707116 0.701042
    outer loop
      vertex 0.365433 -7.2 6.37604
      vertex 0.286926 -8 5.57945
      vertex 0.338928 -8 5.5726
    endloop
  endfacet
  facet normal 0.653215 0.707114 0.270739
    outer loop
      vertex 2.22415 8 4.09296
      vertex 2.20416 8 4.14119
      vertex 2.93323 7.2 4.47159
    endloop
  endfacet
  facet normal -0.137959 0.70711 0.693515
    outer loop
      vertex -0.59491 8 5.52168
      vertex -0.776794 7.2 6.30118
      vertex -0.469193 7.2 6.36237
    endloop
  endfacet
  facet normal 0.831486 -0 0.555546
    outer loop
      vertex 2.56792 -7.2 5.10435
      vertex 2.74211 7.2 4.84364
      vertex 2.56792 7.2 5.10435
    endloop
  endfacet
  facet normal 0.831486 0 0.555546
    outer loop
      vertex 2.74211 7.2 4.84364
      vertex 2.56792 -7.2 5.10435
      vertex 2.74211 -7.2 4.84364
    endloop
  endfacet
  facet normal -0.312743 0.707109 0.634183
    outer loop
      vertex -1.17577 8 5.28848
      vertex -1.27159 7.2 6.13322
      vertex -0.941193 8 5.40416
    endloop
  endfacet
  facet normal -0.312763 0.707105 0.634178
    outer loop
      vertex -1.17577 8 5.28848
      vertex -1.55307 7.2 5.9944
      vertex -1.27159 7.2 6.13322
    endloop
  endfacet
  facet normal 0.587942 0.70711 0.392836
    outer loop
      vertex 2.06241 8 4.42091
      vertex 1.91728 8 4.63812
      vertex 2.74211 7.2 4.84364
    endloop
  endfacet
  facet normal -0.587942 -0.70711 0.392836
    outer loop
      vertex -1.91728 -8 4.63812
      vertex -2.74211 -7.2 4.84364
      vertex -2.06241 -8 4.42091
    endloop
  endfacet
  facet normal 0.634186 -0.707114 0.312727
    outer loop
      vertex 2.93323 -7.2 4.47159
      vertex 2.08849 -8 4.37576
      vertex 2.20416 -8 4.14119
    endloop
  endfacet
  facet normal -0.0462416 -0.707108 0.705591
    outer loop
      vertex -0.0523224 -7.2 6.39656
      vertex -0.365433 -7.2 6.37604
      vertex -0.0260773 -8 5.59656
    endloop
  endfacet
  facet normal 0.182957 -0.70711 0.683024
    outer loop
      vertex 0.776794 -7.2 6.30118
      vertex 0.645569 -8 5.50812
      vertex 0.877853 -7.2 6.27411
    endloop
  endfacet
  facet normal -0.531626 0.707109 0.466231
    outer loop
      vertex -1.71312 8 4.87611
      vertex -2.5042 7.2 5.18739
      vertex -2.2973 7.2 5.42331
    endloop
  endfacet
  facet normal -0.946941 0 0.321407
    outer loop
      vertex -3.07411 -7.2 4.07785
      vertex -2.9733 7.2 4.37486
      vertex -3.07411 7.2 4.07785
    endloop
  endfacet
  facet normal -0.946941 0 0.321407
    outer loop
      vertex -2.9733 7.2 4.37486
      vertex -3.07411 -7.2 4.07785
      vertex -2.9733 -7.2 4.37486
    endloop
  endfacet
  facet normal -0.612295 -0.70711 0.35368
    outer loop
      vertex -2.06241 -8 4.42091
      vertex -2.74211 -7.2 4.84364
      vertex -2.08849 -8 4.37576
    endloop
  endfacet
  facet normal -0.5 -0.707107 0.5
    outer loop
      vertex -2.2973 -7.2 5.42331
      vertex -1.67612 -8 4.91312
      vertex -2.22331 -7.2 5.4973
    endloop
  endfacet
  facet normal -0.500064 -0.707111 0.499929
    outer loop
      vertex -1.67612 -8 4.91312
      vertex -2.2973 -7.2 5.42331
      vertex -1.71312 -8 4.87611
    endloop
  endfacet
  facet normal -0.531626 -0.707109 0.466231
    outer loop
      vertex -2.2973 -7.2 5.42331
      vertex -2.5042 -7.2 5.18739
      vertex -1.71312 -8 4.87611
    endloop
  endfacet
  facet normal 0.137959 -0.70711 0.693515
    outer loop
      vertex 0.776794 -7.2 6.30118
      vertex 0.469193 -7.2 6.36237
      vertex 0.59491 -8 5.52168
    endloop
  endfacet
  facet normal 0 0 0
    outer loop
      vertex 30.7 8 0.599994
      vertex 30.7 8 0
      vertex 30.7 8 0.599991
    endloop
  endfacet
  facet normal 0 1 0
    outer loop
      vertex 30.7 8 0
      vertex 2.39999 8 2.7
      vertex 28.6099 8 2.7
    endloop
  endfacet
  facet normal -0 1 0
    outer loop
      vertex 0 8 0.800003
      vertex 2.39999 8 2.7
      vertex 0 8 0
    endloop
  endfacet
  facet normal -0 1 0
    outer loop
      vertex 0.563095 8 2.46616
      vertex 2.39999 8 2.7
      vertex 0 8 0.800003
    endloop
  endfacet
  facet normal 0 1 0
    outer loop
      vertex 2.39999 8 2.7
      vertex 0.654068 8 2.54593
      vertex 0.733841 8 2.6369
    endloop
  endfacet
  facet normal 0 1 0
    outer loop
      vertex 2.39999 8 2.7
      vertex 0.563095 8 2.46616
      vertex 0.654068 8 2.54593
    endloop
  endfacet
  facet normal 0 1 0
    outer loop
      vertex 0.563095 8 2.46616
      vertex 0 8 0.800003
      vertex 0.462494 8 2.39893
    endloop
  endfacet
  facet normal 0 1 0
    outer loop
      vertex 0.462494 8 2.39893
      vertex 0 8 0.800003
      vertex 0.353973 8 2.34542
    endloop
  endfacet
  facet normal 0 1 0
    outer loop
      vertex 0.239395 8 2.30652
      vertex 0 8 0.800003
      vertex 0.120728 8 2.28292
    endloop
  endfacet
  facet normal 0 1 0
    outer loop
      vertex 0.120728 8 2.28292
      vertex 0 8 0.800003
      vertex 0 8 2.27501
    endloop
  endfacet
  facet normal 0 1 0
    outer loop
      vertex -2.37389 8 0.800003
      vertex 0 8 2.27501
      vertex 0 8 0.800003
    endloop
  endfacet
  facet normal 0 1 0
    outer loop
      vertex 0 8 2.27501
      vertex -2.37389 8 0.800003
      vertex -2.39999 8 0.826111
    endloop
  endfacet
  facet normal 0 1 -0
    outer loop
      vertex 30.7 8 0
      vertex 28.6099 8 2.7
      vertex 30.7 8 0.599991
    endloop
  endfacet
  facet normal 0 1 0
    outer loop
      vertex 2.39999 8 2.7
      vertex 30.7 8 0
      vertex 0 8 0
    endloop
  endfacet
  facet normal 0 1 0
    outer loop
      vertex 0.353973 8 2.34542
      vertex 0 8 0.800003
      vertex 0.239395 8 2.30652
    endloop
  endfacet
  facet normal 0 1 0
    outer loop
      vertex 0 8 4.50814
      vertex 0.0260773 8 5.59656
      vertex 0.286926 8 5.57945
    endloop
  endfacet
  facet normal 0 1 0
    outer loop
      vertex 0.0260773 8 5.59656
      vertex 0 8 4.50814
      vertex -0.0260773 8 5.59656
    endloop
  endfacet
  facet normal 0 1 0
    outer loop
      vertex 0 8 4.50814
      vertex 0.286926 8 5.57945
      vertex 0.338928 8 5.5726
    endloop
  endfacet
  facet normal 0 1 0
    outer loop
      vertex -0.0260773 8 5.59656
      vertex 0 8 4.50814
      vertex -0.286926 8 5.57945
    endloop
  endfacet
  facet normal 0 1 0
    outer loop
      vertex 0 8 4.50814
      vertex 0.338928 8 5.5726
      vertex 0.59491 8 5.52168
    endloop
  endfacet
  facet normal 0 1 0
    outer loop
      vertex -0.286926 8 5.57945
      vertex 0 8 4.50814
      vertex -0.338928 8 5.5726
    endloop
  endfacet
  facet normal 0 1 0
    outer loop
      vertex 0 8 4.50814
      vertex 0.59491 8 5.52168
      vertex 0.645569 8 5.50812
    endloop
  endfacet
  facet normal 0 1 0
    outer loop
      vertex -0.338928 8 5.5726
      vertex 0 8 4.50814
      vertex -0.59491 8 5.52168
    endloop
  endfacet
  facet normal 0 1 0
    outer loop
      vertex 0 8 4.50814
      vertex 0.645569 8 5.50812
      vertex 0.89296 8 5.42415
    endloop
  endfacet
  facet normal 0 1 0
    outer loop
      vertex -0.59491 8 5.52168
      vertex 0 8 4.50814
      vertex -0.645569 8 5.50812
    endloop
  endfacet
  facet normal 0 1 0
    outer loop
      vertex 0 8 4.50814
      vertex 0.89296 8 5.42415
      vertex 0.941193 8 5.40416
    endloop
  endfacet
  facet normal 0 1 0
    outer loop
      vertex -0.645569 8 5.50812
      vertex 0 8 4.50814
      vertex -0.89296 8 5.42415
    endloop
  endfacet
  facet normal 0 1 0
    outer loop
      vertex 0 8 4.50814
      vertex 0.941193 8 5.40416
      vertex 1.17577 8 5.28848
    endloop
  endfacet
  facet normal 0 1 0
    outer loop
      vertex -0.89296 8 5.42415
      vertex 0 8 4.50814
      vertex -0.941193 8 5.40416
    endloop
  endfacet
  facet normal 0 1 0
    outer loop
      vertex 0.654068 8 3.85407
      vertex 1.17577 8 5.28848
      vertex 1.22092 8 5.26241
    endloop
  endfacet
  facet normal 0 1 0
    outer loop
      vertex -0.941193 8 5.40416
      vertex 0 8 4.50814
      vertex -1.17577 8 5.28848
    endloop
  endfacet
  facet normal 0 1 0
    outer loop
      vertex 0.654068 8 3.85407
      vertex 1.22092 8 5.26241
      vertex 1.43813 8 5.11728
    endloop
  endfacet
  facet normal 0 1 -0
    outer loop
      vertex -0.654068 8 3.85407
      vertex -1.17577 8 5.28848
      vertex 0 8 4.50814
    endloop
  endfacet
  facet normal 0 1 0
    outer loop
      vertex 0.654068 8 3.85407
      vertex 1.43813 8 5.11728
      vertex 1.47964 8 5.08542
    endloop
  endfacet
  facet normal 0 1 0
    outer loop
      vertex -1.17577 8 5.28848
      vertex -0.654068 8 3.85407
      vertex -1.22092 8 5.26241
    endloop
  endfacet
  facet normal 0 1 0
    outer loop
      vertex 0.654068 8 3.85407
      vertex 1.47964 8 5.08542
      vertex 1.67612 8 4.91312
    endloop
  endfacet
  facet normal 0 1 0
    outer loop
      vertex -1.22092 8 5.26241
      vertex -0.654068 8 3.85407
      vertex -1.43813 8 5.11728
    endloop
  endfacet
  facet normal 0 1 0
    outer loop
      vertex 0.654068 8 3.85407
      vertex 1.67612 8 4.91312
      vertex 1.71312 8 4.87611
    endloop
  endfacet
  facet normal 0 1 0
    outer loop
      vertex -1.43813 8 5.11728
      vertex -0.654068 8 3.85407
      vertex -1.47964 8 5.08542
    endloop
  endfacet
  facet normal 0 1 0
    outer loop
      vertex 0.654068 8 3.85407
      vertex 1.71312 8 4.87611
      vertex 1.88542 8 4.67964
    endloop
  endfacet
  facet normal 0 1 0
    outer loop
      vertex -1.47964 8 5.08542
      vertex -0.654068 8 3.85407
      vertex -1.67612 8 4.91312
    endloop
  endfacet
  facet normal 0 1 0
    outer loop
      vertex 0.733841 8 3.76309
      vertex 1.88542 8 4.67964
      vertex 1.91728 8 4.63812
    endloop
  endfacet
  facet normal 0 1 0
    outer loop
      vertex -1.67612 8 4.91312
      vertex -0.654068 8 3.85407
      vertex -1.71312 8 4.87611
    endloop
  endfacet
  facet normal 0 1 0
    outer loop
      vertex -1.71312 8 4.87611
      vertex -0.654068 8 3.85407
      vertex -1.88542 8 4.67964
    endloop
  endfacet
  facet normal 0 1 0
    outer loop
      vertex 0.733841 8 3.76309
      vertex 1.91728 8 4.63812
      vertex 2.06241 8 4.42091
    endloop
  endfacet
  facet normal 0 1 0
    outer loop
      vertex 0.801071 8 3.66249
      vertex 2.06241 8 4.42091
      vertex 2.08849 8 4.37576
    endloop
  endfacet
  facet normal 0 1 0
    outer loop
      vertex 0.801071 8 3.66249
      vertex 2.08849 8 4.37576
      vertex 2.20416 8 4.14119
    endloop
  endfacet
  facet normal 0 1 0
    outer loop
      vertex 0.854584 8 3.55397
      vertex 2.20416 8 4.14119
      vertex 2.22415 8 4.09296
    endloop
  endfacet
  facet normal 0 1 0
    outer loop
      vertex 1.17577 8 5.28848
      vertex 0.654068 8 3.85407
      vertex 0 8 4.50814
    endloop
  endfacet
  facet normal 0 1 0
    outer loop
      vertex 0.854584 8 3.55397
      vertex 2.22415 8 4.09296
      vertex 2.30812 8 3.84557
    endloop
  endfacet
  facet normal 0 1 0
    outer loop
      vertex 0.893478 8 3.43939
      vertex 2.30812 8 3.84557
      vertex 2.32169 8 3.79491
    endloop
  endfacet
  facet normal 0 1 0
    outer loop
      vertex 1.88542 8 4.67964
      vertex 0.733841 8 3.76309
      vertex 0.654068 8 3.85407
    endloop
  endfacet
  facet normal 0 1 0
    outer loop
      vertex 2.06241 8 4.42091
      vertex 0.801071 8 3.66249
      vertex 0.733841 8 3.76309
    endloop
  endfacet
  facet normal 0 1 0
    outer loop
      vertex 2.20416 8 4.14119
      vertex 0.854584 8 3.55397
      vertex 0.801071 8 3.66249
    endloop
  endfacet
  facet normal 0 1 0
    outer loop
      vertex 0.893478 8 3.43939
      vertex 2.32169 8 3.79491
      vertex 2.37263 8 3.5388
    endloop
  endfacet
  facet normal 0 1 0
    outer loop
      vertex 0.917084 8 3.32073
      vertex 2.37263 8 3.5388
      vertex 2.37946 8 3.48695
    endloop
  endfacet
  facet normal 0 1 0
    outer loop
      vertex 2.30812 8 3.84557
      vertex 0.893478 8 3.43939
      vertex 0.854584 8 3.55397
    endloop
  endfacet
  facet normal 0 1 0
    outer loop
      vertex 2.37263 8 3.5388
      vertex 0.917084 8 3.32073
      vertex 0.893478 8 3.43939
    endloop
  endfacet
  facet normal 0 1 0
    outer loop
      vertex 2.37946 8 3.48695
      vertex 0.924988 8 3.2
      vertex 0.917084 8 3.32073
    endloop
  endfacet
  facet normal 0 1 0
    outer loop
      vertex 2.39914 8 3.18678
      vertex 0.924988 8 3.2
      vertex 2.37946 8 3.48695
    endloop
  endfacet
  facet normal 0 1 0
    outer loop
      vertex 2.39999 8 3.16084
      vertex 0.924988 8 3.2
      vertex 2.39914 8 3.18678
    endloop
  endfacet
  facet normal 0 1 0
    outer loop
      vertex 2.39999 8 3.16084
      vertex 0.917084 8 3.07927
      vertex 0.924988 8 3.2
    endloop
  endfacet
  facet normal 0 1 -0
    outer loop
      vertex 2.39999 8 2.7
      vertex 0.917084 8 3.07927
      vertex 2.39999 8 3.16084
    endloop
  endfacet
  facet normal 0 1 0
    outer loop
      vertex 0.917084 8 3.07927
      vertex 2.39999 8 2.7
      vertex 0.893478 8 2.9606
    endloop
  endfacet
  facet normal 0 1 0
    outer loop
      vertex 0.893478 8 2.9606
      vertex 2.39999 8 2.7
      vertex 0.854584 8 2.84603
    endloop
  endfacet
  facet normal 0 1 0
    outer loop
      vertex 0.854584 8 2.84603
      vertex 2.39999 8 2.7
      vertex 0.801071 8 2.73751
    endloop
  endfacet
  facet normal 0 1 0
    outer loop
      vertex 0.801071 8 2.73751
      vertex 2.39999 8 2.7
      vertex 0.733841 8 2.6369
    endloop
  endfacet
  facet normal 0 1 -0
    outer loop
      vertex -0.733841 8 3.76309
      vertex -1.88542 8 4.67964
      vertex -0.654068 8 3.85407
    endloop
  endfacet
  facet normal 0 1 0
    outer loop
      vertex -1.88542 8 4.67964
      vertex -0.733841 8 3.76309
      vertex -1.91728 8 4.63812
    endloop
  endfacet
  facet normal 0 1 0
    outer loop
      vertex -1.91728 8 4.63812
      vertex -0.733841 8 3.76309
      vertex -2.06241 8 4.42091
    endloop
  endfacet
  facet normal 0 1 -0
    outer loop
      vertex -0.801071 8 3.66249
      vertex -2.06241 8 4.42091
      vertex -0.733841 8 3.76309
    endloop
  endfacet
  facet normal 0 1 0
    outer loop
      vertex -2.06241 8 4.42091
      vertex -0.801071 8 3.66249
      vertex -2.08849 8 4.37576
    endloop
  endfacet
  facet normal 0 1 0
    outer loop
      vertex -2.08849 8 4.37576
      vertex -0.801071 8 3.66249
      vertex -2.20416 8 4.14119
    endloop
  endfacet
  facet normal 0 1 -0
    outer loop
      vertex -0.854584 8 3.55397
      vertex -2.20416 8 4.14119
      vertex -0.801071 8 3.66249
    endloop
  endfacet
  facet normal 0 1 0
    outer loop
      vertex -2.20416 8 4.14119
      vertex -0.854584 8 3.55397
      vertex -2.22415 8 4.09296
    endloop
  endfacet
  facet normal 0 1 0
    outer loop
      vertex -2.22415 8 4.09296
      vertex -0.854584 8 3.55397
      vertex -2.30812 8 3.84557
    endloop
  endfacet
  facet normal 0 1 -0
    outer loop
      vertex -0.893478 8 3.43939
      vertex -2.30812 8 3.84557
      vertex -0.854584 8 3.55397
    endloop
  endfacet
  facet normal 0 1 0
    outer loop
      vertex -2.30812 8 3.84557
      vertex -0.893478 8 3.43939
      vertex -2.32169 8 3.79491
    endloop
  endfacet
  facet normal 0 1 0
    outer loop
      vertex -2.32169 8 3.79491
      vertex -0.893478 8 3.43939
      vertex -2.37263 8 3.5388
    endloop
  endfacet
  facet normal 0 1 -0
    outer loop
      vertex -0.917084 8 3.32073
      vertex -2.37263 8 3.5388
      vertex -0.893478 8 3.43939
    endloop
  endfacet
  facet normal 0 1 0
    outer loop
      vertex -2.37263 8 3.5388
      vertex -0.917084 8 3.32073
      vertex -2.37946 8 3.48695
    endloop
  endfacet
  facet normal 0 1 -0
    outer loop
      vertex -0.924988 8 3.2
      vertex -2.37946 8 3.48695
      vertex -0.917084 8 3.32073
    endloop
  endfacet
  facet normal 0 1 0
    outer loop
      vertex -0.924988 8 3.2
      vertex -2.39914 8 3.18678
      vertex -2.37946 8 3.48695
    endloop
  endfacet
  facet normal 0 1 0
    outer loop
      vertex -0.924988 8 3.2
      vertex -2.39999 8 3.16084
      vertex -2.39914 8 3.18678
    endloop
  endfacet
  facet normal 0 1 0
    outer loop
      vertex -0.917084 8 3.07927
      vertex -2.39999 8 3.16084
      vertex -0.924988 8 3.2
    endloop
  endfacet
  facet normal 0 1 0
    outer loop
      vertex -0.893478 8 2.9606
      vertex -2.39999 8 3.16084
      vertex -0.917084 8 3.07927
    endloop
  endfacet
  facet normal 0 1 0
    outer loop
      vertex -0.854584 8 2.84603
      vertex -2.39999 8 3.16084
      vertex -0.893478 8 2.9606
    endloop
  endfacet
  facet normal 0 1 0
    outer loop
      vertex -0.801071 8 2.73751
      vertex -2.39999 8 3.16084
      vertex -0.854584 8 2.84603
    endloop
  endfacet
  facet normal 0 1 0
    outer loop
      vertex -2.39999 8 0.826111
      vertex -0.801071 8 2.73751
      vertex -0.733841 8 2.6369
    endloop
  endfacet
  facet normal 0 1 0
    outer loop
      vertex -2.39999 8 0.826111
      vertex -0.733841 8 2.6369
      vertex -0.654068 8 2.54593
    endloop
  endfacet
  facet normal 0 1 0
    outer loop
      vertex -2.39999 8 0.826111
      vertex -0.654068 8 2.54593
      vertex -0.563095 8 2.46616
    endloop
  endfacet
  facet normal 0 1 0
    outer loop
      vertex -2.39999 8 0.826111
      vertex -0.563095 8 2.46616
      vertex -0.462494 8 2.39893
    endloop
  endfacet
  facet normal 0 1 0
    outer loop
      vertex -2.39999 8 0.826111
      vertex -0.462494 8 2.39893
      vertex -0.353973 8 2.34542
    endloop
  endfacet
  facet normal 0 1 0
    outer loop
      vertex -0.801071 8 2.73751
      vertex -2.39999 8 0.826111
      vertex -2.39999 8 3.16084
    endloop
  endfacet
  facet normal 0 1 0
    outer loop
      vertex -0.239395 8 2.30652
      vertex -2.39999 8 0.826111
      vertex -0.353973 8 2.34542
    endloop
  endfacet
  facet normal 0 1 0
    outer loop
      vertex -0.120728 8 2.28292
      vertex -2.39999 8 0.826111
      vertex -0.239395 8 2.30652
    endloop
  endfacet
  facet normal 0 1 0
    outer loop
      vertex -2.39999 8 0.826111
      vertex -0.120728 8 2.28292
      vertex 0 8 2.27501
    endloop
  endfacet
  facet normal 0 1 0
    outer loop
      vertex -2.39999 8 0.826111
      vertex -2.37389 8 0.800003
      vertex -2.39839 8 0.801605
    endloop
  endfacet
  facet normal -0.63417 -0.707104 0.312782
    outer loop
      vertex -2.7944 -7.2 4.75307
      vertex -2.93323 -7.2 4.47159
      vertex -2.08849 -8 4.37576
    endloop
  endfacet
  facet normal -0.612378 -0.707103 0.353552
    outer loop
      vertex -2.74211 -7.2 4.84364
      vertex -2.7944 -7.2 4.75307
      vertex -2.08849 -8 4.37576
    endloop
  endfacet
  facet normal -1 0 0
    outer loop
      vertex 30.7 20 0
      vertex 30.7 8.01 0.599994
      vertex 30.7 20 2.7
    endloop
  endfacet
  facet normal -1 0 0
    outer loop
      vertex 30.7 8 0
      vertex 30.7 8.01 0.599994
      vertex 30.7 20 0
    endloop
  endfacet
  facet normal -1 -0 0
    outer loop
      vertex 30.7 8.01 0.599994
      vertex 30.7 8 0
      vertex 30.7 8 0.599994
    endloop
  endfacet
  facet normal -1 -0 0
    outer loop
      vertex 30.7 20 2.7
      vertex 30.7 8.01 0.599994
      vertex 30.7 8.01 2.7
    endloop
  endfacet
  facet normal -1 0 0
    outer loop
      vertex 30.7 -8 0
      vertex 30.7 -8.01 0.599994
      vertex 30.7 -8 0.599994
    endloop
  endfacet
  facet normal -1 0 0
    outer loop
      vertex 30.7 -20 0
      vertex 30.7 -8.01 0.599994
      vertex 30.7 -8 0
    endloop
  endfacet
  facet normal -1 0 0
    outer loop
      vertex 30.7 -20 2.7
      vertex 30.7 -8.01 0.599994
      vertex 30.7 -20 0
    endloop
  endfacet
  facet normal -1 0 0
    outer loop
      vertex 30.7 -8.01 0.599994
      vertex 30.7 -20 2.7
      vertex 30.7 -8.01 2.7
    endloop
  endfacet
  facet normal 0 0 1
    outer loop
      vertex 76.7 20 2.7
      vertex 82.7 14 2.7
      vertex 82.6487 14.7831 2.7
    endloop
  endfacet
  facet normal 0 0 1
    outer loop
      vertex 82.7 14 2.7
      vertex 59.775 0 2.7
      vertex 82.7 -14 2.7
    endloop
  endfacet
  facet normal 0 0 1
    outer loop
      vertex 76.7 20 2.7
      vertex 82.6487 14.7831 2.7
      vertex 82.4955 15.5529 2.7
    endloop
  endfacet
  facet normal -0 0 1
    outer loop
      vertex 59.7487 -0.401367 2.7
      vertex 82.7 -14 2.7
      vertex 59.775 0 2.7
    endloop
  endfacet
  facet normal 0 0 1
    outer loop
      vertex 76.7 20 2.7
      vertex 82.4955 15.5529 2.7
      vertex 82.2433 16.2961 2.7
    endloop
  endfacet
  facet normal -0 0 1
    outer loop
      vertex 59.6702 -0.795868 2.7
      vertex 82.7 -14 2.7
      vertex 59.7487 -0.401367 2.7
    endloop
  endfacet
  facet normal 0 0 1
    outer loop
      vertex 76.7 20 2.7
      vertex 82.2433 16.2961 2.7
      vertex 81.8961 17 2.7
    endloop
  endfacet
  facet normal -0 0 1
    outer loop
      vertex 59.5409 -1.17675 2.7
      vertex 82.7 -14 2.7
      vertex 59.6702 -0.795868 2.7
    endloop
  endfacet
  facet normal 0 0 1
    outer loop
      vertex 76.7 20 2.7
      vertex 81.8961 17 2.7
      vertex 81.4601 17.6526 2.7
    endloop
  endfacet
  facet normal -0 0 1
    outer loop
      vertex 59.363 -1.5375 2.7
      vertex 82.7 -14 2.7
      vertex 59.5409 -1.17675 2.7
    endloop
  endfacet
  facet normal 0 0 1
    outer loop
      vertex 76.7 20 2.7
      vertex 81.4601 17.6526 2.7
      vertex 80.9426 18.2426 2.7
    endloop
  endfacet
  facet normal 0 -0 1
    outer loop
      vertex 76.7 -20 2.7
      vertex 82.7 -14 2.7
      vertex 59.363 -1.5375 2.7
    endloop
  endfacet
  facet normal 0 0 1
    outer loop
      vertex 76.7 20 2.7
      vertex 80.9426 18.2426 2.7
      vertex 80.3526 18.7601 2.7
    endloop
  endfacet
  facet normal 0 0 1
    outer loop
      vertex 82.6487 -14.7831 2.7
      vertex 76.7 -20 2.7
      vertex 82.4955 -15.5529 2.7
    endloop
  endfacet
  facet normal 0 0 1
    outer loop
      vertex 76.7 20 2.7
      vertex 80.3526 18.7601 2.7
      vertex 79.7 19.1962 2.7
    endloop
  endfacet
  facet normal 0 0 1
    outer loop
      vertex 82.4955 -15.5529 2.7
      vertex 76.7 -20 2.7
      vertex 82.2433 -16.2961 2.7
    endloop
  endfacet
  facet normal 0 0 1
    outer loop
      vertex 76.7 20 2.7
      vertex 79.7 19.1962 2.7
      vertex 78.9961 19.5433 2.7
    endloop
  endfacet
  facet normal 0 0 1
    outer loop
      vertex 82.2433 -16.2961 2.7
      vertex 76.7 -20 2.7
      vertex 81.8961 -17 2.7
    endloop
  endfacet
  facet normal 0 0 1
    outer loop
      vertex 76.7 20 2.7
      vertex 78.9961 19.5433 2.7
      vertex 78.2529 19.7955 2.7
    endloop
  endfacet
  facet normal 0 0 1
    outer loop
      vertex 81.8961 -17 2.7
      vertex 76.7 -20 2.7
      vertex 81.4601 -17.6526 2.7
    endloop
  endfacet
  facet normal 0 0 1
    outer loop
      vertex 76.7 20 2.7
      vertex 78.2529 19.7955 2.7
      vertex 77.4832 19.9487 2.7
    endloop
  endfacet
  facet normal 0 0 1
    outer loop
      vertex 80.9426 -18.2426 2.7
      vertex 76.7 -20 2.7
      vertex 80.3526 -18.7601 2.7
    endloop
  endfacet
  facet normal 0 0 1
    outer loop
      vertex 82.7 14 2.7
      vertex 76.7 20 2.7
      vertex 59.363 1.5375 2.7
    endloop
  endfacet
  facet normal 0 0 1
    outer loop
      vertex 80.3526 -18.7601 2.7
      vertex 76.7 -20 2.7
      vertex 79.7 -19.1962 2.7
    endloop
  endfacet
  facet normal 0 0 1
    outer loop
      vertex 79.7 -19.1962 2.7
      vertex 76.7 -20 2.7
      vertex 78.9961 -19.5433 2.7
    endloop
  endfacet
  facet normal 0 0 1
    outer loop
      vertex 82.7 14 2.7
      vertex 59.7487 0.401367 2.7
      vertex 59.775 0 2.7
    endloop
  endfacet
  facet normal 0 0 1
    outer loop
      vertex 82.7 14 2.7
      vertex 59.6702 0.795868 2.7
      vertex 59.7487 0.401367 2.7
    endloop
  endfacet
  facet normal 0 0 1
    outer loop
      vertex 82.7 14 2.7
      vertex 59.5409 1.17675 2.7
      vertex 59.6702 0.795868 2.7
    endloop
  endfacet
  facet normal 0 0 1
    outer loop
      vertex 82.7 14 2.7
      vertex 59.363 1.5375 2.7
      vertex 59.5409 1.17675 2.7
    endloop
  endfacet
  facet normal 0 0 1
    outer loop
      vertex 76.7 20 2.7
      vertex 59.1396 1.87194 2.7
      vertex 59.363 1.5375 2.7
    endloop
  endfacet
  facet normal 0 0 1
    outer loop
      vertex 76.7 20 2.7
      vertex 58.8744 2.17435 2.7
      vertex 59.1396 1.87194 2.7
    endloop
  endfacet
  facet normal 0 0 1
    outer loop
      vertex 76.7 20 2.7
      vertex 58.5719 2.43956 2.7
      vertex 58.8744 2.17435 2.7
    endloop
  endfacet
  facet normal 0 0 1
    outer loop
      vertex 76.7 20 2.7
      vertex 58.2375 2.66303 2.7
      vertex 58.5719 2.43956 2.7
    endloop
  endfacet
  facet normal 0 0 1
    outer loop
      vertex 76.7 20 2.7
      vertex 57.8768 2.84093 2.7
      vertex 58.2375 2.66303 2.7
    endloop
  endfacet
  facet normal 0 0 1
    outer loop
      vertex 76.7 20 2.7
      vertex 57.4959 2.97022 2.7
      vertex 57.8768 2.84093 2.7
    endloop
  endfacet
  facet normal 0 0 1
    outer loop
      vertex 76.7 20 2.7
      vertex 57.1014 3.04869 2.7
      vertex 57.4959 2.97022 2.7
    endloop
  endfacet
  facet normal 0 0 1
    outer loop
      vertex 76.7 20 2.7
      vertex 56.7 3.075 2.7
      vertex 57.1014 3.04869 2.7
    endloop
  endfacet
  facet normal 0 0 1
    outer loop
      vertex 76.7 20 2.7
      vertex 56.2986 3.04869 2.7
      vertex 56.7 3.075 2.7
    endloop
  endfacet
  facet normal -0 0 1
    outer loop
      vertex 30.7 20 2.7
      vertex 56.2986 3.04869 2.7
      vertex 76.7 20 2.7
    endloop
  endfacet
  facet normal 0 0 1
    outer loop
      vertex 56.2986 3.04869 2.7
      vertex 30.7 20 2.7
      vertex 55.9041 2.97022 2.7
    endloop
  endfacet
  facet normal 0 0 1
    outer loop
      vertex 55.9041 2.97022 2.7
      vertex 30.7 20 2.7
      vertex 55.5232 2.84093 2.7
    endloop
  endfacet
  facet normal 0 0 1
    outer loop
      vertex 55.5232 2.84093 2.7
      vertex 30.7 20 2.7
      vertex 55.1625 2.66303 2.7
    endloop
  endfacet
  facet normal 0 0 1
    outer loop
      vertex 53.6513 0.401367 2.7
      vertex 32.79 8.01 2.7
      vertex 53.625 0 2.7
    endloop
  endfacet
  facet normal 0 0 1
    outer loop
      vertex 53.7298 0.795868 2.7
      vertex 32.79 8.01 2.7
      vertex 53.6513 0.401367 2.7
    endloop
  endfacet
  facet normal 0 0 1
    outer loop
      vertex 53.8591 1.17675 2.7
      vertex 32.79 8.01 2.7
      vertex 53.7298 0.795868 2.7
    endloop
  endfacet
  facet normal 0 0 1
    outer loop
      vertex 54.037 1.5375 2.7
      vertex 32.79 8.01 2.7
      vertex 53.8591 1.17675 2.7
    endloop
  endfacet
  facet normal 0 0 1
    outer loop
      vertex 54.2604 1.87194 2.7
      vertex 32.79 8.01 2.7
      vertex 54.037 1.5375 2.7
    endloop
  endfacet
  facet normal 0 0 1
    outer loop
      vertex 54.5256 2.17435 2.7
      vertex 32.79 8.01 2.7
      vertex 54.2604 1.87194 2.7
    endloop
  endfacet
  facet normal 0 0 1
    outer loop
      vertex 54.8281 2.43956 2.7
      vertex 32.79 8.01 2.7
      vertex 54.5256 2.17435 2.7
    endloop
  endfacet
  facet normal -0 -0 1
    outer loop
      vertex 32.79 8.01 2.7
      vertex 55.1625 2.66303 2.7
      vertex 30.7 20 2.7
    endloop
  endfacet
  facet normal 0 0 1
    outer loop
      vertex 55.1625 2.66303 2.7
      vertex 32.79 8.01 2.7
      vertex 54.8281 2.43956 2.7
    endloop
  endfacet
  facet normal 0 0 1
    outer loop
      vertex 32.79 8.01 2.7
      vertex 30.7 20 2.7
      vertex 30.7 8.01 2.7
    endloop
  endfacet
  facet normal 0 0 1
    outer loop
      vertex 78.2529 -19.7955 2.7
      vertex 76.7 -20 2.7
      vertex 77.4832 -19.9487 2.7
    endloop
  endfacet
  facet normal 0 0 1
    outer loop
      vertex 78.9961 -19.5433 2.7
      vertex 76.7 -20 2.7
      vertex 78.2529 -19.7955 2.7
    endloop
  endfacet
  facet normal 0 0 1
    outer loop
      vertex 81.4601 -17.6526 2.7
      vertex 76.7 -20 2.7
      vertex 80.9426 -18.2426 2.7
    endloop
  endfacet
  facet normal 0 0 1
    outer loop
      vertex 82.7 -14 2.7
      vertex 76.7 -20 2.7
      vertex 82.6487 -14.7831 2.7
    endloop
  endfacet
  facet normal -0 0 1
    outer loop
      vertex 59.1396 -1.87194 2.7
      vertex 76.7 -20 2.7
      vertex 59.363 -1.5375 2.7
    endloop
  endfacet
  facet normal -0 0 1
    outer loop
      vertex 58.8744 -2.17435 2.7
      vertex 76.7 -20 2.7
      vertex 59.1396 -1.87194 2.7
    endloop
  endfacet
  facet normal -0 0 1
    outer loop
      vertex 58.5719 -2.43956 2.7
      vertex 76.7 -20 2.7
      vertex 58.8744 -2.17435 2.7
    endloop
  endfacet
  facet normal -0 0 1
    outer loop
      vertex 58.2375 -2.66303 2.7
      vertex 76.7 -20 2.7
      vertex 58.5719 -2.43956 2.7
    endloop
  endfacet
  facet normal -0 0 1
    outer loop
      vertex 57.8768 -2.84093 2.7
      vertex 76.7 -20 2.7
      vertex 58.2375 -2.66303 2.7
    endloop
  endfacet
  facet normal -0 0 1
    outer loop
      vertex 57.4959 -2.97022 2.7
      vertex 76.7 -20 2.7
      vertex 57.8768 -2.84093 2.7
    endloop
  endfacet
  facet normal -0 0 1
    outer loop
      vertex 57.1014 -3.04869 2.7
      vertex 76.7 -20 2.7
      vertex 57.4959 -2.97022 2.7
    endloop
  endfacet
  facet normal -0 0 1
    outer loop
      vertex 56.7 -3.075 2.7
      vertex 76.7 -20 2.7
      vertex 57.1014 -3.04869 2.7
    endloop
  endfacet
  facet normal 0 0 1
    outer loop
      vertex 56.2986 -3.04869 2.7
      vertex 76.7 -20 2.7
      vertex 56.7 -3.075 2.7
    endloop
  endfacet
  facet normal 0 0 1
    outer loop
      vertex 30.7 -20 2.7
      vertex 56.2986 -3.04869 2.7
      vertex 55.9041 -2.97022 2.7
    endloop
  endfacet
  facet normal 0 0 1
    outer loop
      vertex 30.7 -20 2.7
      vertex 55.9041 -2.97022 2.7
      vertex 55.5232 -2.84093 2.7
    endloop
  endfacet
  facet normal 0 0 1
    outer loop
      vertex 30.7 -20 2.7
      vertex 55.5232 -2.84093 2.7
      vertex 55.1625 -2.66303 2.7
    endloop
  endfacet
  facet normal 0 0 1
    outer loop
      vertex 32.79 -8.01 2.7
      vertex 55.1625 -2.66303 2.7
      vertex 54.8281 -2.43956 2.7
    endloop
  endfacet
  facet normal 0 0 1
    outer loop
      vertex 32.79 -8.01 2.7
      vertex 53.625 0 2.7
      vertex 32.79 8.01 2.7
    endloop
  endfacet
  facet normal 0 0 1
    outer loop
      vertex 53.625 0 2.7
      vertex 32.79 -8.01 2.7
      vertex 53.6513 -0.401367 2.7
    endloop
  endfacet
  facet normal 0 0 1
    outer loop
      vertex 53.6513 -0.401367 2.7
      vertex 32.79 -8.01 2.7
      vertex 53.7298 -0.795868 2.7
    endloop
  endfacet
  facet normal 0 0 1
    outer loop
      vertex 53.7298 -0.795868 2.7
      vertex 32.79 -8.01 2.7
      vertex 53.8591 -1.17675 2.7
    endloop
  endfacet
  facet normal 0 0 1
    outer loop
      vertex 53.8591 -1.17675 2.7
      vertex 32.79 -8.01 2.7
      vertex 54.037 -1.5375 2.7
    endloop
  endfacet
  facet normal 0 0 1
    outer loop
      vertex 54.037 -1.5375 2.7
      vertex 32.79 -8.01 2.7
      vertex 54.2604 -1.87194 2.7
    endloop
  endfacet
  facet normal 0 0 1
    outer loop
      vertex 54.2604 -1.87194 2.7
      vertex 32.79 -8.01 2.7
      vertex 54.5256 -2.17435 2.7
    endloop
  endfacet
  facet normal 0 0 1
    outer loop
      vertex 54.5256 -2.17435 2.7
      vertex 32.79 -8.01 2.7
      vertex 54.8281 -2.43956 2.7
    endloop
  endfacet
  facet normal 0 0 1
    outer loop
      vertex 55.1625 -2.66303 2.7
      vertex 32.79 -8.01 2.7
      vertex 30.7 -20 2.7
    endloop
  endfacet
  facet normal 0 0 1
    outer loop
      vertex 30.7 -20 2.7
      vertex 32.79 -8.01 2.7
      vertex 30.7 -8.01 2.7
    endloop
  endfacet
  facet normal 0 0 1
    outer loop
      vertex 56.2986 -3.04869 2.7
      vertex 30.7 -20 2.7
      vertex 76.7 -20 2.7
    endloop
  endfacet
  facet normal 0 0 1
    outer loop
      vertex 28.6099 8 2.7
      vertex 3.2 7.2 2.7
      vertex 28.6099 -8 2.7
    endloop
  endfacet
  facet normal 0 -0 1
    outer loop
      vertex 3.2 7.2 2.7
      vertex 28.6099 8 2.7
      vertex 2.39999 8 2.7
    endloop
  endfacet
  facet normal -0 0 1
    outer loop
      vertex 3.2 -7.2 2.7
      vertex 28.6099 -8 2.7
      vertex 3.2 7.2 2.7
    endloop
  endfacet
  facet normal 0 0 1
    outer loop
      vertex 28.6099 -8 2.7
      vertex 3.2 -7.2 2.7
      vertex 2.39999 -8 2.7
    endloop
  endfacet
  facet normal -1 0 0
    outer loop
      vertex 0 -7.2 0
      vertex 0 -8 0
      vertex 0 -8 0.800003
    endloop
  endfacet
  facet normal -1 0 0
    outer loop
      vertex 0 8 0
      vertex 0 7.2 0
      vertex 0 8 0.800003
    endloop
  endfacet
  facet normal 0.321345 0.946962 -0
    outer loop
      vertex 78.9961 19.5433 0
      vertex 78.2529 19.7955 2.7
      vertex 78.9961 19.5433 2.7
    endloop
  endfacet
  facet normal 0.321345 0.946962 0
    outer loop
      vertex 78.2529 19.7955 2.7
      vertex 78.9961 19.5433 0
      vertex 78.2529 19.7955 0
    endloop
  endfacet
  facet normal 1 -0 0
    outer loop
      vertex 82.7 -14 2.7
      vertex 82.7 14 0
      vertex 82.7 14 2.7
    endloop
  endfacet
  facet normal 1 0 0
    outer loop
      vertex 82.7 14 0
      vertex 82.7 -14 2.7
      vertex 82.7 -14 0
    endloop
  endfacet
  facet normal 0.896835 0.442365 0
    outer loop
      vertex 82.2433 16.2961 2.7
      vertex 81.8961 17 0
      vertex 81.8961 17 2.7
    endloop
  endfacet
  facet normal 0.896835 0.442365 0
    outer loop
      vertex 81.8961 17 0
      vertex 82.2433 16.2961 2.7
      vertex 82.2433 16.2961 0
    endloop
  endfacet
  facet normal 0.997861 -0.0653688 0
    outer loop
      vertex 82.6487 -14.7831 2.7
      vertex 82.7 -14 0
      vertex 82.7 -14 2.7
    endloop
  endfacet
  facet normal 0.997861 -0.0653688 0
    outer loop
      vertex 82.7 -14 0
      vertex 82.6487 -14.7831 2.7
      vertex 82.6487 -14.7831 0
    endloop
  endfacet
  facet normal 0.831501 -0.555523 0
    outer loop
      vertex 81.4601 -17.6526 2.7
      vertex 81.8961 -17 0
      vertex 81.8961 -17 2.7
    endloop
  endfacet
  facet normal 0.831501 -0.555523 0
    outer loop
      vertex 81.8961 -17 0
      vertex 81.4601 -17.6526 2.7
      vertex 81.4601 -17.6526 0
    endloop
  endfacet
  facet normal 0.831501 0.555523 0
    outer loop
      vertex 81.8961 17 2.7
      vertex 81.4601 17.6526 0
      vertex 81.4601 17.6526 2.7
    endloop
  endfacet
  facet normal 0.831501 0.555523 0
    outer loop
      vertex 81.4601 17.6526 0
      vertex 81.8961 17 2.7
      vertex 81.8961 17 0
    endloop
  endfacet
  facet normal 0 1 -0
    outer loop
      vertex 76.7 20 0
      vertex 30.7 20 2.7
      vertex 76.7 20 2.7
    endloop
  endfacet
  facet normal 0 1 0
    outer loop
      vertex 30.7 20 2.7
      vertex 76.7 20 0
      vertex 30.7 20 0
    endloop
  endfacet
  facet normal 0 -1 0
    outer loop
      vertex 30.7 -20 0
      vertex 76.7 -20 2.7
      vertex 30.7 -20 2.7
    endloop
  endfacet
  facet normal 0 -1 -0
    outer loop
      vertex 76.7 -20 2.7
      vertex 30.7 -20 0
      vertex 76.7 -20 0
    endloop
  endfacet
  facet normal 0.659406 -0.751787 0
    outer loop
      vertex 80.3526 -18.7601 0
      vertex 80.9426 -18.2426 2.7
      vertex 80.3526 -18.7601 2.7
    endloop
  endfacet
  facet normal 0.659406 -0.751787 0
    outer loop
      vertex 80.9426 -18.2426 2.7
      vertex 80.3526 -18.7601 0
      vertex 80.9426 -18.2426 0
    endloop
  endfacet
  facet normal 0.555611 0.831442 -0
    outer loop
      vertex 80.3526 18.7601 0
      vertex 79.7 19.1962 2.7
      vertex 80.3526 18.7601 2.7
    endloop
  endfacet
  facet normal 0.555611 0.831442 0
    outer loop
      vertex 79.7 19.1962 2.7
      vertex 80.3526 18.7601 0
      vertex 79.7 19.1962 0
    endloop
  endfacet
  facet normal 0.751787 0.659406 0
    outer loop
      vertex 81.4601 17.6526 2.7
      vertex 80.9426 18.2426 0
      vertex 80.9426 18.2426 2.7
    endloop
  endfacet
  facet normal 0.751787 0.659406 0
    outer loop
      vertex 80.9426 18.2426 0
      vertex 81.4601 17.6526 2.7
      vertex 81.4601 17.6526 0
    endloop
  endfacet
  facet normal 0.442263 0.896885 -0
    outer loop
      vertex 79.7 19.1962 0
      vertex 78.9961 19.5433 2.7
      vertex 79.7 19.1962 2.7
    endloop
  endfacet
  facet normal 0.442263 0.896885 0
    outer loop
      vertex 78.9961 19.5433 2.7
      vertex 79.7 19.1962 0
      vertex 78.9961 19.5433 0
    endloop
  endfacet
  facet normal 0.980766 -0.195185 0
    outer loop
      vertex 82.4955 -15.5529 2.7
      vertex 82.6487 -14.7831 0
      vertex 82.6487 -14.7831 2.7
    endloop
  endfacet
  facet normal 0.980766 -0.195185 0
    outer loop
      vertex 82.6487 -14.7831 0
      vertex 82.4955 -15.5529 2.7
      vertex 82.4955 -15.5529 0
    endloop
  endfacet
  facet normal 0.751787 -0.659406 0
    outer loop
      vertex 80.9426 -18.2426 2.7
      vertex 81.4601 -17.6526 0
      vertex 81.4601 -17.6526 2.7
    endloop
  endfacet
  facet normal 0.751787 -0.659406 0
    outer loop
      vertex 81.4601 -17.6526 0
      vertex 80.9426 -18.2426 2.7
      vertex 80.9426 -18.2426 0
    endloop
  endfacet
  facet normal 0.321345 -0.946962 0
    outer loop
      vertex 78.2529 -19.7955 0
      vertex 78.9961 -19.5433 2.7
      vertex 78.2529 -19.7955 2.7
    endloop
  endfacet
  facet normal 0.321345 -0.946962 0
    outer loop
      vertex 78.9961 -19.5433 2.7
      vertex 78.2529 -19.7955 0
      vertex 78.9961 -19.5433 0
    endloop
  endfacet
  facet normal 0.195209 0.980762 -0
    outer loop
      vertex 78.2529 19.7955 0
      vertex 77.4832 19.9487 2.7
      vertex 78.2529 19.7955 2.7
    endloop
  endfacet
  facet normal 0.195209 0.980762 0
    outer loop
      vertex 77.4832 19.9487 2.7
      vertex 78.2529 19.7955 0
      vertex 77.4832 19.9487 0
    endloop
  endfacet
  facet normal 0.997861 0.0653688 0
    outer loop
      vertex 82.7 14 2.7
      vertex 82.6487 14.7831 0
      vertex 82.6487 14.7831 2.7
    endloop
  endfacet
  facet normal 0.997861 0.0653688 0
    outer loop
      vertex 82.6487 14.7831 0
      vertex 82.7 14 2.7
      vertex 82.7 14 0
    endloop
  endfacet
  facet normal 0.442263 -0.896885 0
    outer loop
      vertex 78.9961 -19.5433 0
      vertex 79.7 -19.1962 2.7
      vertex 78.9961 -19.5433 2.7
    endloop
  endfacet
  facet normal 0.442263 -0.896885 0
    outer loop
      vertex 79.7 -19.1962 2.7
      vertex 78.9961 -19.5433 0
      vertex 79.7 -19.1962 0
    endloop
  endfacet
  facet normal 0.195209 -0.980762 0
    outer loop
      vertex 77.4832 -19.9487 0
      vertex 78.2529 -19.7955 2.7
      vertex 77.4832 -19.9487 2.7
    endloop
  endfacet
  facet normal 0.195209 -0.980762 0
    outer loop
      vertex 78.2529 -19.7955 2.7
      vertex 77.4832 -19.9487 0
      vertex 78.2529 -19.7955 0
    endloop
  endfacet
  facet normal 0.896835 -0.442365 0
    outer loop
      vertex 81.8961 -17 2.7
      vertex 82.2433 -16.2961 0
      vertex 82.2433 -16.2961 2.7
    endloop
  endfacet
  facet normal 0.896835 -0.442365 0
    outer loop
      vertex 82.2433 -16.2961 0
      vertex 81.8961 -17 2.7
      vertex 81.8961 -17 0
    endloop
  endfacet
  facet normal 0.659406 0.751787 -0
    outer loop
      vertex 80.9426 18.2426 0
      vertex 80.3526 18.7601 2.7
      vertex 80.9426 18.2426 2.7
    endloop
  endfacet
  facet normal 0.659406 0.751787 0
    outer loop
      vertex 80.3526 18.7601 2.7
      vertex 80.9426 18.2426 0
      vertex 80.3526 18.7601 0
    endloop
  endfacet
  facet normal 0.0653605 -0.997862 0
    outer loop
      vertex 76.7 -20 0
      vertex 77.4832 -19.9487 2.7
      vertex 76.7 -20 2.7
    endloop
  endfacet
  facet normal 0.0653605 -0.997862 0
    outer loop
      vertex 77.4832 -19.9487 2.7
      vertex 76.7 -20 0
      vertex 77.4832 -19.9487 0
    endloop
  endfacet
  facet normal 0.0653605 0.997862 -0
    outer loop
      vertex 77.4832 19.9487 0
      vertex 76.7 20 2.7
      vertex 77.4832 19.9487 2.7
    endloop
  endfacet
  facet normal 0.0653605 0.997862 0
    outer loop
      vertex 76.7 20 2.7
      vertex 77.4832 19.9487 0
      vertex 76.7 20 0
    endloop
  endfacet
  facet normal 0.555611 -0.831442 0
    outer loop
      vertex 79.7 -19.1962 0
      vertex 80.3526 -18.7601 2.7
      vertex 79.7 -19.1962 2.7
    endloop
  endfacet
  facet normal 0.555611 -0.831442 0
    outer loop
      vertex 80.3526 -18.7601 2.7
      vertex 79.7 -19.1962 0
      vertex 80.3526 -18.7601 0
    endloop
  endfacet
  facet normal 0.946962 0.321345 0
    outer loop
      vertex 82.4955 15.5529 2.7
      vertex 82.2433 16.2961 0
      vertex 82.2433 16.2961 2.7
    endloop
  endfacet
  facet normal 0.946962 0.321345 0
    outer loop
      vertex 82.2433 16.2961 0
      vertex 82.4955 15.5529 2.7
      vertex 82.4955 15.5529 0
    endloop
  endfacet
  facet normal 0.980766 0.195185 0
    outer loop
      vertex 82.6487 14.7831 2.7
      vertex 82.4955 15.5529 0
      vertex 82.4955 15.5529 2.7
    endloop
  endfacet
  facet normal 0.980766 0.195185 0
    outer loop
      vertex 82.4955 15.5529 0
      vertex 82.6487 14.7831 2.7
      vertex 82.6487 14.7831 0
    endloop
  endfacet
  facet normal 0.946962 -0.321345 0
    outer loop
      vertex 82.2433 -16.2961 2.7
      vertex 82.4955 -15.5529 0
      vertex 82.4955 -15.5529 2.7
    endloop
  endfacet
  facet normal 0.946962 -0.321345 0
    outer loop
      vertex 82.4955 -15.5529 0
      vertex 82.2433 -16.2961 2.7
      vertex 82.2433 -16.2961 0
    endloop
  endfacet
  facet normal -0.980785 -0.19509 0
    outer loop
      vertex 67.2093 1.38358 0
      vertex 66.9388 2.74348 0.999999
      vertex 66.9388 2.74348 0
    endloop
  endfacet
  facet normal -0.980785 -0.19509 0
    outer loop
      vertex 66.9388 2.74348 0.999999
      vertex 67.2093 1.38358 0
      vertex 67.2093 1.38358 0.999999
    endloop
  endfacet
  facet normal -0.997858 -0.0654142 0
    outer loop
      vertex 67.3 0 0
      vertex 67.2093 1.38358 0.999999
      vertex 67.2093 1.38358 0
    endloop
  endfacet
  facet normal -0.997858 -0.0654142 0
    outer loop
      vertex 67.2093 1.38358 0.999999
      vertex 67.3 0 0
      vertex 67.3 0 0.999999
    endloop
  endfacet
  facet normal -0.0654132 -0.997858 0
    outer loop
      vertex 56.7 10.6 0
      vertex 58.0836 10.5093 0.999999
      vertex 56.7 10.6 0.999999
    endloop
  endfacet
  facet normal -0.0654132 -0.997858 -0
    outer loop
      vertex 58.0836 10.5093 0.999999
      vertex 56.7 10.6 0
      vertex 58.0836 10.5093 0
    endloop
  endfacet
  facet normal -0.659366 -0.751822 0
    outer loop
      vertex 63.1529 8.40954 0
      vertex 64.1953 7.49533 0.999999
      vertex 63.1529 8.40954 0.999999
    endloop
  endfacet
  facet normal -0.659366 -0.751822 -0
    outer loop
      vertex 64.1953 7.49533 0.999999
      vertex 63.1529 8.40954 0
      vertex 64.1953 7.49533 0
    endloop
  endfacet
  facet normal -0.442274 0.89688 0
    outer loop
      vertex 62 -9.17987 0
      vertex 60.7564 -9.79312 0.999999
      vertex 62 -9.17987 0.999999
    endloop
  endfacet
  facet normal -0.442274 0.89688 0
    outer loop
      vertex 60.7564 -9.79312 0.999999
      vertex 62 -9.17987 0
      vertex 60.7564 -9.79312 0
    endloop
  endfacet
  facet normal 0.321446 0.946928 -0
    outer loop
      vertex 53.9565 -10.2388 0
      vertex 52.6436 -9.79312 0.999999
      vertex 53.9565 -10.2388 0.999999
    endloop
  endfacet
  facet normal 0.321446 0.946928 0
    outer loop
      vertex 52.6436 -9.79312 0.999999
      vertex 53.9565 -10.2388 0
      vertex 52.6436 -9.79312 0
    endloop
  endfacet
  facet normal -0.19509 0.980785 0
    outer loop
      vertex 59.4435 -10.2388 0
      vertex 58.0836 -10.5093 0.999999
      vertex 59.4435 -10.2388 0.999999
    endloop
  endfacet
  facet normal -0.19509 0.980785 0
    outer loop
      vertex 58.0836 -10.5093 0.999999
      vertex 59.4435 -10.2388 0
      vertex 58.0836 -10.5093 0
    endloop
  endfacet
  facet normal -0.997858 0.0654142 0
    outer loop
      vertex 67.2093 -1.38358 0
      vertex 67.3 0 0.999999
      vertex 67.3 0 0
    endloop
  endfacet
  facet normal -0.997858 0.0654142 0
    outer loop
      vertex 67.3 0 0.999999
      vertex 67.2093 -1.38358 0
      vertex 67.2093 -1.38358 0.999999
    endloop
  endfacet
  facet normal 0.997858 -0.0654142 0
    outer loop
      vertex 46.1 0 0.999999
      vertex 46.1907 1.38358 0
      vertex 46.1907 1.38358 0.999999
    endloop
  endfacet
  facet normal 0.997858 -0.0654142 0
    outer loop
      vertex 46.1907 1.38358 0
      vertex 46.1 0 0.999999
      vertex 46.1 0 0
    endloop
  endfacet
  facet normal -0.831444 -0.555609 0
    outer loop
      vertex 65.8799 5.3 0
      vertex 65.1095 6.45287 0.999999
      vertex 65.1095 6.45287 0
    endloop
  endfacet
  facet normal -0.831444 -0.555609 0
    outer loop
      vertex 65.1095 6.45287 0.999999
      vertex 65.8799 5.3 0
      vertex 65.8799 5.3 0.999999
    endloop
  endfacet
  facet normal -0.896889 -0.442256 0
    outer loop
      vertex 66.4931 4.05644 0
      vertex 65.8799 5.3 0.999999
      vertex 65.8799 5.3 0
    endloop
  endfacet
  facet normal -0.896889 -0.442256 0
    outer loop
      vertex 65.8799 5.3 0.999999
      vertex 66.4931 4.05644 0
      vertex 66.4931 4.05644 0.999999
    endloop
  endfacet
  facet normal -0.980785 0.19509 0
    outer loop
      vertex 66.9388 -2.74348 0
      vertex 67.2093 -1.38358 0.999999
      vertex 67.2093 -1.38358 0
    endloop
  endfacet
  facet normal -0.980785 0.19509 0
    outer loop
      vertex 67.2093 -1.38358 0.999999
      vertex 66.9388 -2.74348 0
      vertex 66.9388 -2.74348 0.999999
    endloop
  endfacet
  facet normal 0.555564 -0.831474 0
    outer loop
      vertex 50.2471 8.40954 0
      vertex 51.4 9.17987 0.999999
      vertex 50.2471 8.40954 0.999999
    endloop
  endfacet
  facet normal 0.555564 -0.831474 0
    outer loop
      vertex 51.4 9.17987 0.999999
      vertex 50.2471 8.40954 0
      vertex 51.4 9.17987 0
    endloop
  endfacet
  facet normal -0.946928 -0.321446 0
    outer loop
      vertex 66.9388 2.74348 0
      vertex 66.4931 4.05644 0.999999
      vertex 66.4931 4.05644 0
    endloop
  endfacet
  facet normal -0.946928 -0.321446 0
    outer loop
      vertex 66.4931 4.05644 0.999999
      vertex 66.9388 2.74348 0
      vertex 66.9388 2.74348 0.999999
    endloop
  endfacet
  facet normal -0.555564 0.831474 0
    outer loop
      vertex 63.1529 -8.40954 0
      vertex 62 -9.17987 0.999999
      vertex 63.1529 -8.40954 0.999999
    endloop
  endfacet
  facet normal -0.555564 0.831474 0
    outer loop
      vertex 62 -9.17987 0.999999
      vertex 63.1529 -8.40954 0
      vertex 62 -9.17987 0
    endloop
  endfacet
  facet normal 0.896889 0.442256 0
    outer loop
      vertex 47.5201 -5.3 0.999999
      vertex 46.9069 -4.05644 0
      vertex 46.9069 -4.05644 0.999999
    endloop
  endfacet
  facet normal 0.896889 0.442256 0
    outer loop
      vertex 46.9069 -4.05644 0
      vertex 47.5201 -5.3 0.999999
      vertex 47.5201 -5.3 0
    endloop
  endfacet
  facet normal 0.946928 0.321446 0
    outer loop
      vertex 46.9069 -4.05644 0.999999
      vertex 46.4612 -2.74348 0
      vertex 46.4612 -2.74348 0.999999
    endloop
  endfacet
  facet normal 0.946928 0.321446 0
    outer loop
      vertex 46.4612 -2.74348 0
      vertex 46.9069 -4.05644 0.999999
      vertex 46.9069 -4.05644 0
    endloop
  endfacet
  facet normal 0.442274 -0.89688 0
    outer loop
      vertex 51.4 9.17987 0
      vertex 52.6436 9.79312 0.999999
      vertex 51.4 9.17987 0.999999
    endloop
  endfacet
  facet normal 0.442274 -0.89688 0
    outer loop
      vertex 52.6436 9.79312 0.999999
      vertex 51.4 9.17987 0
      vertex 52.6436 9.79312 0
    endloop
  endfacet
  facet normal -0.751844 0.659341 0
    outer loop
      vertex 64.1953 -7.49533 0
      vertex 65.1095 -6.45287 0.999999
      vertex 65.1095 -6.45287 0
    endloop
  endfacet
  facet normal -0.751844 0.659341 0
    outer loop
      vertex 65.1095 -6.45287 0.999999
      vertex 64.1953 -7.49533 0
      vertex 64.1953 -7.49533 0.999999
    endloop
  endfacet
  facet normal 0.751844 0.659341 0
    outer loop
      vertex 49.2047 -7.49533 0.999999
      vertex 48.2905 -6.45287 0
      vertex 48.2905 -6.45287 0.999999
    endloop
  endfacet
  facet normal 0.751844 0.659341 0
    outer loop
      vertex 48.2905 -6.45287 0
      vertex 49.2047 -7.49533 0.999999
      vertex 49.2047 -7.49533 0
    endloop
  endfacet
  facet normal 0.980785 -0.19509 0
    outer loop
      vertex 46.1907 1.38358 0.999999
      vertex 46.4612 2.74348 0
      vertex 46.4612 2.74348 0.999999
    endloop
  endfacet
  facet normal 0.980785 -0.19509 0
    outer loop
      vertex 46.4612 2.74348 0
      vertex 46.1907 1.38358 0.999999
      vertex 46.1907 1.38358 0
    endloop
  endfacet
  facet normal -0.321446 0.946928 0
    outer loop
      vertex 60.7564 -9.79312 0
      vertex 59.4435 -10.2388 0.999999
      vertex 60.7564 -9.79312 0.999999
    endloop
  endfacet
  facet normal -0.321446 0.946928 0
    outer loop
      vertex 59.4435 -10.2388 0.999999
      vertex 60.7564 -9.79312 0
      vertex 59.4435 -10.2388 0
    endloop
  endfacet
  facet normal 0.831444 0.555609 0
    outer loop
      vertex 48.2905 -6.45287 0.999999
      vertex 47.5201 -5.3 0
      vertex 47.5201 -5.3 0.999999
    endloop
  endfacet
  facet normal 0.831444 0.555609 0
    outer loop
      vertex 47.5201 -5.3 0
      vertex 48.2905 -6.45287 0.999999
      vertex 48.2905 -6.45287 0
    endloop
  endfacet
  facet normal -0.659366 0.751822 0
    outer loop
      vertex 64.1953 -7.49533 0
      vertex 63.1529 -8.40954 0.999999
      vertex 64.1953 -7.49533 0.999999
    endloop
  endfacet
  facet normal -0.659366 0.751822 0
    outer loop
      vertex 63.1529 -8.40954 0.999999
      vertex 64.1953 -7.49533 0
      vertex 63.1529 -8.40954 0
    endloop
  endfacet
  facet normal -0.0654132 0.997858 0
    outer loop
      vertex 58.0836 -10.5093 0
      vertex 56.7 -10.6 0.999999
      vertex 58.0836 -10.5093 0.999999
    endloop
  endfacet
  facet normal -0.0654132 0.997858 0
    outer loop
      vertex 56.7 -10.6 0.999999
      vertex 58.0836 -10.5093 0
      vertex 56.7 -10.6 0
    endloop
  endfacet
  facet normal -0.555564 -0.831474 0
    outer loop
      vertex 62 9.17987 0
      vertex 63.1529 8.40954 0.999999
      vertex 62 9.17987 0.999999
    endloop
  endfacet
  facet normal -0.555564 -0.831474 -0
    outer loop
      vertex 63.1529 8.40954 0.999999
      vertex 62 9.17987 0
      vertex 63.1529 8.40954 0
    endloop
  endfacet
  facet normal 0.321446 -0.946928 0
    outer loop
      vertex 52.6436 9.79312 0
      vertex 53.9565 10.2388 0.999999
      vertex 52.6436 9.79312 0.999999
    endloop
  endfacet
  facet normal 0.321446 -0.946928 0
    outer loop
      vertex 53.9565 10.2388 0.999999
      vertex 52.6436 9.79312 0
      vertex 53.9565 10.2388 0
    endloop
  endfacet
  facet normal 0.751844 -0.659341 0
    outer loop
      vertex 48.2905 6.45287 0.999999
      vertex 49.2047 7.49533 0
      vertex 49.2047 7.49533 0.999999
    endloop
  endfacet
  facet normal 0.751844 -0.659341 0
    outer loop
      vertex 49.2047 7.49533 0
      vertex 48.2905 6.45287 0.999999
      vertex 48.2905 6.45287 0
    endloop
  endfacet
  facet normal 0.19509 -0.980785 0
    outer loop
      vertex 53.9565 10.2388 0
      vertex 55.3164 10.5093 0.999999
      vertex 53.9565 10.2388 0.999999
    endloop
  endfacet
  facet normal 0.19509 -0.980785 0
    outer loop
      vertex 55.3164 10.5093 0.999999
      vertex 53.9565 10.2388 0
      vertex 55.3164 10.5093 0
    endloop
  endfacet
  facet normal -0.442274 -0.89688 0
    outer loop
      vertex 60.7564 9.79312 0
      vertex 62 9.17987 0.999999
      vertex 60.7564 9.79312 0.999999
    endloop
  endfacet
  facet normal -0.442274 -0.89688 -0
    outer loop
      vertex 62 9.17987 0.999999
      vertex 60.7564 9.79312 0
      vertex 62 9.17987 0
    endloop
  endfacet
  facet normal -0.831444 0.555609 0
    outer loop
      vertex 65.1095 -6.45287 0
      vertex 65.8799 -5.3 0.999999
      vertex 65.8799 -5.3 0
    endloop
  endfacet
  facet normal -0.831444 0.555609 0
    outer loop
      vertex 65.8799 -5.3 0.999999
      vertex 65.1095 -6.45287 0
      vertex 65.1095 -6.45287 0.999999
    endloop
  endfacet
  facet normal -0.321446 -0.946928 0
    outer loop
      vertex 59.4435 10.2388 0
      vertex 60.7564 9.79312 0.999999
      vertex 59.4435 10.2388 0.999999
    endloop
  endfacet
  facet normal -0.321446 -0.946928 -0
    outer loop
      vertex 60.7564 9.79312 0.999999
      vertex 59.4435 10.2388 0
      vertex 60.7564 9.79312 0
    endloop
  endfacet
  facet normal -0.946928 0.321446 0
    outer loop
      vertex 66.4931 -4.05644 0
      vertex 66.9388 -2.74348 0.999999
      vertex 66.9388 -2.74348 0
    endloop
  endfacet
  facet normal -0.946928 0.321446 0
    outer loop
      vertex 66.9388 -2.74348 0.999999
      vertex 66.4931 -4.05644 0
      vertex 66.4931 -4.05644 0.999999
    endloop
  endfacet
  facet normal -0.19509 -0.980785 0
    outer loop
      vertex 58.0836 10.5093 0
      vertex 59.4435 10.2388 0.999999
      vertex 58.0836 10.5093 0.999999
    endloop
  endfacet
  facet normal -0.19509 -0.980785 -0
    outer loop
      vertex 59.4435 10.2388 0.999999
      vertex 58.0836 10.5093 0
      vertex 59.4435 10.2388 0
    endloop
  endfacet
  facet normal 0.997858 0.0654142 0
    outer loop
      vertex 46.1907 -1.38358 0.999999
      vertex 46.1 0 0
      vertex 46.1 0 0.999999
    endloop
  endfacet
  facet normal 0.997858 0.0654142 0
    outer loop
      vertex 46.1 0 0
      vertex 46.1907 -1.38358 0.999999
      vertex 46.1907 -1.38358 0
    endloop
  endfacet
  facet normal 0.659366 -0.751822 0
    outer loop
      vertex 49.2047 7.49533 0
      vertex 50.2471 8.40954 0.999999
      vertex 49.2047 7.49533 0.999999
    endloop
  endfacet
  facet normal 0.659366 -0.751822 0
    outer loop
      vertex 50.2471 8.40954 0.999999
      vertex 49.2047 7.49533 0
      vertex 50.2471 8.40954 0
    endloop
  endfacet
  facet normal 0.980785 0.19509 0
    outer loop
      vertex 46.4612 -2.74348 0.999999
      vertex 46.1907 -1.38358 0
      vertex 46.1907 -1.38358 0.999999
    endloop
  endfacet
  facet normal 0.980785 0.19509 0
    outer loop
      vertex 46.1907 -1.38358 0
      vertex 46.4612 -2.74348 0.999999
      vertex 46.4612 -2.74348 0
    endloop
  endfacet
  facet normal -0.751844 -0.659341 0
    outer loop
      vertex 65.1095 6.45287 0
      vertex 64.1953 7.49533 0.999999
      vertex 64.1953 7.49533 0
    endloop
  endfacet
  facet normal -0.751844 -0.659341 0
    outer loop
      vertex 64.1953 7.49533 0.999999
      vertex 65.1095 6.45287 0
      vertex 65.1095 6.45287 0.999999
    endloop
  endfacet
  facet normal 0.19509 0.980785 -0
    outer loop
      vertex 55.3164 -10.5093 0
      vertex 53.9565 -10.2388 0.999999
      vertex 55.3164 -10.5093 0.999999
    endloop
  endfacet
  facet normal 0.19509 0.980785 0
    outer loop
      vertex 53.9565 -10.2388 0.999999
      vertex 55.3164 -10.5093 0
      vertex 53.9565 -10.2388 0
    endloop
  endfacet
  facet normal 0.0654132 0.997858 -0
    outer loop
      vertex 56.7 -10.6 0
      vertex 55.3164 -10.5093 0.999999
      vertex 56.7 -10.6 0.999999
    endloop
  endfacet
  facet normal 0.0654132 0.997858 0
    outer loop
      vertex 55.3164 -10.5093 0.999999
      vertex 56.7 -10.6 0
      vertex 55.3164 -10.5093 0
    endloop
  endfacet
  facet normal 0.831444 -0.555609 0
    outer loop
      vertex 47.5201 5.3 0.999999
      vertex 48.2905 6.45287 0
      vertex 48.2905 6.45287 0.999999
    endloop
  endfacet
  facet normal 0.831444 -0.555609 0
    outer loop
      vertex 48.2905 6.45287 0
      vertex 47.5201 5.3 0.999999
      vertex 47.5201 5.3 0
    endloop
  endfacet
  facet normal 0.0654132 -0.997858 0
    outer loop
      vertex 55.3164 10.5093 0
      vertex 56.7 10.6 0.999999
      vertex 55.3164 10.5093 0.999999
    endloop
  endfacet
  facet normal 0.0654132 -0.997858 0
    outer loop
      vertex 56.7 10.6 0.999999
      vertex 55.3164 10.5093 0
      vertex 56.7 10.6 0
    endloop
  endfacet
  facet normal 0.946928 -0.321446 0
    outer loop
      vertex 46.4612 2.74348 0.999999
      vertex 46.9069 4.05644 0
      vertex 46.9069 4.05644 0.999999
    endloop
  endfacet
  facet normal 0.946928 -0.321446 0
    outer loop
      vertex 46.9069 4.05644 0
      vertex 46.4612 2.74348 0.999999
      vertex 46.4612 2.74348 0
    endloop
  endfacet
  facet normal 0.659366 0.751822 -0
    outer loop
      vertex 50.2471 -8.40954 0
      vertex 49.2047 -7.49533 0.999999
      vertex 50.2471 -8.40954 0.999999
    endloop
  endfacet
  facet normal 0.659366 0.751822 0
    outer loop
      vertex 49.2047 -7.49533 0.999999
      vertex 50.2471 -8.40954 0
      vertex 49.2047 -7.49533 0
    endloop
  endfacet
  facet normal -0.896889 0.442256 0
    outer loop
      vertex 65.8799 -5.3 0
      vertex 66.4931 -4.05644 0.999999
      vertex 66.4931 -4.05644 0
    endloop
  endfacet
  facet normal -0.896889 0.442256 0
    outer loop
      vertex 66.4931 -4.05644 0.999999
      vertex 65.8799 -5.3 0
      vertex 65.8799 -5.3 0.999999
    endloop
  endfacet
  facet normal 0.896889 -0.442256 0
    outer loop
      vertex 46.9069 4.05644 0.999999
      vertex 47.5201 5.3 0
      vertex 47.5201 5.3 0.999999
    endloop
  endfacet
  facet normal 0.896889 -0.442256 0
    outer loop
      vertex 47.5201 5.3 0
      vertex 46.9069 4.05644 0.999999
      vertex 46.9069 4.05644 0
    endloop
  endfacet
  facet normal 0 0 -1
    outer loop
      vertex 66.1 0 0.999999
      vertex 67.3 0 0.999999
      vertex 67.2093 -1.38358 0.999999
    endloop
  endfacet
  facet normal 0 0 -1
    outer loop
      vertex 66.0196 -1.22695 0.999999
      vertex 67.2093 -1.38358 0.999999
      vertex 66.9388 -2.74348 0.999999
    endloop
  endfacet
  facet normal 0 0 -1
    outer loop
      vertex 67.3 0 0.999999
      vertex 66.1 0 0.999999
      vertex 67.2093 1.38358 0.999999
    endloop
  endfacet
  facet normal 0 0 -1
    outer loop
      vertex 65.7797 -2.4329 0.999999
      vertex 66.9388 -2.74348 0.999999
      vertex 66.4931 -4.05644 0.999999
    endloop
  endfacet
  facet normal 0 0 -1
    outer loop
      vertex 66.0196 1.22695 0.999999
      vertex 67.2093 1.38358 0.999999
      vertex 66.1 0 0.999999
    endloop
  endfacet
  facet normal -0 0 -1
    outer loop
      vertex 67.2093 1.38358 0.999999
      vertex 66.0196 1.22695 0.999999
      vertex 66.9388 2.74348 0.999999
    endloop
  endfacet
  facet normal 0 0 -1
    outer loop
      vertex 67.2093 -1.38358 0.999999
      vertex 66.0196 -1.22695 0.999999
      vertex 66.1 0 0.999999
    endloop
  endfacet
  facet normal 0 0 -1
    outer loop
      vertex 65.3845 -3.59722 0.999999
      vertex 66.4931 -4.05644 0.999999
      vertex 65.8799 -5.3 0.999999
    endloop
  endfacet
  facet normal 0 0 -1
    outer loop
      vertex 66.9388 -2.74348 0.999999
      vertex 65.7797 -2.4329 0.999999
      vertex 66.0196 -1.22695 0.999999
    endloop
  endfacet
  facet normal 0 0 -1
    outer loop
      vertex 66.4931 -4.05644 0.999999
      vertex 65.3845 -3.59722 0.999999
      vertex 65.7797 -2.4329 0.999999
    endloop
  endfacet
  facet normal 0 0 -1
    outer loop
      vertex 64.8406 -4.7 0.999999
      vertex 65.8799 -5.3 0.999999
      vertex 65.1095 -6.45287 0.999999
    endloop
  endfacet
  facet normal 0 0 -1
    outer loop
      vertex 65.8799 -5.3 0.999999
      vertex 64.8406 -4.7 0.999999
      vertex 65.3845 -3.59722 0.999999
    endloop
  endfacet
  facet normal 0 0 -1
    outer loop
      vertex 64.1575 -5.72236 0.999999
      vertex 65.1095 -6.45287 0.999999
      vertex 64.1953 -7.49533 0.999999
    endloop
  endfacet
  facet normal 0 0 -1
    outer loop
      vertex 65.1095 -6.45287 0.999999
      vertex 64.1575 -5.72236 0.999999
      vertex 64.8406 -4.7 0.999999
    endloop
  endfacet
  facet normal 0 0 -1
    outer loop
      vertex 64.1953 -7.49533 0.999999
      vertex 63.3468 -6.6468 0.999999
      vertex 64.1575 -5.72236 0.999999
    endloop
  endfacet
  facet normal 0 0 -1
    outer loop
      vertex 63.1529 -8.40954 0.999999
      vertex 63.3468 -6.6468 0.999999
      vertex 64.1953 -7.49533 0.999999
    endloop
  endfacet
  facet normal 0 0 -1
    outer loop
      vertex 63.1529 -8.40954 0.999999
      vertex 62.4224 -7.45752 0.999999
      vertex 63.3468 -6.6468 0.999999
    endloop
  endfacet
  facet normal 0 0 -1
    outer loop
      vertex 62 -9.17987 0.999999
      vertex 62.4224 -7.45752 0.999999
      vertex 63.1529 -8.40954 0.999999
    endloop
  endfacet
  facet normal 0 0 -1
    outer loop
      vertex 62 -9.17987 0.999999
      vertex 61.4 -8.14064 0.999999
      vertex 62.4224 -7.45752 0.999999
    endloop
  endfacet
  facet normal 0 0 -1
    outer loop
      vertex 60.7564 -9.79312 0.999999
      vertex 61.4 -8.14064 0.999999
      vertex 62 -9.17987 0.999999
    endloop
  endfacet
  facet normal 0 0 -1
    outer loop
      vertex 60.7564 -9.79312 0.999999
      vertex 60.2972 -8.68447 0.999999
      vertex 61.4 -8.14064 0.999999
    endloop
  endfacet
  facet normal 0 0 -1
    outer loop
      vertex 59.4435 -10.2388 0.999999
      vertex 60.2972 -8.68447 0.999999
      vertex 60.7564 -9.79312 0.999999
    endloop
  endfacet
  facet normal 0 0 -1
    outer loop
      vertex 59.4435 -10.2388 0.999999
      vertex 59.1329 -9.0797 0.999999
      vertex 60.2972 -8.68447 0.999999
    endloop
  endfacet
  facet normal 0 0 -1
    outer loop
      vertex 58.0836 -10.5093 0.999999
      vertex 59.1329 -9.0797 0.999999
      vertex 59.4435 -10.2388 0.999999
    endloop
  endfacet
  facet normal 0 0 -1
    outer loop
      vertex 58.0836 -10.5093 0.999999
      vertex 57.9269 -9.31958 0.999999
      vertex 59.1329 -9.0797 0.999999
    endloop
  endfacet
  facet normal 0 0 -1
    outer loop
      vertex 56.7 -10.6 0.999999
      vertex 57.9269 -9.31958 0.999999
      vertex 58.0836 -10.5093 0.999999
    endloop
  endfacet
  facet normal 0 0 -1
    outer loop
      vertex 56.7 -10.6 0.999999
      vertex 56.7 -9.4 0.999999
      vertex 57.9269 -9.31958 0.999999
    endloop
  endfacet
  facet normal 0 0 -1
    outer loop
      vertex 56.7 -10.6 0.999999
      vertex 55.4731 -9.31958 0.999999
      vertex 56.7 -9.4 0.999999
    endloop
  endfacet
  facet normal 0 0 -1
    outer loop
      vertex 55.3164 -10.5093 0.999999
      vertex 55.4731 -9.31958 0.999999
      vertex 56.7 -10.6 0.999999
    endloop
  endfacet
  facet normal 0 0 -1
    outer loop
      vertex 55.3164 -10.5093 0.999999
      vertex 54.2671 -9.0797 0.999999
      vertex 55.4731 -9.31958 0.999999
    endloop
  endfacet
  facet normal 0 0 -1
    outer loop
      vertex 53.9565 -10.2388 0.999999
      vertex 54.2671 -9.0797 0.999999
      vertex 55.3164 -10.5093 0.999999
    endloop
  endfacet
  facet normal 0 0 -1
    outer loop
      vertex 53.9565 -10.2388 0.999999
      vertex 53.1028 -8.68447 0.999999
      vertex 54.2671 -9.0797 0.999999
    endloop
  endfacet
  facet normal 0 0 -1
    outer loop
      vertex 52.6436 -9.79312 0.999999
      vertex 53.1028 -8.68447 0.999999
      vertex 53.9565 -10.2388 0.999999
    endloop
  endfacet
  facet normal 0 0 -1
    outer loop
      vertex 52.6436 -9.79312 0.999999
      vertex 52 -8.14064 0.999999
      vertex 53.1028 -8.68447 0.999999
    endloop
  endfacet
  facet normal 0 0 -1
    outer loop
      vertex 51.4 -9.17987 0.999999
      vertex 52 -8.14064 0.999999
      vertex 52.6436 -9.79312 0.999999
    endloop
  endfacet
  facet normal 0 0 -1
    outer loop
      vertex 51.4 -9.17987 0.999999
      vertex 50.9776 -7.45752 0.999999
      vertex 52 -8.14064 0.999999
    endloop
  endfacet
  facet normal 0 0 -1
    outer loop
      vertex 50.2471 -8.40954 0.999999
      vertex 50.9776 -7.45752 0.999999
      vertex 51.4 -9.17987 0.999999
    endloop
  endfacet
  facet normal 0 0 -1
    outer loop
      vertex 50.2471 -8.40954 0.999999
      vertex 50.0532 -6.6468 0.999999
      vertex 50.9776 -7.45752 0.999999
    endloop
  endfacet
  facet normal 0 0 -1
    outer loop
      vertex 49.2047 -7.49533 0.999999
      vertex 50.0532 -6.6468 0.999999
      vertex 50.2471 -8.40954 0.999999
    endloop
  endfacet
  facet normal -0 0 -1
    outer loop
      vertex 50.0532 -6.6468 0.999999
      vertex 49.2047 -7.49533 0.999999
      vertex 49.2425 -5.72236 0.999999
    endloop
  endfacet
  facet normal 0 0 -1
    outer loop
      vertex 48.2905 -6.45287 0.999999
      vertex 49.2425 -5.72236 0.999999
      vertex 49.2047 -7.49533 0.999999
    endloop
  endfacet
  facet normal -0 0 -1
    outer loop
      vertex 49.2425 -5.72236 0.999999
      vertex 48.2905 -6.45287 0.999999
      vertex 48.5594 -4.7 0.999999
    endloop
  endfacet
  facet normal 0 0 -1
    outer loop
      vertex 47.5201 -5.3 0.999999
      vertex 48.5594 -4.7 0.999999
      vertex 48.2905 -6.45287 0.999999
    endloop
  endfacet
  facet normal -0 0 -1
    outer loop
      vertex 48.5594 -4.7 0.999999
      vertex 47.5201 -5.3 0.999999
      vertex 48.0155 -3.59722 0.999999
    endloop
  endfacet
  facet normal 0 0 -1
    outer loop
      vertex 46.9069 -4.05644 0.999999
      vertex 48.0155 -3.59722 0.999999
      vertex 47.5201 -5.3 0.999999
    endloop
  endfacet
  facet normal -0 0 -1
    outer loop
      vertex 48.0155 -3.59722 0.999999
      vertex 46.9069 -4.05644 0.999999
      vertex 47.6203 -2.4329 0.999999
    endloop
  endfacet
  facet normal 0 0 -1
    outer loop
      vertex 46.4612 -2.74348 0.999999
      vertex 47.6203 -2.4329 0.999999
      vertex 46.9069 -4.05644 0.999999
    endloop
  endfacet
  facet normal -0 0 -1
    outer loop
      vertex 47.6203 -2.4329 0.999999
      vertex 46.4612 -2.74348 0.999999
      vertex 47.3804 -1.22695 0.999999
    endloop
  endfacet
  facet normal 0 0 -1
    outer loop
      vertex 65.7797 2.4329 0.999999
      vertex 66.9388 2.74348 0.999999
      vertex 66.0196 1.22695 0.999999
    endloop
  endfacet
  facet normal -0 0 -1
    outer loop
      vertex 66.9388 2.74348 0.999999
      vertex 65.7797 2.4329 0.999999
      vertex 66.4931 4.05644 0.999999
    endloop
  endfacet
  facet normal 0 0 -1
    outer loop
      vertex 65.3845 3.59722 0.999999
      vertex 66.4931 4.05644 0.999999
      vertex 65.7797 2.4329 0.999999
    endloop
  endfacet
  facet normal -0 0 -1
    outer loop
      vertex 66.4931 4.05644 0.999999
      vertex 65.3845 3.59722 0.999999
      vertex 65.8799 5.3 0.999999
    endloop
  endfacet
  facet normal 0 0 -1
    outer loop
      vertex 64.8406 4.7 0.999999
      vertex 65.8799 5.3 0.999999
      vertex 65.3845 3.59722 0.999999
    endloop
  endfacet
  facet normal -0 0 -1
    outer loop
      vertex 65.8799 5.3 0.999999
      vertex 64.8406 4.7 0.999999
      vertex 65.1095 6.45287 0.999999
    endloop
  endfacet
  facet normal 0 0 -1
    outer loop
      vertex 64.1575 5.72236 0.999999
      vertex 65.1095 6.45287 0.999999
      vertex 64.8406 4.7 0.999999
    endloop
  endfacet
  facet normal -0 0 -1
    outer loop
      vertex 65.1095 6.45287 0.999999
      vertex 64.1575 5.72236 0.999999
      vertex 64.1953 7.49533 0.999999
    endloop
  endfacet
  facet normal 0 0 -1
    outer loop
      vertex 63.3468 6.6468 0.999999
      vertex 64.1953 7.49533 0.999999
      vertex 64.1575 5.72236 0.999999
    endloop
  endfacet
  facet normal 0 0 -1
    outer loop
      vertex 63.3468 6.6468 0.999999
      vertex 63.1529 8.40954 0.999999
      vertex 64.1953 7.49533 0.999999
    endloop
  endfacet
  facet normal 0 0 -1
    outer loop
      vertex 62.4224 7.45752 0.999999
      vertex 63.1529 8.40954 0.999999
      vertex 63.3468 6.6468 0.999999
    endloop
  endfacet
  facet normal 0 0 -1
    outer loop
      vertex 62.4224 7.45752 0.999999
      vertex 62 9.17987 0.999999
      vertex 63.1529 8.40954 0.999999
    endloop
  endfacet
  facet normal 0 0 -1
    outer loop
      vertex 61.4 8.14064 0.999999
      vertex 62 9.17987 0.999999
      vertex 62.4224 7.45752 0.999999
    endloop
  endfacet
  facet normal 0 0 -1
    outer loop
      vertex 61.4 8.14064 0.999999
      vertex 60.7564 9.79312 0.999999
      vertex 62 9.17987 0.999999
    endloop
  endfacet
  facet normal 0 0 -1
    outer loop
      vertex 60.2972 8.68447 0.999999
      vertex 60.7564 9.79312 0.999999
      vertex 61.4 8.14064 0.999999
    endloop
  endfacet
  facet normal 0 0 -1
    outer loop
      vertex 60.2972 8.68447 0.999999
      vertex 59.4435 10.2388 0.999999
      vertex 60.7564 9.79312 0.999999
    endloop
  endfacet
  facet normal 0 0 -1
    outer loop
      vertex 59.1329 9.0797 0.999999
      vertex 59.4435 10.2388 0.999999
      vertex 60.2972 8.68447 0.999999
    endloop
  endfacet
  facet normal 0 0 -1
    outer loop
      vertex 59.1329 9.0797 0.999999
      vertex 58.0836 10.5093 0.999999
      vertex 59.4435 10.2388 0.999999
    endloop
  endfacet
  facet normal 0 0 -1
    outer loop
      vertex 57.9269 9.31958 0.999999
      vertex 58.0836 10.5093 0.999999
      vertex 59.1329 9.0797 0.999999
    endloop
  endfacet
  facet normal 0 0 -1
    outer loop
      vertex 56.7 9.4 0.999999
      vertex 58.0836 10.5093 0.999999
      vertex 57.9269 9.31958 0.999999
    endloop
  endfacet
  facet normal 0 0 -1
    outer loop
      vertex 56.7 9.4 0.999999
      vertex 56.7 10.6 0.999999
      vertex 58.0836 10.5093 0.999999
    endloop
  endfacet
  facet normal 0 0 -1
    outer loop
      vertex 55.4731 9.31958 0.999999
      vertex 56.7 10.6 0.999999
      vertex 56.7 9.4 0.999999
    endloop
  endfacet
  facet normal 0 0 -1
    outer loop
      vertex 55.4731 9.31958 0.999999
      vertex 55.3164 10.5093 0.999999
      vertex 56.7 10.6 0.999999
    endloop
  endfacet
  facet normal 0 0 -1
    outer loop
      vertex 54.2671 9.0797 0.999999
      vertex 55.3164 10.5093 0.999999
      vertex 55.4731 9.31958 0.999999
    endloop
  endfacet
  facet normal 0 0 -1
    outer loop
      vertex 54.2671 9.0797 0.999999
      vertex 53.9565 10.2388 0.999999
      vertex 55.3164 10.5093 0.999999
    endloop
  endfacet
  facet normal 0 0 -1
    outer loop
      vertex 53.1028 8.68447 0.999999
      vertex 53.9565 10.2388 0.999999
      vertex 54.2671 9.0797 0.999999
    endloop
  endfacet
  facet normal 0 0 -1
    outer loop
      vertex 53.1028 8.68447 0.999999
      vertex 52.6436 9.79312 0.999999
      vertex 53.9565 10.2388 0.999999
    endloop
  endfacet
  facet normal 0 0 -1
    outer loop
      vertex 52 8.14064 0.999999
      vertex 52.6436 9.79312 0.999999
      vertex 53.1028 8.68447 0.999999
    endloop
  endfacet
  facet normal 0 0 -1
    outer loop
      vertex 52 8.14064 0.999999
      vertex 51.4 9.17987 0.999999
      vertex 52.6436 9.79312 0.999999
    endloop
  endfacet
  facet normal 0 0 -1
    outer loop
      vertex 50.9776 7.45752 0.999999
      vertex 51.4 9.17987 0.999999
      vertex 52 8.14064 0.999999
    endloop
  endfacet
  facet normal 0 0 -1
    outer loop
      vertex 50.9776 7.45752 0.999999
      vertex 50.2471 8.40954 0.999999
      vertex 51.4 9.17987 0.999999
    endloop
  endfacet
  facet normal 0 0 -1
    outer loop
      vertex 50.0532 6.6468 0.999999
      vertex 50.2471 8.40954 0.999999
      vertex 50.9776 7.45752 0.999999
    endloop
  endfacet
  facet normal 0 0 -1
    outer loop
      vertex 49.2047 7.49533 0.999999
      vertex 50.0532 6.6468 0.999999
      vertex 49.2425 5.72236 0.999999
    endloop
  endfacet
  facet normal 0 0 -1
    outer loop
      vertex 50.0532 6.6468 0.999999
      vertex 49.2047 7.49533 0.999999
      vertex 50.2471 8.40954 0.999999
    endloop
  endfacet
  facet normal 0 0 -1
    outer loop
      vertex 48.2905 6.45287 0.999999
      vertex 49.2425 5.72236 0.999999
      vertex 48.5594 4.7 0.999999
    endloop
  endfacet
  facet normal 0 0 -1
    outer loop
      vertex 49.2425 5.72236 0.999999
      vertex 48.2905 6.45287 0.999999
      vertex 49.2047 7.49533 0.999999
    endloop
  endfacet
  facet normal 0 0 -1
    outer loop
      vertex 47.5201 5.3 0.999999
      vertex 48.5594 4.7 0.999999
      vertex 48.0155 3.59722 0.999999
    endloop
  endfacet
  facet normal 0 0 -1
    outer loop
      vertex 46.9069 4.05644 0.999999
      vertex 48.0155 3.59722 0.999999
      vertex 47.6203 2.4329 0.999999
    endloop
  endfacet
  facet normal 0 0 -1
    outer loop
      vertex 48.5594 4.7 0.999999
      vertex 47.5201 5.3 0.999999
      vertex 48.2905 6.45287 0.999999
    endloop
  endfacet
  facet normal 0 0 -1
    outer loop
      vertex 46.4612 2.74348 0.999999
      vertex 47.6203 2.4329 0.999999
      vertex 47.3804 1.22695 0.999999
    endloop
  endfacet
  facet normal 0 0 -1
    outer loop
      vertex 46.1907 1.38358 0.999999
      vertex 47.3804 1.22695 0.999999
      vertex 47.3 0 0.999999
    endloop
  endfacet
  facet normal 0 0 -1
    outer loop
      vertex 46.1907 -1.38358 0.999999
      vertex 47.3804 -1.22695 0.999999
      vertex 46.4612 -2.74348 0.999999
    endloop
  endfacet
  facet normal 0 0 -1
    outer loop
      vertex 48.0155 3.59722 0.999999
      vertex 46.9069 4.05644 0.999999
      vertex 47.5201 5.3 0.999999
    endloop
  endfacet
  facet normal -0 0 -1
    outer loop
      vertex 47.3804 -1.22695 0.999999
      vertex 46.1907 -1.38358 0.999999
      vertex 47.3 0 0.999999
    endloop
  endfacet
  facet normal 0 0 -1
    outer loop
      vertex 47.6203 2.4329 0.999999
      vertex 46.4612 2.74348 0.999999
      vertex 46.9069 4.05644 0.999999
    endloop
  endfacet
  facet normal 0 0 -1
    outer loop
      vertex 46.1 0 0.999999
      vertex 47.3 0 0.999999
      vertex 46.1907 -1.38358 0.999999
    endloop
  endfacet
  facet normal 0 0 -1
    outer loop
      vertex 47.3804 1.22695 0.999999
      vertex 46.1907 1.38358 0.999999
      vertex 46.4612 2.74348 0.999999
    endloop
  endfacet
  facet normal 0 0 -1
    outer loop
      vertex 47.3 0 0.999999
      vertex 46.1 0 0.999999
      vertex 46.1907 1.38358 0.999999
    endloop
  endfacet
  facet normal 0.555564 0.831474 -0
    outer loop
      vertex 51.4 -9.17987 0
      vertex 50.2471 -8.40954 0.999999
      vertex 51.4 -9.17987 0.999999
    endloop
  endfacet
  facet normal 0.555564 0.831474 0
    outer loop
      vertex 50.2471 -8.40954 0.999999
      vertex 51.4 -9.17987 0
      vertex 50.2471 -8.40954 0
    endloop
  endfacet
  facet normal 0.442274 0.89688 -0
    outer loop
      vertex 52.6436 -9.79312 0
      vertex 51.4 -9.17987 0.999999
      vertex 52.6436 -9.79312 0.999999
    endloop
  endfacet
  facet normal 0.442274 0.89688 0
    outer loop
      vertex 51.4 -9.17987 0.999999
      vertex 52.6436 -9.79312 0
      vertex 51.4 -9.17987 0
    endloop
  endfacet
  facet normal 0.195084 0.980787 -0
    outer loop
      vertex 59.1329 9.0797 0
      vertex 57.9269 9.31958 0.999999
      vertex 59.1329 9.0797 0.999999
    endloop
  endfacet
  facet normal 0.195084 0.980787 0
    outer loop
      vertex 57.9269 9.31958 0.999999
      vertex 59.1329 9.0797 0
      vertex 57.9269 9.31958 0
    endloop
  endfacet
  facet normal -0.946938 0.321415 0
    outer loop
      vertex 47.6203 2.4329 0
      vertex 48.0155 3.59722 0.999999
      vertex 48.0155 3.59722 0
    endloop
  endfacet
  facet normal -0.946938 0.321415 0
    outer loop
      vertex 48.0155 3.59722 0.999999
      vertex 47.6203 2.4329 0
      vertex 47.6203 2.4329 0.999999
    endloop
  endfacet
  facet normal -0.065407 -0.997859 0
    outer loop
      vertex 55.4731 -9.31958 0
      vertex 56.7 -9.4 0.999999
      vertex 55.4731 -9.31958 0.999999
    endloop
  endfacet
  facet normal -0.065407 -0.997859 -0
    outer loop
      vertex 56.7 -9.4 0.999999
      vertex 55.4731 -9.31958 0
      vertex 56.7 -9.4 0
    endloop
  endfacet
  facet normal -0.946938 -0.321415 0
    outer loop
      vertex 48.0155 -3.59722 0
      vertex 47.6203 -2.4329 0.999999
      vertex 47.6203 -2.4329 0
    endloop
  endfacet
  facet normal -0.946938 -0.321415 0
    outer loop
      vertex 47.6203 -2.4329 0.999999
      vertex 48.0155 -3.59722 0
      vertex 48.0155 -3.59722 0.999999
    endloop
  endfacet
  facet normal 0.751845 -0.65934 0
    outer loop
      vertex 63.3468 -6.6468 0.999999
      vertex 64.1575 -5.72236 0
      vertex 64.1575 -5.72236 0.999999
    endloop
  endfacet
  facet normal 0.751845 -0.65934 0
    outer loop
      vertex 64.1575 -5.72236 0
      vertex 63.3468 -6.6468 0.999999
      vertex 63.3468 -6.6468 0
    endloop
  endfacet
  facet normal -0.980782 -0.195107 0
    outer loop
      vertex 47.6203 -2.4329 0
      vertex 47.3804 -1.22695 0.999999
      vertex 47.3804 -1.22695 0
    endloop
  endfacet
  facet normal -0.980782 -0.195107 0
    outer loop
      vertex 47.3804 -1.22695 0.999999
      vertex 47.6203 -2.4329 0
      vertex 47.6203 -2.4329 0.999999
    endloop
  endfacet
  facet normal 0.659366 0.751822 -0
    outer loop
      vertex 63.3468 6.6468 0
      vertex 62.4224 7.45752 0.999999
      vertex 63.3468 6.6468 0.999999
    endloop
  endfacet
  facet normal 0.659366 0.751822 0
    outer loop
      vertex 62.4224 7.45752 0.999999
      vertex 63.3468 6.6468 0
      vertex 62.4224 7.45752 0
    endloop
  endfacet
  facet normal -0.659366 0.751822 0
    outer loop
      vertex 50.9776 7.45752 0
      vertex 50.0532 6.6468 0.999999
      vertex 50.9776 7.45752 0.999999
    endloop
  endfacet
  facet normal -0.659366 0.751822 0
    outer loop
      vertex 50.0532 6.6468 0.999999
      vertex 50.9776 7.45752 0
      vertex 50.0532 6.6468 0
    endloop
  endfacet
  facet normal 0.99786 0.0653881 0
    outer loop
      vertex 66.1 0 0.999999
      vertex 66.0196 1.22695 0
      vertex 66.0196 1.22695 0.999999
    endloop
  endfacet
  facet normal 0.99786 0.0653881 0
    outer loop
      vertex 66.0196 1.22695 0
      vertex 66.1 0 0.999999
      vertex 66.1 0 0
    endloop
  endfacet
  facet normal -0.195084 0.980787 0
    outer loop
      vertex 55.4731 9.31958 0
      vertex 54.2671 9.0797 0.999999
      vertex 55.4731 9.31958 0.999999
    endloop
  endfacet
  facet normal -0.195084 0.980787 0
    outer loop
      vertex 54.2671 9.0797 0.999999
      vertex 55.4731 9.31958 0
      vertex 54.2671 9.0797 0
    endloop
  endfacet
  facet normal 0.946938 0.321415 0
    outer loop
      vertex 65.7797 2.4329 0.999999
      vertex 65.3845 3.59722 0
      vertex 65.3845 3.59722 0.999999
    endloop
  endfacet
  facet normal 0.946938 0.321415 0
    outer loop
      vertex 65.3845 3.59722 0
      vertex 65.7797 2.4329 0.999999
      vertex 65.7797 2.4329 0
    endloop
  endfacet
  facet normal 0.555556 0.831479 -0
    outer loop
      vertex 62.4224 7.45752 0
      vertex 61.4 8.14064 0.999999
      vertex 62.4224 7.45752 0.999999
    endloop
  endfacet
  facet normal 0.555556 0.831479 0
    outer loop
      vertex 61.4 8.14064 0.999999
      vertex 62.4224 7.45752 0
      vertex 61.4 8.14064 0
    endloop
  endfacet
  facet normal 0.89685 0.442334 0
    outer loop
      vertex 65.3845 3.59722 0.999999
      vertex 64.8406 4.7 0
      vertex 64.8406 4.7 0.999999
    endloop
  endfacet
  facet normal 0.89685 0.442334 0
    outer loop
      vertex 64.8406 4.7 0
      vertex 65.3845 3.59722 0.999999
      vertex 65.3845 3.59722 0
    endloop
  endfacet
  facet normal -0.442282 -0.896876 0
    outer loop
      vertex 52 -8.14064 0
      vertex 53.1028 -8.68447 0.999999
      vertex 52 -8.14064 0.999999
    endloop
  endfacet
  facet normal -0.442282 -0.896876 -0
    outer loop
      vertex 53.1028 -8.68447 0.999999
      vertex 52 -8.14064 0
      vertex 53.1028 -8.68447 0
    endloop
  endfacet
  facet normal 0.751845 0.65934 0
    outer loop
      vertex 64.1575 5.72236 0.999999
      vertex 63.3468 6.6468 0
      vertex 63.3468 6.6468 0.999999
    endloop
  endfacet
  facet normal 0.751845 0.65934 0
    outer loop
      vertex 63.3468 6.6468 0
      vertex 64.1575 5.72236 0.999999
      vertex 64.1575 5.72236 0
    endloop
  endfacet
  facet normal 0.99786 -0.0653881 0
    outer loop
      vertex 66.0196 -1.22695 0.999999
      vertex 66.1 0 0
      vertex 66.1 0 0.999999
    endloop
  endfacet
  facet normal 0.99786 -0.0653881 0
    outer loop
      vertex 66.1 0 0
      vertex 66.0196 -1.22695 0.999999
      vertex 66.0196 -1.22695 0
    endloop
  endfacet
  facet normal 0.89685 -0.442334 0
    outer loop
      vertex 64.8406 -4.7 0.999999
      vertex 65.3845 -3.59722 0
      vertex 65.3845 -3.59722 0.999999
    endloop
  endfacet
  facet normal 0.89685 -0.442334 0
    outer loop
      vertex 65.3845 -3.59722 0
      vertex 64.8406 -4.7 0.999999
      vertex 64.8406 -4.7 0
    endloop
  endfacet
  facet normal 0.831477 -0.555559 0
    outer loop
      vertex 64.1575 -5.72236 0.999999
      vertex 64.8406 -4.7 0
      vertex 64.8406 -4.7 0.999999
    endloop
  endfacet
  facet normal 0.831477 -0.555559 0
    outer loop
      vertex 64.8406 -4.7 0
      vertex 64.1575 -5.72236 0.999999
      vertex 64.1575 -5.72236 0
    endloop
  endfacet
  facet normal 0.442282 -0.896876 0
    outer loop
      vertex 60.2972 -8.68447 0
      vertex 61.4 -8.14064 0.999999
      vertex 60.2972 -8.68447 0.999999
    endloop
  endfacet
  facet normal 0.442282 -0.896876 0
    outer loop
      vertex 61.4 -8.14064 0.999999
      vertex 60.2972 -8.68447 0
      vertex 61.4 -8.14064 0
    endloop
  endfacet
  facet normal 0.980782 0.195107 0
    outer loop
      vertex 66.0196 1.22695 0.999999
      vertex 65.7797 2.4329 0
      vertex 65.7797 2.4329 0.999999
    endloop
  endfacet
  facet normal 0.980782 0.195107 0
    outer loop
      vertex 65.7797 2.4329 0
      vertex 66.0196 1.22695 0.999999
      vertex 66.0196 1.22695 0
    endloop
  endfacet
  facet normal -0.89685 0.442334 0
    outer loop
      vertex 48.0155 3.59722 0
      vertex 48.5594 4.7 0.999999
      vertex 48.5594 4.7 0
    endloop
  endfacet
  facet normal -0.89685 0.442334 0
    outer loop
      vertex 48.5594 4.7 0.999999
      vertex 48.0155 3.59722 0
      vertex 48.0155 3.59722 0.999999
    endloop
  endfacet
  facet normal 0.442282 0.896876 -0
    outer loop
      vertex 61.4 8.14064 0
      vertex 60.2972 8.68447 0.999999
      vertex 61.4 8.14064 0.999999
    endloop
  endfacet
  facet normal 0.442282 0.896876 0
    outer loop
      vertex 60.2972 8.68447 0.999999
      vertex 61.4 8.14064 0
      vertex 60.2972 8.68447 0
    endloop
  endfacet
  facet normal 0.321442 -0.946929 0
    outer loop
      vertex 59.1329 -9.0797 0
      vertex 60.2972 -8.68447 0.999999
      vertex 59.1329 -9.0797 0.999999
    endloop
  endfacet
  facet normal 0.321442 -0.946929 0
    outer loop
      vertex 60.2972 -8.68447 0.999999
      vertex 59.1329 -9.0797 0
      vertex 60.2972 -8.68447 0
    endloop
  endfacet
  facet normal 0.321442 0.946929 -0
    outer loop
      vertex 60.2972 8.68447 0
      vertex 59.1329 9.0797 0.999999
      vertex 60.2972 8.68447 0.999999
    endloop
  endfacet
  facet normal 0.321442 0.946929 0
    outer loop
      vertex 59.1329 9.0797 0.999999
      vertex 60.2972 8.68447 0
      vertex 59.1329 9.0797 0
    endloop
  endfacet
  facet normal 0.946938 -0.321415 0
    outer loop
      vertex 65.3845 -3.59722 0.999999
      vertex 65.7797 -2.4329 0
      vertex 65.7797 -2.4329 0.999999
    endloop
  endfacet
  facet normal 0.946938 -0.321415 0
    outer loop
      vertex 65.7797 -2.4329 0
      vertex 65.3845 -3.59722 0.999999
      vertex 65.3845 -3.59722 0
    endloop
  endfacet
  facet normal 0.831477 0.555559 0
    outer loop
      vertex 64.8406 4.7 0.999999
      vertex 64.1575 5.72236 0
      vertex 64.1575 5.72236 0.999999
    endloop
  endfacet
  facet normal 0.831477 0.555559 0
    outer loop
      vertex 64.1575 5.72236 0
      vertex 64.8406 4.7 0.999999
      vertex 64.8406 4.7 0
    endloop
  endfacet
  facet normal -0.321442 -0.946929 0
    outer loop
      vertex 53.1028 -8.68447 0
      vertex 54.2671 -9.0797 0.999999
      vertex 53.1028 -8.68447 0.999999
    endloop
  endfacet
  facet normal -0.321442 -0.946929 -0
    outer loop
      vertex 54.2671 -9.0797 0.999999
      vertex 53.1028 -8.68447 0
      vertex 54.2671 -9.0797 0
    endloop
  endfacet
  facet normal 0.065407 -0.997859 0
    outer loop
      vertex 56.7 -9.4 0
      vertex 57.9269 -9.31958 0.999999
      vertex 56.7 -9.4 0.999999
    endloop
  endfacet
  facet normal 0.065407 -0.997859 0
    outer loop
      vertex 57.9269 -9.31958 0.999999
      vertex 56.7 -9.4 0
      vertex 57.9269 -9.31958 0
    endloop
  endfacet
  facet normal 0.555556 -0.831479 0
    outer loop
      vertex 61.4 -8.14064 0
      vertex 62.4224 -7.45752 0.999999
      vertex 61.4 -8.14064 0.999999
    endloop
  endfacet
  facet normal 0.555556 -0.831479 0
    outer loop
      vertex 62.4224 -7.45752 0.999999
      vertex 61.4 -8.14064 0
      vertex 62.4224 -7.45752 0
    endloop
  endfacet
  facet normal -0.442282 0.896876 0
    outer loop
      vertex 53.1028 8.68447 0
      vertex 52 8.14064 0.999999
      vertex 53.1028 8.68447 0.999999
    endloop
  endfacet
  facet normal -0.442282 0.896876 0
    outer loop
      vertex 52 8.14064 0.999999
      vertex 53.1028 8.68447 0
      vertex 52 8.14064 0
    endloop
  endfacet
  facet normal 0.195084 -0.980787 0
    outer loop
      vertex 57.9269 -9.31958 0
      vertex 59.1329 -9.0797 0.999999
      vertex 57.9269 -9.31958 0.999999
    endloop
  endfacet
  facet normal 0.195084 -0.980787 0
    outer loop
      vertex 59.1329 -9.0797 0.999999
      vertex 57.9269 -9.31958 0
      vertex 59.1329 -9.0797 0
    endloop
  endfacet
  facet normal -0.321442 0.946929 0
    outer loop
      vertex 54.2671 9.0797 0
      vertex 53.1028 8.68447 0.999999
      vertex 54.2671 9.0797 0.999999
    endloop
  endfacet
  facet normal -0.321442 0.946929 0
    outer loop
      vertex 53.1028 8.68447 0.999999
      vertex 54.2671 9.0797 0
      vertex 53.1028 8.68447 0
    endloop
  endfacet
  facet normal -0.89685 -0.442334 0
    outer loop
      vertex 48.5594 -4.7 0
      vertex 48.0155 -3.59722 0.999999
      vertex 48.0155 -3.59722 0
    endloop
  endfacet
  facet normal -0.89685 -0.442334 0
    outer loop
      vertex 48.0155 -3.59722 0.999999
      vertex 48.5594 -4.7 0
      vertex 48.5594 -4.7 0.999999
    endloop
  endfacet
  facet normal -0.659366 -0.751822 0
    outer loop
      vertex 50.0532 -6.6468 0
      vertex 50.9776 -7.45752 0.999999
      vertex 50.0532 -6.6468 0.999999
    endloop
  endfacet
  facet normal -0.659366 -0.751822 -0
    outer loop
      vertex 50.9776 -7.45752 0.999999
      vertex 50.0532 -6.6468 0
      vertex 50.9776 -7.45752 0
    endloop
  endfacet
  facet normal -0.065407 0.997859 0
    outer loop
      vertex 56.7 9.4 0
      vertex 55.4731 9.31958 0.999999
      vertex 56.7 9.4 0.999999
    endloop
  endfacet
  facet normal -0.065407 0.997859 0
    outer loop
      vertex 55.4731 9.31958 0.999999
      vertex 56.7 9.4 0
      vertex 55.4731 9.31958 0
    endloop
  endfacet
  facet normal -0.555556 -0.831479 0
    outer loop
      vertex 50.9776 -7.45752 0
      vertex 52 -8.14064 0.999999
      vertex 50.9776 -7.45752 0.999999
    endloop
  endfacet
  facet normal -0.555556 -0.831479 -0
    outer loop
      vertex 52 -8.14064 0.999999
      vertex 50.9776 -7.45752 0
      vertex 52 -8.14064 0
    endloop
  endfacet
  facet normal 0.980782 -0.195107 0
    outer loop
      vertex 65.7797 -2.4329 0.999999
      vertex 66.0196 -1.22695 0
      vertex 66.0196 -1.22695 0.999999
    endloop
  endfacet
  facet normal 0.980782 -0.195107 0
    outer loop
      vertex 66.0196 -1.22695 0
      vertex 65.7797 -2.4329 0.999999
      vertex 65.7797 -2.4329 0
    endloop
  endfacet
  facet normal -0.980782 0.195107 0
    outer loop
      vertex 47.3804 1.22695 0
      vertex 47.6203 2.4329 0.999999
      vertex 47.6203 2.4329 0
    endloop
  endfacet
  facet normal -0.980782 0.195107 0
    outer loop
      vertex 47.6203 2.4329 0.999999
      vertex 47.3804 1.22695 0
      vertex 47.3804 1.22695 0.999999
    endloop
  endfacet
  facet normal -0.831477 0.555559 0
    outer loop
      vertex 48.5594 4.7 0
      vertex 49.2425 5.72236 0.999999
      vertex 49.2425 5.72236 0
    endloop
  endfacet
  facet normal -0.831477 0.555559 0
    outer loop
      vertex 49.2425 5.72236 0.999999
      vertex 48.5594 4.7 0
      vertex 48.5594 4.7 0.999999
    endloop
  endfacet
  facet normal -0.99786 0.0653881 0
    outer loop
      vertex 47.3 0 0
      vertex 47.3804 1.22695 0.999999
      vertex 47.3804 1.22695 0
    endloop
  endfacet
  facet normal -0.99786 0.0653881 0
    outer loop
      vertex 47.3804 1.22695 0.999999
      vertex 47.3 0 0
      vertex 47.3 0 0.999999
    endloop
  endfacet
  facet normal -0.555556 0.831479 0
    outer loop
      vertex 52 8.14064 0
      vertex 50.9776 7.45752 0.999999
      vertex 52 8.14064 0.999999
    endloop
  endfacet
  facet normal -0.555556 0.831479 0
    outer loop
      vertex 50.9776 7.45752 0.999999
      vertex 52 8.14064 0
      vertex 50.9776 7.45752 0
    endloop
  endfacet
  facet normal -0.751845 -0.65934 0
    outer loop
      vertex 50.0532 -6.6468 0
      vertex 49.2425 -5.72236 0.999999
      vertex 49.2425 -5.72236 0
    endloop
  endfacet
  facet normal -0.751845 -0.65934 0
    outer loop
      vertex 49.2425 -5.72236 0.999999
      vertex 50.0532 -6.6468 0
      vertex 50.0532 -6.6468 0.999999
    endloop
  endfacet
  facet normal -0.831477 -0.555559 0
    outer loop
      vertex 49.2425 -5.72236 0
      vertex 48.5594 -4.7 0.999999
      vertex 48.5594 -4.7 0
    endloop
  endfacet
  facet normal -0.831477 -0.555559 0
    outer loop
      vertex 48.5594 -4.7 0.999999
      vertex 49.2425 -5.72236 0
      vertex 49.2425 -5.72236 0.999999
    endloop
  endfacet
  facet normal -0.99786 -0.0653881 0
    outer loop
      vertex 47.3804 -1.22695 0
      vertex 47.3 0 0.999999
      vertex 47.3 0 0
    endloop
  endfacet
  facet normal -0.99786 -0.0653881 0
    outer loop
      vertex 47.3 0 0.999999
      vertex 47.3804 -1.22695 0
      vertex 47.3804 -1.22695 0.999999
    endloop
  endfacet
  facet normal 0.065407 0.997859 -0
    outer loop
      vertex 57.9269 9.31958 0
      vertex 56.7 9.4 0.999999
      vertex 57.9269 9.31958 0.999999
    endloop
  endfacet
  facet normal 0.065407 0.997859 0
    outer loop
      vertex 56.7 9.4 0.999999
      vertex 57.9269 9.31958 0
      vertex 56.7 9.4 0
    endloop
  endfacet
  facet normal -0.751845 0.65934 0
    outer loop
      vertex 49.2425 5.72236 0
      vertex 50.0532 6.6468 0.999999
      vertex 50.0532 6.6468 0
    endloop
  endfacet
  facet normal -0.751845 0.65934 0
    outer loop
      vertex 50.0532 6.6468 0.999999
      vertex 49.2425 5.72236 0
      vertex 49.2425 5.72236 0.999999
    endloop
  endfacet
  facet normal 0.659366 -0.751822 0
    outer loop
      vertex 62.4224 -7.45752 0
      vertex 63.3468 -6.6468 0.999999
      vertex 62.4224 -7.45752 0.999999
    endloop
  endfacet
  facet normal 0.659366 -0.751822 0
    outer loop
      vertex 63.3468 -6.6468 0.999999
      vertex 62.4224 -7.45752 0
      vertex 63.3468 -6.6468 0
    endloop
  endfacet
  facet normal -0.195084 -0.980787 0
    outer loop
      vertex 54.2671 -9.0797 0
      vertex 55.4731 -9.31958 0.999999
      vertex 54.2671 -9.0797 0.999999
    endloop
  endfacet
  facet normal -0.195084 -0.980787 -0
    outer loop
      vertex 55.4731 -9.31958 0.999999
      vertex 54.2671 -9.0797 0
      vertex 55.4731 -9.31958 0
    endloop
  endfacet
  facet normal 0.659294 0 0.751886
    outer loop
      vertex -0.654068 8 2.54593
      vertex -0.563095 -8 2.46616
      vertex -0.563095 8 2.46616
    endloop
  endfacet
  facet normal 0.659294 0 0.751886
    outer loop
      vertex -0.563095 -8 2.46616
      vertex -0.654068 8 2.54593
      vertex -0.654068 -8 2.54593
    endloop
  endfacet
  facet normal -0.065379 0 0.997861
    outer loop
      vertex 0 8 2.27501
      vertex 0.120728 -8 2.28292
      vertex 0.120728 8 2.28292
    endloop
  endfacet
  facet normal -0.065379 0 0.997861
    outer loop
      vertex 0.120728 -8 2.28292
      vertex 0 8 2.27501
      vertex 0 -8 2.27501
    endloop
  endfacet
  facet normal -0.659294 0 0.751886
    outer loop
      vertex 0.563095 8 2.46616
      vertex 0.654068 -8 2.54593
      vertex 0.654068 8 2.54593
    endloop
  endfacet
  facet normal -0.659294 0 0.751886
    outer loop
      vertex 0.654068 -8 2.54593
      vertex 0.563095 8 2.46616
      vertex 0.563095 -8 2.46616
    endloop
  endfacet
  facet normal -0.442245 0 0.896894
    outer loop
      vertex 0.353973 8 2.34542
      vertex 0.462494 -8 2.39893
      vertex 0.462494 8 2.39893
    endloop
  endfacet
  facet normal -0.442245 0 0.896894
    outer loop
      vertex 0.462494 -8 2.39893
      vertex 0.353973 8 2.34542
      vertex 0.353973 -8 2.34542
    endloop
  endfacet
  facet normal 0.707108 0 -0.707106
    outer loop
      vertex 0 -8 4.50814
      vertex -0.654068 8 3.85407
      vertex 0 8 4.50814
    endloop
  endfacet
  facet normal 0.707108 0 -0.707106
    outer loop
      vertex -0.654068 8 3.85407
      vertex 0 -8 4.50814
      vertex -0.654068 -8 3.85407
    endloop
  endfacet
  facet normal 0.896883 0 -0.442268
    outer loop
      vertex -0.801071 -8 3.66249
      vertex -0.854584 8 3.55397
      vertex -0.801071 8 3.66249
    endloop
  endfacet
  facet normal 0.896883 0 -0.442268
    outer loop
      vertex -0.854584 8 3.55397
      vertex -0.801071 -8 3.66249
      vertex -0.854584 -8 3.55397
    endloop
  endfacet
  facet normal 0.751898 0 -0.659279
    outer loop
      vertex -0.654068 -8 3.85407
      vertex -0.733841 8 3.76309
      vertex -0.654068 8 3.85407
    endloop
  endfacet
  facet normal 0.751898 0 -0.659279
    outer loop
      vertex -0.733841 8 3.76309
      vertex -0.654068 -8 3.85407
      vertex -0.733841 -8 3.76309
    endloop
  endfacet
  facet normal 0.98078 0 -0.195115
    outer loop
      vertex -0.893478 -8 3.43939
      vertex -0.917084 8 3.32073
      vertex -0.893478 8 3.43939
    endloop
  endfacet
  facet normal 0.98078 0 -0.195115
    outer loop
      vertex -0.917084 8 3.32073
      vertex -0.893478 -8 3.43939
      vertex -0.917084 -8 3.32073
    endloop
  endfacet
  facet normal -0.751863 0 0.65932
    outer loop
      vertex 0.654068 -8 2.54593
      vertex 0.733841 8 2.6369
      vertex 0.654068 8 2.54593
    endloop
  endfacet
  facet normal -0.751863 0 0.65932
    outer loop
      vertex 0.733841 8 2.6369
      vertex 0.654068 -8 2.54593
      vertex 0.733841 -8 2.6369
    endloop
  endfacet
  facet normal -0.831452 0 0.555596
    outer loop
      vertex 0.733841 -8 2.6369
      vertex 0.801071 8 2.73751
      vertex 0.733841 8 2.6369
    endloop
  endfacet
  facet normal -0.831452 0 0.555596
    outer loop
      vertex 0.801071 8 2.73751
      vertex 0.733841 -8 2.6369
      vertex 0.801071 -8 2.73751
    endloop
  endfacet
  facet normal 0.997864 -0 0.0653285
    outer loop
      vertex -0.924988 -8 3.2
      vertex -0.917084 8 3.07927
      vertex -0.924988 8 3.2
    endloop
  endfacet
  facet normal 0.997864 0 0.0653285
    outer loop
      vertex -0.917084 8 3.07927
      vertex -0.924988 -8 3.2
      vertex -0.917084 -8 3.07927
    endloop
  endfacet
  facet normal -0.555631 0 0.831429
    outer loop
      vertex 0.462494 8 2.39893
      vertex 0.563095 -8 2.46616
      vertex 0.563095 8 2.46616
    endloop
  endfacet
  facet normal -0.555631 0 0.831429
    outer loop
      vertex 0.563095 -8 2.46616
      vertex 0.462494 8 2.39893
      vertex 0.462494 -8 2.39893
    endloop
  endfacet
  facet normal 0.896883 -0 0.442268
    outer loop
      vertex -0.854584 -8 2.84603
      vertex -0.801071 8 2.73751
      vertex -0.854584 8 2.84603
    endloop
  endfacet
  facet normal 0.896883 0 0.442268
    outer loop
      vertex -0.801071 8 2.73751
      vertex -0.854584 -8 2.84603
      vertex -0.801071 -8 2.73751
    endloop
  endfacet
  facet normal 0.980784 -0 0.195099
    outer loop
      vertex -0.917084 -8 3.07927
      vertex -0.893478 8 2.9606
      vertex -0.917084 8 3.07927
    endloop
  endfacet
  facet normal 0.980784 0 0.195099
    outer loop
      vertex -0.893478 8 2.9606
      vertex -0.917084 -8 3.07927
      vertex -0.893478 -8 2.9606
    endloop
  endfacet
  facet normal -0.707108 0 -0.707106
    outer loop
      vertex 0.654068 -8 3.85407
      vertex 0 8 4.50814
      vertex 0.654068 8 3.85407
    endloop
  endfacet
  facet normal -0.707108 -0 -0.707106
    outer loop
      vertex 0 8 4.50814
      vertex 0.654068 -8 3.85407
      vertex 0 -8 4.50814
    endloop
  endfacet
  facet normal 0.946923 -0 0.32146
    outer loop
      vertex -0.893478 -8 2.9606
      vertex -0.854584 8 2.84603
      vertex -0.893478 8 2.9606
    endloop
  endfacet
  facet normal 0.946923 0 0.32146
    outer loop
      vertex -0.854584 8 2.84603
      vertex -0.893478 -8 2.9606
      vertex -0.854584 -8 2.84603
    endloop
  endfacet
  facet normal 0.831452 -0 0.555596
    outer loop
      vertex -0.801071 -8 2.73751
      vertex -0.733841 8 2.6369
      vertex -0.801071 8 2.73751
    endloop
  endfacet
  facet normal 0.831452 0 0.555596
    outer loop
      vertex -0.733841 8 2.6369
      vertex -0.801071 -8 2.73751
      vertex -0.733841 -8 2.6369
    endloop
  endfacet
  facet normal 0.065379 0 0.997861
    outer loop
      vertex -0.120728 8 2.28292
      vertex 0 -8 2.27501
      vertex 0 8 2.27501
    endloop
  endfacet
  facet normal 0.065379 0 0.997861
    outer loop
      vertex 0 -8 2.27501
      vertex -0.120728 8 2.28292
      vertex -0.120728 -8 2.28292
    endloop
  endfacet
  facet normal 0.195056 0 0.980792
    outer loop
      vertex -0.239395 8 2.30652
      vertex -0.120728 -8 2.28292
      vertex -0.120728 8 2.28292
    endloop
  endfacet
  facet normal 0.195056 0 0.980792
    outer loop
      vertex -0.120728 -8 2.28292
      vertex -0.239395 8 2.30652
      vertex -0.239395 -8 2.30652
    endloop
  endfacet
  facet normal -0.195056 0 0.980792
    outer loop
      vertex 0.120728 8 2.28292
      vertex 0.239395 -8 2.30652
      vertex 0.239395 8 2.30652
    endloop
  endfacet
  facet normal -0.195056 0 0.980792
    outer loop
      vertex 0.239395 -8 2.30652
      vertex 0.120728 8 2.28292
      vertex 0.120728 -8 2.28292
    endloop
  endfacet
  facet normal -0.751898 0 -0.659279
    outer loop
      vertex 0.733841 -8 3.76309
      vertex 0.654068 8 3.85407
      vertex 0.733841 8 3.76309
    endloop
  endfacet
  facet normal -0.751898 -0 -0.659279
    outer loop
      vertex 0.654068 8 3.85407
      vertex 0.733841 -8 3.76309
      vertex 0.654068 -8 3.85407
    endloop
  endfacet
  facet normal -0.997864 0 -0.0653285
    outer loop
      vertex 0.924988 -8 3.2
      vertex 0.917084 8 3.32073
      vertex 0.924988 8 3.2
    endloop
  endfacet
  facet normal -0.997864 -0 -0.0653285
    outer loop
      vertex 0.917084 8 3.32073
      vertex 0.924988 -8 3.2
      vertex 0.917084 -8 3.32073
    endloop
  endfacet
  facet normal 0.442245 0 0.896894
    outer loop
      vertex -0.462494 8 2.39893
      vertex -0.353973 -8 2.34542
      vertex -0.353973 8 2.34542
    endloop
  endfacet
  facet normal 0.442245 0 0.896894
    outer loop
      vertex -0.353973 -8 2.34542
      vertex -0.462494 8 2.39893
      vertex -0.462494 -8 2.39893
    endloop
  endfacet
  facet normal 0.555631 0 0.831429
    outer loop
      vertex -0.563095 8 2.46616
      vertex -0.462494 -8 2.39893
      vertex -0.462494 8 2.39893
    endloop
  endfacet
  facet normal 0.555631 0 0.831429
    outer loop
      vertex -0.462494 -8 2.39893
      vertex -0.563095 8 2.46616
      vertex -0.563095 -8 2.46616
    endloop
  endfacet
  facet normal -0.997864 0 0.0653285
    outer loop
      vertex 0.917084 -8 3.07927
      vertex 0.924988 8 3.2
      vertex 0.917084 8 3.07927
    endloop
  endfacet
  facet normal -0.997864 0 0.0653285
    outer loop
      vertex 0.924988 8 3.2
      vertex 0.917084 -8 3.07927
      vertex 0.924988 -8 3.2
    endloop
  endfacet
  facet normal 0.946932 0 -0.321435
    outer loop
      vertex -0.854584 -8 3.55397
      vertex -0.893478 8 3.43939
      vertex -0.854584 8 3.55397
    endloop
  endfacet
  facet normal 0.946932 0 -0.321435
    outer loop
      vertex -0.893478 8 3.43939
      vertex -0.854584 -8 3.55397
      vertex -0.893478 -8 3.43939
    endloop
  endfacet
  facet normal 0.831427 0 -0.555634
    outer loop
      vertex -0.733841 -8 3.76309
      vertex -0.801071 8 3.66249
      vertex -0.733841 8 3.76309
    endloop
  endfacet
  facet normal 0.831427 0 -0.555634
    outer loop
      vertex -0.801071 8 3.66249
      vertex -0.733841 -8 3.76309
      vertex -0.801071 -8 3.66249
    endloop
  endfacet
  facet normal 0.321484 0 0.946915
    outer loop
      vertex -0.353973 8 2.34542
      vertex -0.239395 -8 2.30652
      vertex -0.239395 8 2.30652
    endloop
  endfacet
  facet normal 0.321484 0 0.946915
    outer loop
      vertex -0.239395 -8 2.30652
      vertex -0.353973 8 2.34542
      vertex -0.353973 -8 2.34542
    endloop
  endfacet
  facet normal -0.980784 0 0.195099
    outer loop
      vertex 0.893478 -8 2.9606
      vertex 0.917084 8 3.07927
      vertex 0.893478 8 2.9606
    endloop
  endfacet
  facet normal -0.980784 0 0.195099
    outer loop
      vertex 0.917084 8 3.07927
      vertex 0.893478 -8 2.9606
      vertex 0.917084 -8 3.07927
    endloop
  endfacet
  facet normal -0.831427 0 -0.555634
    outer loop
      vertex 0.801071 -8 3.66249
      vertex 0.733841 8 3.76309
      vertex 0.801071 8 3.66249
    endloop
  endfacet
  facet normal -0.831427 -0 -0.555634
    outer loop
      vertex 0.733841 8 3.76309
      vertex 0.801071 -8 3.66249
      vertex 0.733841 -8 3.76309
    endloop
  endfacet
  facet normal -0.946923 0 0.32146
    outer loop
      vertex 0.854584 -8 2.84603
      vertex 0.893478 8 2.9606
      vertex 0.854584 8 2.84603
    endloop
  endfacet
  facet normal -0.946923 0 0.32146
    outer loop
      vertex 0.893478 8 2.9606
      vertex 0.854584 -8 2.84603
      vertex 0.893478 -8 2.9606
    endloop
  endfacet
  facet normal 0.997864 0 -0.0653285
    outer loop
      vertex -0.917084 -8 3.32073
      vertex -0.924988 8 3.2
      vertex -0.917084 8 3.32073
    endloop
  endfacet
  facet normal 0.997864 0 -0.0653285
    outer loop
      vertex -0.924988 8 3.2
      vertex -0.917084 -8 3.32073
      vertex -0.924988 -8 3.2
    endloop
  endfacet
  facet normal -0.896883 0 -0.442268
    outer loop
      vertex 0.854584 -8 3.55397
      vertex 0.801071 8 3.66249
      vertex 0.854584 8 3.55397
    endloop
  endfacet
  facet normal -0.896883 -0 -0.442268
    outer loop
      vertex 0.801071 8 3.66249
      vertex 0.854584 -8 3.55397
      vertex 0.801071 -8 3.66249
    endloop
  endfacet
  facet normal -0.946932 0 -0.321435
    outer loop
      vertex 0.893478 -8 3.43939
      vertex 0.854584 8 3.55397
      vertex 0.893478 8 3.43939
    endloop
  endfacet
  facet normal -0.946932 -0 -0.321435
    outer loop
      vertex 0.854584 8 3.55397
      vertex 0.893478 -8 3.43939
      vertex 0.854584 -8 3.55397
    endloop
  endfacet
  facet normal -0.98078 0 -0.195115
    outer loop
      vertex 0.917084 -8 3.32073
      vertex 0.893478 8 3.43939
      vertex 0.917084 8 3.32073
    endloop
  endfacet
  facet normal -0.98078 -0 -0.195115
    outer loop
      vertex 0.893478 8 3.43939
      vertex 0.917084 -8 3.32073
      vertex 0.893478 -8 3.43939
    endloop
  endfacet
  facet normal -0.896883 0 0.442268
    outer loop
      vertex 0.801071 -8 2.73751
      vertex 0.854584 8 2.84603
      vertex 0.801071 8 2.73751
    endloop
  endfacet
  facet normal -0.896883 0 0.442268
    outer loop
      vertex 0.854584 8 2.84603
      vertex 0.801071 -8 2.73751
      vertex 0.854584 -8 2.84603
    endloop
  endfacet
  facet normal 0.751863 -0 0.65932
    outer loop
      vertex -0.733841 -8 2.6369
      vertex -0.654068 8 2.54593
      vertex -0.733841 8 2.6369
    endloop
  endfacet
  facet normal 0.751863 0 0.65932
    outer loop
      vertex -0.654068 8 2.54593
      vertex -0.733841 -8 2.6369
      vertex -0.654068 -8 2.54593
    endloop
  endfacet
  facet normal -0.321484 0 0.946915
    outer loop
      vertex 0.239395 8 2.30652
      vertex 0.353973 -8 2.34542
      vertex 0.353973 8 2.34542
    endloop
  endfacet
  facet normal -0.321484 0 0.946915
    outer loop
      vertex 0.353973 -8 2.34542
      vertex 0.239395 8 2.30652
      vertex 0.239395 -8 2.30652
    endloop
  endfacet
  facet normal -0 -1 0
    outer loop
      vertex 32.79 8.01 2.7
      vertex 30.7 8.01 2.7
      vertex 30.7 8.01 0.599994
    endloop
  endfacet
  facet normal 0.708777 -0 0.705433
    outer loop
      vertex 28.6099 -8 2.7
      vertex 30.7 8 0.599991
      vertex 28.6099 8 2.7
    endloop
  endfacet
  facet normal 0.708777 0 0.705433
    outer loop
      vertex 30.7 8 0.599991
      vertex 28.6099 -8 2.7
      vertex 30.7 -8 0.599991
    endloop
  endfacet
  facet normal -1 0 0
    outer loop
      vertex 30.7 8 0.599991
      vertex 30.7 -8 0.599991
      vertex 30.7 8 0.599994
    endloop
  endfacet
  facet normal -0.708793 0 0.705416
    outer loop
      vertex 30.7 8 0.599994
      vertex 32.79 8.01 2.7
      vertex 30.7 8.01 0.599994
    endloop
  endfacet
  facet normal -1 0 0
    outer loop
      vertex 30.7 -8 0.599994
      vertex 30.7 8 0.599994
      vertex 30.7 -8 0.599991
    endloop
  endfacet
  facet normal -0.708793 0 0.705416
    outer loop
      vertex 30.7 8 0.599994
      vertex 30.7 -8 0.599994
      vertex 32.79 8.01 2.7
    endloop
  endfacet
  facet normal -0.708793 0 0.705416
    outer loop
      vertex 32.79 -8.01 2.7
      vertex 30.7 -8 0.599994
      vertex 30.7 -8.01 0.599994
    endloop
  endfacet
  facet normal -0.708793 0 0.705416
    outer loop
      vertex 30.7 -8 0.599994
      vertex 32.79 -8.01 2.7
      vertex 32.79 8.01 2.7
    endloop
  endfacet
  facet normal -0 1 0
    outer loop
      vertex 30.7 -8.01 2.7
      vertex 32.79 -8.01 2.7
      vertex 30.7 -8.01 0.599994
    endloop
  endfacet
  facet normal -0.321421 0.946936 0
    outer loop
      vertex 57.8768 -2.84093 0.599999
      vertex 57.4959 -2.97022 2.7
      vertex 57.8768 -2.84093 2.7
    endloop
  endfacet
  facet normal -0.321421 0.946936 0
    outer loop
      vertex 57.4959 -2.97022 2.7
      vertex 57.8768 -2.84093 0.599999
      vertex 57.4959 -2.97022 0.599999
    endloop
  endfacet
  facet normal -0.65924 -0.751933 0
    outer loop
      vertex 58.5719 2.43956 0.599999
      vertex 58.8744 2.17435 2.7
      vertex 58.5719 2.43956 2.7
    endloop
  endfacet
  facet normal -0.65924 -0.751933 -0
    outer loop
      vertex 58.8744 2.17435 2.7
      vertex 58.5719 2.43956 0.599999
      vertex 58.8744 2.17435 0.599999
    endloop
  endfacet
  facet normal 0.442334 0.896851 -0
    outer loop
      vertex 55.5232 -2.84093 0.599999
      vertex 55.1625 -2.66303 2.7
      vertex 55.5232 -2.84093 2.7
    endloop
  endfacet
  facet normal 0.442334 0.896851 0
    outer loop
      vertex 55.1625 -2.66303 2.7
      vertex 55.5232 -2.84093 0.599999
      vertex 55.1625 -2.66303 0.599999
    endloop
  endfacet
  facet normal 0.980772 0.195159 0
    outer loop
      vertex 53.7298 -0.795868 2.7
      vertex 53.6513 -0.401367 0.599999
      vertex 53.6513 -0.401367 2.7
    endloop
  endfacet
  facet normal 0.980772 0.195159 0
    outer loop
      vertex 53.6513 -0.401367 0.599999
      vertex 53.7298 -0.795868 2.7
      vertex 53.7298 -0.795868 0.599999
    endloop
  endfacet
  facet normal -0.99786 0.0653858 0
    outer loop
      vertex 59.7487 -0.401367 0.599999
      vertex 59.775 0 2.7
      vertex 59.775 0 0.599999
    endloop
  endfacet
  facet normal -0.99786 0.0653858 0
    outer loop
      vertex 59.775 0 2.7
      vertex 59.7487 -0.401367 0.599999
      vertex 59.7487 -0.401367 2.7
    endloop
  endfacet
  facet normal -0.896875 0.442284 0
    outer loop
      vertex 59.363 -1.5375 0.599999
      vertex 59.5409 -1.17675 2.7
      vertex 59.5409 -1.17675 0.599999
    endloop
  endfacet
  facet normal -0.896875 0.442284 0
    outer loop
      vertex 59.5409 -1.17675 2.7
      vertex 59.363 -1.5375 0.599999
      vertex 59.363 -1.5375 2.7
    endloop
  endfacet
  facet normal 0.65924 0.751933 -0
    outer loop
      vertex 54.8281 -2.43956 0.599999
      vertex 54.5256 -2.17435 2.7
      vertex 54.8281 -2.43956 2.7
    endloop
  endfacet
  facet normal 0.65924 0.751933 0
    outer loop
      vertex 54.5256 -2.17435 2.7
      vertex 54.8281 -2.43956 0.599999
      vertex 54.5256 -2.17435 0.599999
    endloop
  endfacet
  facet normal 0.0654052 0.997859 -0
    outer loop
      vertex 56.7 -3.075 0.599999
      vertex 56.2986 -3.04869 2.7
      vertex 56.7 -3.075 2.7
    endloop
  endfacet
  facet normal 0.0654052 0.997859 0
    outer loop
      vertex 56.2986 -3.04869 2.7
      vertex 56.7 -3.075 0.599999
      vertex 56.2986 -3.04869 0.599999
    endloop
  endfacet
  facet normal 0.980772 -0.195159 0
    outer loop
      vertex 53.6513 0.401367 2.7
      vertex 53.7298 0.795868 0.599999
      vertex 53.7298 0.795868 2.7
    endloop
  endfacet
  facet normal 0.980772 -0.195159 0
    outer loop
      vertex 53.7298 0.795868 0.599999
      vertex 53.6513 0.401367 2.7
      vertex 53.6513 0.401367 0.599999
    endloop
  endfacet
  facet normal -0.99786 -0.0653858 0
    outer loop
      vertex 59.775 0 0.599999
      vertex 59.7487 0.401367 2.7
      vertex 59.7487 0.401367 0.599999
    endloop
  endfacet
  facet normal -0.99786 -0.0653858 0
    outer loop
      vertex 59.7487 0.401367 2.7
      vertex 59.775 0 0.599999
      vertex 59.775 0 2.7
    endloop
  endfacet
  facet normal 0.751848 -0.659337 0
    outer loop
      vertex 54.2604 1.87194 2.7
      vertex 54.5256 2.17435 0.599999
      vertex 54.5256 2.17435 2.7
    endloop
  endfacet
  facet normal 0.751848 -0.659337 0
    outer loop
      vertex 54.5256 2.17435 0.599999
      vertex 54.2604 1.87194 2.7
      vertex 54.2604 1.87194 0.599999
    endloop
  endfacet
  facet normal -0.751848 -0.659337 0
    outer loop
      vertex 59.1396 1.87194 0.599999
      vertex 58.8744 2.17435 2.7
      vertex 58.8744 2.17435 0.599999
    endloop
  endfacet
  facet normal -0.751848 -0.659337 0
    outer loop
      vertex 58.8744 2.17435 2.7
      vertex 59.1396 1.87194 0.599999
      vertex 59.1396 1.87194 2.7
    endloop
  endfacet
  facet normal -0.65924 0.751933 0
    outer loop
      vertex 58.8744 -2.17435 0.599999
      vertex 58.5719 -2.43956 2.7
      vertex 58.8744 -2.17435 2.7
    endloop
  endfacet
  facet normal -0.65924 0.751933 0
    outer loop
      vertex 58.5719 -2.43956 2.7
      vertex 58.8744 -2.17435 0.599999
      vertex 58.5719 -2.43956 0.599999
    endloop
  endfacet
  facet normal 0.195088 -0.980786 0
    outer loop
      vertex 55.9041 2.97022 0.599999
      vertex 56.2986 3.04869 2.7
      vertex 55.9041 2.97022 2.7
    endloop
  endfacet
  facet normal 0.195088 -0.980786 0
    outer loop
      vertex 56.2986 3.04869 2.7
      vertex 55.9041 2.97022 0.599999
      vertex 56.2986 3.04869 0.599999
    endloop
  endfacet
  facet normal -0.980772 -0.195159 0
    outer loop
      vertex 59.7487 0.401367 0.599999
      vertex 59.6702 0.795868 2.7
      vertex 59.6702 0.795868 0.599999
    endloop
  endfacet
  facet normal -0.980772 -0.195159 0
    outer loop
      vertex 59.6702 0.795868 2.7
      vertex 59.7487 0.401367 0.599999
      vertex 59.7487 0.401367 2.7
    endloop
  endfacet
  facet normal 0.831545 0.555457 0
    outer loop
      vertex 54.2604 -1.87194 2.7
      vertex 54.037 -1.5375 0.599999
      vertex 54.037 -1.5375 2.7
    endloop
  endfacet
  facet normal 0.831545 0.555457 0
    outer loop
      vertex 54.037 -1.5375 0.599999
      vertex 54.2604 -1.87194 2.7
      vertex 54.2604 -1.87194 0.599999
    endloop
  endfacet
  facet normal -0.555624 -0.831434 0
    outer loop
      vertex 58.2375 2.66303 0.599999
      vertex 58.5719 2.43956 2.7
      vertex 58.2375 2.66303 2.7
    endloop
  endfacet
  facet normal -0.555624 -0.831434 -0
    outer loop
      vertex 58.5719 2.43956 2.7
      vertex 58.2375 2.66303 0.599999
      vertex 58.5719 2.43956 0.599999
    endloop
  endfacet
  facet normal 0.555624 -0.831434 0
    outer loop
      vertex 54.8281 2.43956 0.599999
      vertex 55.1625 2.66303 2.7
      vertex 54.8281 2.43956 2.7
    endloop
  endfacet
  facet normal 0.555624 -0.831434 0
    outer loop
      vertex 55.1625 2.66303 2.7
      vertex 54.8281 2.43956 0.599999
      vertex 55.1625 2.66303 0.599999
    endloop
  endfacet
  facet normal -0.831545 0.555457 0
    outer loop
      vertex 59.1396 -1.87194 0.599999
      vertex 59.363 -1.5375 2.7
      vertex 59.363 -1.5375 0.599999
    endloop
  endfacet
  facet normal -0.831545 0.555457 0
    outer loop
      vertex 59.363 -1.5375 2.7
      vertex 59.1396 -1.87194 0.599999
      vertex 59.1396 -1.87194 2.7
    endloop
  endfacet
  facet normal -0.321421 -0.946936 0
    outer loop
      vertex 57.4959 2.97022 0.599999
      vertex 57.8768 2.84093 2.7
      vertex 57.4959 2.97022 2.7
    endloop
  endfacet
  facet normal -0.321421 -0.946936 -0
    outer loop
      vertex 57.8768 2.84093 2.7
      vertex 57.4959 2.97022 0.599999
      vertex 57.8768 2.84093 0.599999
    endloop
  endfacet
  facet normal -0.442334 0.896851 0
    outer loop
      vertex 58.2375 -2.66303 0.599999
      vertex 57.8768 -2.84093 2.7
      vertex 58.2375 -2.66303 2.7
    endloop
  endfacet
  facet normal -0.442334 0.896851 0
    outer loop
      vertex 57.8768 -2.84093 2.7
      vertex 58.2375 -2.66303 0.599999
      vertex 57.8768 -2.84093 0.599999
    endloop
  endfacet
  facet normal -0.442334 -0.896851 0
    outer loop
      vertex 57.8768 2.84093 0.599999
      vertex 58.2375 2.66303 2.7
      vertex 57.8768 2.84093 2.7
    endloop
  endfacet
  facet normal -0.442334 -0.896851 -0
    outer loop
      vertex 58.2375 2.66303 2.7
      vertex 57.8768 2.84093 0.599999
      vertex 58.2375 2.66303 0.599999
    endloop
  endfacet
  facet normal 0.751848 0.659337 0
    outer loop
      vertex 54.5256 -2.17435 2.7
      vertex 54.2604 -1.87194 0.599999
      vertex 54.2604 -1.87194 2.7
    endloop
  endfacet
  facet normal 0.751848 0.659337 0
    outer loop
      vertex 54.2604 -1.87194 0.599999
      vertex 54.5256 -2.17435 2.7
      vertex 54.5256 -2.17435 0.599999
    endloop
  endfacet
  facet normal -0.195088 0.980786 0
    outer loop
      vertex 57.4959 -2.97022 0.599999
      vertex 57.1014 -3.04869 2.7
      vertex 57.4959 -2.97022 2.7
    endloop
  endfacet
  facet normal -0.195088 0.980786 0
    outer loop
      vertex 57.1014 -3.04869 2.7
      vertex 57.4959 -2.97022 0.599999
      vertex 57.1014 -3.04869 0.599999
    endloop
  endfacet
  facet normal -0.195088 -0.980786 0
    outer loop
      vertex 57.1014 3.04869 0.599999
      vertex 57.4959 2.97022 2.7
      vertex 57.1014 3.04869 2.7
    endloop
  endfacet
  facet normal -0.195088 -0.980786 -0
    outer loop
      vertex 57.4959 2.97022 2.7
      vertex 57.1014 3.04869 0.599999
      vertex 57.4959 2.97022 0.599999
    endloop
  endfacet
  facet normal -0.0654052 0.997859 0
    outer loop
      vertex 57.1014 -3.04869 0.599999
      vertex 56.7 -3.075 2.7
      vertex 57.1014 -3.04869 2.7
    endloop
  endfacet
  facet normal -0.0654052 0.997859 0
    outer loop
      vertex 56.7 -3.075 2.7
      vertex 57.1014 -3.04869 0.599999
      vertex 56.7 -3.075 0.599999
    endloop
  endfacet
  facet normal -0.831545 -0.555457 0
    outer loop
      vertex 59.363 1.5375 0.599999
      vertex 59.1396 1.87194 2.7
      vertex 59.1396 1.87194 0.599999
    endloop
  endfacet
  facet normal -0.831545 -0.555457 0
    outer loop
      vertex 59.1396 1.87194 2.7
      vertex 59.363 1.5375 0.599999
      vertex 59.363 1.5375 2.7
    endloop
  endfacet
  facet normal 0.0654052 -0.997859 0
    outer loop
      vertex 56.2986 3.04869 0.599999
      vertex 56.7 3.075 2.7
      vertex 56.2986 3.04869 2.7
    endloop
  endfacet
  facet normal 0.0654052 -0.997859 0
    outer loop
      vertex 56.7 3.075 2.7
      vertex 56.2986 3.04869 0.599999
      vertex 56.7 3.075 0.599999
    endloop
  endfacet
  facet normal -0.0654052 -0.997859 0
    outer loop
      vertex 56.7 3.075 0.599999
      vertex 57.1014 3.04869 2.7
      vertex 56.7 3.075 2.7
    endloop
  endfacet
  facet normal -0.0654052 -0.997859 -0
    outer loop
      vertex 57.1014 3.04869 2.7
      vertex 56.7 3.075 0.599999
      vertex 57.1014 3.04869 0.599999
    endloop
  endfacet
  facet normal -0.946924 -0.321457 0
    outer loop
      vertex 59.6702 0.795868 0.599999
      vertex 59.5409 1.17675 2.7
      vertex 59.5409 1.17675 0.599999
    endloop
  endfacet
  facet normal -0.946924 -0.321457 0
    outer loop
      vertex 59.5409 1.17675 2.7
      vertex 59.6702 0.795868 0.599999
      vertex 59.6702 0.795868 2.7
    endloop
  endfacet
  facet normal 0.831545 -0.555457 0
    outer loop
      vertex 54.037 1.5375 2.7
      vertex 54.2604 1.87194 0.599999
      vertex 54.2604 1.87194 2.7
    endloop
  endfacet
  facet normal 0.831545 -0.555457 0
    outer loop
      vertex 54.2604 1.87194 0.599999
      vertex 54.037 1.5375 2.7
      vertex 54.037 1.5375 0.599999
    endloop
  endfacet
  facet normal 0.442334 -0.896851 0
    outer loop
      vertex 55.1625 2.66303 0.599999
      vertex 55.5232 2.84093 2.7
      vertex 55.1625 2.66303 2.7
    endloop
  endfacet
  facet normal 0.442334 -0.896851 0
    outer loop
      vertex 55.5232 2.84093 2.7
      vertex 55.1625 2.66303 0.599999
      vertex 55.5232 2.84093 0.599999
    endloop
  endfacet
  facet normal 0.896875 0.442284 0
    outer loop
      vertex 54.037 -1.5375 2.7
      vertex 53.8591 -1.17675 0.599999
      vertex 53.8591 -1.17675 2.7
    endloop
  endfacet
  facet normal 0.896875 0.442284 0
    outer loop
      vertex 53.8591 -1.17675 0.599999
      vertex 54.037 -1.5375 2.7
      vertex 54.037 -1.5375 0.599999
    endloop
  endfacet
  facet normal 0.555624 0.831434 -0
    outer loop
      vertex 55.1625 -2.66303 0.599999
      vertex 54.8281 -2.43956 2.7
      vertex 55.1625 -2.66303 2.7
    endloop
  endfacet
  facet normal 0.555624 0.831434 0
    outer loop
      vertex 54.8281 -2.43956 2.7
      vertex 55.1625 -2.66303 0.599999
      vertex 54.8281 -2.43956 0.599999
    endloop
  endfacet
  facet normal -0.980772 0.195159 0
    outer loop
      vertex 59.6702 -0.795868 0.599999
      vertex 59.7487 -0.401367 2.7
      vertex 59.7487 -0.401367 0.599999
    endloop
  endfacet
  facet normal -0.980772 0.195159 0
    outer loop
      vertex 59.7487 -0.401367 2.7
      vertex 59.6702 -0.795868 0.599999
      vertex 59.6702 -0.795868 2.7
    endloop
  endfacet
  facet normal 0.65924 -0.751933 0
    outer loop
      vertex 54.5256 2.17435 0.599999
      vertex 54.8281 2.43956 2.7
      vertex 54.5256 2.17435 2.7
    endloop
  endfacet
  facet normal 0.65924 -0.751933 0
    outer loop
      vertex 54.8281 2.43956 2.7
      vertex 54.5256 2.17435 0.599999
      vertex 54.8281 2.43956 0.599999
    endloop
  endfacet
  facet normal 0.946924 -0.321457 0
    outer loop
      vertex 53.7298 0.795868 2.7
      vertex 53.8591 1.17675 0.599999
      vertex 53.8591 1.17675 2.7
    endloop
  endfacet
  facet normal 0.946924 -0.321457 0
    outer loop
      vertex 53.8591 1.17675 0.599999
      vertex 53.7298 0.795868 2.7
      vertex 53.7298 0.795868 0.599999
    endloop
  endfacet
  facet normal 0.321421 -0.946936 0
    outer loop
      vertex 55.5232 2.84093 0.599999
      vertex 55.9041 2.97022 2.7
      vertex 55.5232 2.84093 2.7
    endloop
  endfacet
  facet normal 0.321421 -0.946936 0
    outer loop
      vertex 55.9041 2.97022 2.7
      vertex 55.5232 2.84093 0.599999
      vertex 55.9041 2.97022 0.599999
    endloop
  endfacet
  facet normal -0.896875 -0.442284 0
    outer loop
      vertex 59.5409 1.17675 0.599999
      vertex 59.363 1.5375 2.7
      vertex 59.363 1.5375 0.599999
    endloop
  endfacet
  facet normal -0.896875 -0.442284 0
    outer loop
      vertex 59.363 1.5375 2.7
      vertex 59.5409 1.17675 0.599999
      vertex 59.5409 1.17675 2.7
    endloop
  endfacet
  facet normal 0 0 1
    outer loop
      vertex 59.7487 0.401367 0.599999
      vertex 59.7487 -0.401367 0.599999
      vertex 59.775 0 0.599999
    endloop
  endfacet
  facet normal 0 0 1
    outer loop
      vertex 59.6702 0.795868 0.599999
      vertex 59.7487 -0.401367 0.599999
      vertex 59.7487 0.401367 0.599999
    endloop
  endfacet
  facet normal 0 0 1
    outer loop
      vertex 59.6702 0.795868 0.599999
      vertex 59.6702 -0.795868 0.599999
      vertex 59.7487 -0.401367 0.599999
    endloop
  endfacet
  facet normal 0 0 1
    outer loop
      vertex 59.5409 1.17675 0.599999
      vertex 59.6702 -0.795868 0.599999
      vertex 59.6702 0.795868 0.599999
    endloop
  endfacet
  facet normal 0 0 1
    outer loop
      vertex 59.5409 1.17675 0.599999
      vertex 59.5409 -1.17675 0.599999
      vertex 59.6702 -0.795868 0.599999
    endloop
  endfacet
  facet normal 0 0 1
    outer loop
      vertex 59.363 1.5375 0.599999
      vertex 59.5409 -1.17675 0.599999
      vertex 59.5409 1.17675 0.599999
    endloop
  endfacet
  facet normal 0 0 1
    outer loop
      vertex 59.363 1.5375 0.599999
      vertex 59.363 -1.5375 0.599999
      vertex 59.5409 -1.17675 0.599999
    endloop
  endfacet
  facet normal 0 0 1
    outer loop
      vertex 59.1396 1.87194 0.599999
      vertex 59.363 -1.5375 0.599999
      vertex 59.363 1.5375 0.599999
    endloop
  endfacet
  facet normal 0 0 1
    outer loop
      vertex 59.1396 1.87194 0.599999
      vertex 59.1396 -1.87194 0.599999
      vertex 59.363 -1.5375 0.599999
    endloop
  endfacet
  facet normal 0 0 1
    outer loop
      vertex 58.8744 2.17435 0.599999
      vertex 59.1396 -1.87194 0.599999
      vertex 59.1396 1.87194 0.599999
    endloop
  endfacet
  facet normal 0 0 1
    outer loop
      vertex 58.8744 2.17435 0.599999
      vertex 58.8744 -2.17435 0.599999
      vertex 59.1396 -1.87194 0.599999
    endloop
  endfacet
  facet normal 0 0 1
    outer loop
      vertex 58.5719 2.43956 0.599999
      vertex 58.8744 -2.17435 0.599999
      vertex 58.8744 2.17435 0.599999
    endloop
  endfacet
  facet normal 0 0 1
    outer loop
      vertex 58.5719 2.43956 0.599999
      vertex 58.5719 -2.43956 0.599999
      vertex 58.8744 -2.17435 0.599999
    endloop
  endfacet
  facet normal 0 0 1
    outer loop
      vertex 58.2375 2.66303 0.599999
      vertex 58.5719 -2.43956 0.599999
      vertex 58.5719 2.43956 0.599999
    endloop
  endfacet
  facet normal 0 0 1
    outer loop
      vertex 58.2375 2.66303 0.599999
      vertex 58.2375 -2.66303 0.599999
      vertex 58.5719 -2.43956 0.599999
    endloop
  endfacet
  facet normal 0 0 1
    outer loop
      vertex 57.8768 2.84093 0.599999
      vertex 58.2375 -2.66303 0.599999
      vertex 58.2375 2.66303 0.599999
    endloop
  endfacet
  facet normal 0 0 1
    outer loop
      vertex 57.8768 2.84093 0.599999
      vertex 57.8768 -2.84093 0.599999
      vertex 58.2375 -2.66303 0.599999
    endloop
  endfacet
  facet normal 0 0 1
    outer loop
      vertex 57.4959 2.97022 0.599999
      vertex 57.8768 -2.84093 0.599999
      vertex 57.8768 2.84093 0.599999
    endloop
  endfacet
  facet normal 0 0 1
    outer loop
      vertex 57.4959 2.97022 0.599999
      vertex 57.4959 -2.97022 0.599999
      vertex 57.8768 -2.84093 0.599999
    endloop
  endfacet
  facet normal 0 0 1
    outer loop
      vertex 57.1014 3.04869 0.599999
      vertex 57.4959 -2.97022 0.599999
      vertex 57.4959 2.97022 0.599999
    endloop
  endfacet
  facet normal 0 0 1
    outer loop
      vertex 57.1014 3.04869 0.599999
      vertex 57.1014 -3.04869 0.599999
      vertex 57.4959 -2.97022 0.599999
    endloop
  endfacet
  facet normal 0 0 1
    outer loop
      vertex 56.7 3.075 0.599999
      vertex 57.1014 -3.04869 0.599999
      vertex 57.1014 3.04869 0.599999
    endloop
  endfacet
  facet normal 0 0 1
    outer loop
      vertex 56.7 3.075 0.599999
      vertex 56.7 -3.075 0.599999
      vertex 57.1014 -3.04869 0.599999
    endloop
  endfacet
  facet normal -0 0 1
    outer loop
      vertex 56.2986 3.04869 0.599999
      vertex 56.7 -3.075 0.599999
      vertex 56.7 3.075 0.599999
    endloop
  endfacet
  facet normal 0 0 1
    outer loop
      vertex 56.2986 3.04869 0.599999
      vertex 56.2986 -3.04869 0.599999
      vertex 56.7 -3.075 0.599999
    endloop
  endfacet
  facet normal -0 0 1
    outer loop
      vertex 55.9041 2.97022 0.599999
      vertex 56.2986 -3.04869 0.599999
      vertex 56.2986 3.04869 0.599999
    endloop
  endfacet
  facet normal 0 0 1
    outer loop
      vertex 55.9041 2.97022 0.599999
      vertex 55.9041 -2.97022 0.599999
      vertex 56.2986 -3.04869 0.599999
    endloop
  endfacet
  facet normal -0 0 1
    outer loop
      vertex 55.5232 2.84093 0.599999
      vertex 55.9041 -2.97022 0.599999
      vertex 55.9041 2.97022 0.599999
    endloop
  endfacet
  facet normal 0 0 1
    outer loop
      vertex 55.5232 2.84093 0.599999
      vertex 55.5232 -2.84093 0.599999
      vertex 55.9041 -2.97022 0.599999
    endloop
  endfacet
  facet normal -0 0 1
    outer loop
      vertex 55.1625 2.66303 0.599999
      vertex 55.5232 -2.84093 0.599999
      vertex 55.5232 2.84093 0.599999
    endloop
  endfacet
  facet normal 0 0 1
    outer loop
      vertex 55.1625 2.66303 0.599999
      vertex 55.1625 -2.66303 0.599999
      vertex 55.5232 -2.84093 0.599999
    endloop
  endfacet
  facet normal -0 0 1
    outer loop
      vertex 54.8281 2.43956 0.599999
      vertex 55.1625 -2.66303 0.599999
      vertex 55.1625 2.66303 0.599999
    endloop
  endfacet
  facet normal 0 0 1
    outer loop
      vertex 54.8281 2.43956 0.599999
      vertex 54.8281 -2.43956 0.599999
      vertex 55.1625 -2.66303 0.599999
    endloop
  endfacet
  facet normal -0 0 1
    outer loop
      vertex 54.5256 2.17435 0.599999
      vertex 54.8281 -2.43956 0.599999
      vertex 54.8281 2.43956 0.599999
    endloop
  endfacet
  facet normal 0 0 1
    outer loop
      vertex 54.5256 2.17435 0.599999
      vertex 54.5256 -2.17435 0.599999
      vertex 54.8281 -2.43956 0.599999
    endloop
  endfacet
  facet normal -0 0 1
    outer loop
      vertex 54.2604 1.87194 0.599999
      vertex 54.5256 -2.17435 0.599999
      vertex 54.5256 2.17435 0.599999
    endloop
  endfacet
  facet normal 0 0 1
    outer loop
      vertex 54.2604 1.87194 0.599999
      vertex 54.2604 -1.87194 0.599999
      vertex 54.5256 -2.17435 0.599999
    endloop
  endfacet
  facet normal -0 0 1
    outer loop
      vertex 54.037 1.5375 0.599999
      vertex 54.2604 -1.87194 0.599999
      vertex 54.2604 1.87194 0.599999
    endloop
  endfacet
  facet normal 0 0 1
    outer loop
      vertex 54.037 1.5375 0.599999
      vertex 54.037 -1.5375 0.599999
      vertex 54.2604 -1.87194 0.599999
    endloop
  endfacet
  facet normal -0 0 1
    outer loop
      vertex 53.8591 1.17675 0.599999
      vertex 54.037 -1.5375 0.599999
      vertex 54.037 1.5375 0.599999
    endloop
  endfacet
  facet normal 0 0 1
    outer loop
      vertex 53.8591 1.17675 0.599999
      vertex 53.8591 -1.17675 0.599999
      vertex 54.037 -1.5375 0.599999
    endloop
  endfacet
  facet normal -0 0 1
    outer loop
      vertex 53.7298 0.795868 0.599999
      vertex 53.8591 -1.17675 0.599999
      vertex 53.8591 1.17675 0.599999
    endloop
  endfacet
  facet normal 0 0 1
    outer loop
      vertex 53.7298 0.795868 0.599999
      vertex 53.7298 -0.795868 0.599999
      vertex 53.8591 -1.17675 0.599999
    endloop
  endfacet
  facet normal -0 0 1
    outer loop
      vertex 53.6513 0.401367 0.599999
      vertex 53.7298 -0.795868 0.599999
      vertex 53.7298 0.795868 0.599999
    endloop
  endfacet
  facet normal 0 0 1
    outer loop
      vertex 53.6513 0.401367 0.599999
      vertex 53.6513 -0.401367 0.599999
      vertex 53.7298 -0.795868 0.599999
    endloop
  endfacet
  facet normal 0 -0 1
    outer loop
      vertex 53.6513 -0.401367 0.599999
      vertex 53.6513 0.401367 0.599999
      vertex 53.625 0 0.599999
    endloop
  endfacet
  facet normal 0.321421 0.946936 -0
    outer loop
      vertex 55.9041 -2.97022 0.599999
      vertex 55.5232 -2.84093 2.7
      vertex 55.9041 -2.97022 2.7
    endloop
  endfacet
  facet normal 0.321421 0.946936 0
    outer loop
      vertex 55.5232 -2.84093 2.7
      vertex 55.9041 -2.97022 0.599999
      vertex 55.5232 -2.84093 0.599999
    endloop
  endfacet
  facet normal -0.555624 0.831434 0
    outer loop
      vertex 58.5719 -2.43956 0.599999
      vertex 58.2375 -2.66303 2.7
      vertex 58.5719 -2.43956 2.7
    endloop
  endfacet
  facet normal -0.555624 0.831434 0
    outer loop
      vertex 58.2375 -2.66303 2.7
      vertex 58.5719 -2.43956 0.599999
      vertex 58.2375 -2.66303 0.599999
    endloop
  endfacet
  facet normal -0.751848 0.659337 0
    outer loop
      vertex 58.8744 -2.17435 0.599999
      vertex 59.1396 -1.87194 2.7
      vertex 59.1396 -1.87194 0.599999
    endloop
  endfacet
  facet normal -0.751848 0.659337 0
    outer loop
      vertex 59.1396 -1.87194 2.7
      vertex 58.8744 -2.17435 0.599999
      vertex 58.8744 -2.17435 2.7
    endloop
  endfacet
  facet normal -0.946924 0.321457 0
    outer loop
      vertex 59.5409 -1.17675 0.599999
      vertex 59.6702 -0.795868 2.7
      vertex 59.6702 -0.795868 0.599999
    endloop
  endfacet
  facet normal -0.946924 0.321457 0
    outer loop
      vertex 59.6702 -0.795868 2.7
      vertex 59.5409 -1.17675 0.599999
      vertex 59.5409 -1.17675 2.7
    endloop
  endfacet
  facet normal 0.946924 0.321457 0
    outer loop
      vertex 53.8591 -1.17675 2.7
      vertex 53.7298 -0.795868 0.599999
      vertex 53.7298 -0.795868 2.7
    endloop
  endfacet
  facet normal 0.946924 0.321457 0
    outer loop
      vertex 53.7298 -0.795868 0.599999
      vertex 53.8591 -1.17675 2.7
      vertex 53.8591 -1.17675 0.599999
    endloop
  endfacet
  facet normal 0.99786 -0.0653858 0
    outer loop
      vertex 53.625 0 2.7
      vertex 53.6513 0.401367 0.599999
      vertex 53.6513 0.401367 2.7
    endloop
  endfacet
  facet normal 0.99786 -0.0653858 0
    outer loop
      vertex 53.6513 0.401367 0.599999
      vertex 53.625 0 2.7
      vertex 53.625 0 0.599999
    endloop
  endfacet
  facet normal 0.99786 0.0653858 0
    outer loop
      vertex 53.6513 -0.401367 2.7
      vertex 53.625 0 0.599999
      vertex 53.625 0 2.7
    endloop
  endfacet
  facet normal 0.99786 0.0653858 0
    outer loop
      vertex 53.625 0 0.599999
      vertex 53.6513 -0.401367 2.7
      vertex 53.6513 -0.401367 0.599999
    endloop
  endfacet
  facet normal 0.896875 -0.442284 0
    outer loop
      vertex 53.8591 1.17675 2.7
      vertex 54.037 1.5375 0.599999
      vertex 54.037 1.5375 2.7
    endloop
  endfacet
  facet normal 0.896875 -0.442284 0
    outer loop
      vertex 54.037 1.5375 0.599999
      vertex 53.8591 1.17675 2.7
      vertex 53.8591 1.17675 0.599999
    endloop
  endfacet
  facet normal 0.195088 0.980786 -0
    outer loop
      vertex 56.2986 -3.04869 0.599999
      vertex 55.9041 -2.97022 2.7
      vertex 56.2986 -3.04869 2.7
    endloop
  endfacet
  facet normal 0.195088 0.980786 0
    outer loop
      vertex 55.9041 -2.97022 2.7
      vertex 56.2986 -3.04869 0.599999
      vertex 55.9041 -2.97022 0.599999
    endloop
  endfacet
endsolid OpenSCAD_Model
