solid OpenSCAD_Model
  facet normal 1 -0 0
    outer loop
      vertex 7.2 0 3.79999
      vertex 7.2 6 0
      vertex 7.2 6 9.79999
    endloop
  endfacet
  facet normal 1 0 0
    outer loop
      vertex 7.2 6 0
      vertex 7.2 0 3.79999
      vertex 7.2 0 0
    endloop
  endfacet
  facet normal 0 0 -1
    outer loop
      vertex 0.854589 3.35398 0
      vertex 6.2 6 0
      vertex 0.893481 3.23941 0
    endloop
  endfacet
  facet normal 0 0 -1
    outer loop
      vertex 6.2 124 0
      vertex 0.917086 126.879 0
      vertex 0.924999 127 0
    endloop
  endfacet
  facet normal 0 0 -1
    outer loop
      vertex 0.801073 3.4625 0
      vertex 6.2 6 0
      vertex 0.854589 3.35398 0
    endloop
  endfacet
  facet normal 0 0 -1
    outer loop
      vertex 6.2 124 0
      vertex 0.893481 126.761 0
      vertex 0.917086 126.879 0
    endloop
  endfacet
  facet normal 0 0 -1
    outer loop
      vertex 0.733851 3.5631 0
      vertex 6.2 6 0
      vertex 0.801073 3.4625 0
    endloop
  endfacet
  facet normal 0 0 -1
    outer loop
      vertex 6.2 124 0
      vertex 0.854589 126.646 0
      vertex 0.893481 126.761 0
    endloop
  endfacet
  facet normal 0 0 -1
    outer loop
      vertex 0.654074 3.65407 0
      vertex 6.2 6 0
      vertex 0.733851 3.5631 0
    endloop
  endfacet
  facet normal 0 0 -1
    outer loop
      vertex 6.2 124 0
      vertex 0.801073 126.537 0
      vertex 0.854589 126.646 0
    endloop
  endfacet
  facet normal 0 0 -1
    outer loop
      vertex 0.563104 3.73385 0
      vertex 6.2 6 0
      vertex 0.654074 3.65407 0
    endloop
  endfacet
  facet normal 0 0 -1
    outer loop
      vertex 6.2 124 0
      vertex 0.733851 126.437 0
      vertex 0.801073 126.537 0
    endloop
  endfacet
  facet normal 0 0 -1
    outer loop
      vertex 0.4625 3.80107 0
      vertex 6.2 6 0
      vertex 0.563104 3.73385 0
    endloop
  endfacet
  facet normal 0 0 -1
    outer loop
      vertex 6.2 124 0
      vertex 0.654074 126.346 0
      vertex 0.733851 126.437 0
    endloop
  endfacet
  facet normal 0 0 -1
    outer loop
      vertex 0.353982 3.85459 0
      vertex 6.2 6 0
      vertex 0.4625 3.80107 0
    endloop
  endfacet
  facet normal 0 0 -1
    outer loop
      vertex 6.2 124 0
      vertex 0.563104 126.266 0
      vertex 0.654074 126.346 0
    endloop
  endfacet
  facet normal 0 0 -1
    outer loop
      vertex 0.239408 3.89348 0
      vertex 6.2 6 0
      vertex 0.353982 3.85459 0
    endloop
  endfacet
  facet normal 0 0 -1
    outer loop
      vertex 6.2 124 0
      vertex 0.4625 126.199 0
      vertex 0.563104 126.266 0
    endloop
  endfacet
  facet normal 0 0 -1
    outer loop
      vertex 0.120736 3.91709 0
      vertex 6.2 6 0
      vertex 0.239408 3.89348 0
    endloop
  endfacet
  facet normal 0 0 -1
    outer loop
      vertex 6.2 124 0
      vertex 0.353982 126.145 0
      vertex 0.4625 126.199 0
    endloop
  endfacet
  facet normal 0 0 -1
    outer loop
      vertex 6.2 6 0
      vertex -6.2 6 0
      vertex 6.2 124 0
    endloop
  endfacet
  facet normal 0 0 -1
    outer loop
      vertex 6.2 124 0
      vertex 0.239408 126.107 0
      vertex 0.353982 126.145 0
    endloop
  endfacet
  facet normal 0 0 -1
    outer loop
      vertex 0 3.925 0
      vertex 6.2 6 0
      vertex 0.120736 3.91709 0
    endloop
  endfacet
  facet normal 0 0 -1
    outer loop
      vertex -6.2 124 0
      vertex 6.2 124 0
      vertex -6.2 6 0
    endloop
  endfacet
  facet normal -0 0 -1
    outer loop
      vertex 6.2 6 0
      vertex 0 3.925 0
      vertex -6.2 6 0
    endloop
  endfacet
  facet normal 0 -0 -1
    outer loop
      vertex 0 126.075 0
      vertex 6.2 124 0
      vertex -6.2 124 0
    endloop
  endfacet
  facet normal 0 0 -1
    outer loop
      vertex -6.2 6 0
      vertex 0 3.925 0
      vertex -0.120736 3.91709 0
    endloop
  endfacet
  facet normal 0 0 -1
    outer loop
      vertex 6.2 124 0
      vertex 0.120736 126.083 0
      vertex 0.239408 126.107 0
    endloop
  endfacet
  facet normal 0 0 -1
    outer loop
      vertex -6.2 6 0
      vertex -0.120736 3.91709 0
      vertex -0.239408 3.89348 0
    endloop
  endfacet
  facet normal 0 0 -1
    outer loop
      vertex 6.2 124 0
      vertex 0 126.075 0
      vertex 0.120736 126.083 0
    endloop
  endfacet
  facet normal 0 0 -1
    outer loop
      vertex -6.2 6 0
      vertex -0.239408 3.89348 0
      vertex -0.353982 3.85459 0
    endloop
  endfacet
  facet normal -0 0 -1
    outer loop
      vertex 0 126.075 0
      vertex -6.2 124 0
      vertex -0.120736 126.083 0
    endloop
  endfacet
  facet normal 0 0 -1
    outer loop
      vertex -6.2 6 0
      vertex -0.353982 3.85459 0
      vertex -0.4625 3.80107 0
    endloop
  endfacet
  facet normal -0 0 -1
    outer loop
      vertex -0.120736 126.083 0
      vertex -6.2 124 0
      vertex -0.239408 126.107 0
    endloop
  endfacet
  facet normal 0 0 -1
    outer loop
      vertex -6.2 6 0
      vertex -0.4625 3.80107 0
      vertex -0.563104 3.73385 0
    endloop
  endfacet
  facet normal -0 0 -1
    outer loop
      vertex -0.239408 126.107 0
      vertex -6.2 124 0
      vertex -0.353982 126.145 0
    endloop
  endfacet
  facet normal 0 0 -1
    outer loop
      vertex -6.2 6 0
      vertex -0.563104 3.73385 0
      vertex -0.654074 3.65407 0
    endloop
  endfacet
  facet normal -0 0 -1
    outer loop
      vertex -0.353982 126.145 0
      vertex -6.2 124 0
      vertex -0.4625 126.199 0
    endloop
  endfacet
  facet normal 0 0 -1
    outer loop
      vertex -6.2 6 0
      vertex -0.654074 3.65407 0
      vertex -0.733851 3.5631 0
    endloop
  endfacet
  facet normal -0 0 -1
    outer loop
      vertex -0.4625 126.199 0
      vertex -6.2 124 0
      vertex -0.563104 126.266 0
    endloop
  endfacet
  facet normal 0 0 -1
    outer loop
      vertex -6.2 6 0
      vertex -0.733851 3.5631 0
      vertex -0.801073 3.4625 0
    endloop
  endfacet
  facet normal -0 0 -1
    outer loop
      vertex -0.563104 126.266 0
      vertex -6.2 124 0
      vertex -0.654074 126.346 0
    endloop
  endfacet
  facet normal 0 0 -1
    outer loop
      vertex -6.2 6 0
      vertex -0.801073 3.4625 0
      vertex -0.854589 3.35398 0
    endloop
  endfacet
  facet normal -0 0 -1
    outer loop
      vertex -0.654074 126.346 0
      vertex -6.2 124 0
      vertex -0.733851 126.437 0
    endloop
  endfacet
  facet normal 0 0 -1
    outer loop
      vertex -6.2 6 0
      vertex -0.854589 3.35398 0
      vertex -0.893481 3.23941 0
    endloop
  endfacet
  facet normal -0 0 -1
    outer loop
      vertex -0.733851 126.437 0
      vertex -6.2 124 0
      vertex -0.801073 126.537 0
    endloop
  endfacet
  facet normal 0 0 -1
    outer loop
      vertex -6.2 6 0
      vertex -0.893481 3.23941 0
      vertex -0.917086 3.12074 0
    endloop
  endfacet
  facet normal -0 0 -1
    outer loop
      vertex -0.801073 126.537 0
      vertex -6.2 124 0
      vertex -0.854589 126.646 0
    endloop
  endfacet
  facet normal 0 0 -1
    outer loop
      vertex -6.2 6 0
      vertex -0.917086 3.12074 0
      vertex -0.924999 3 0
    endloop
  endfacet
  facet normal -0 0 -1
    outer loop
      vertex -0.854589 126.646 0
      vertex -6.2 124 0
      vertex -0.893481 126.761 0
    endloop
  endfacet
  facet normal 0 0 -1
    outer loop
      vertex 7.2 0 0
      vertex 6.2 6 0
      vertex 7.2 6 0
    endloop
  endfacet
  facet normal 0 0 -1
    outer loop
      vertex 0.917086 3.12074 0
      vertex 6.2 6 0
      vertex 0.924999 3 0
    endloop
  endfacet
  facet normal 0 0 -1
    outer loop
      vertex 0.917086 2.87926 0
      vertex 6.2 6 0
      vertex 7.2 0 0
    endloop
  endfacet
  facet normal 0 0 -1
    outer loop
      vertex 6.2 6 0
      vertex 0.917086 2.87926 0
      vertex 0.924999 3 0
    endloop
  endfacet
  facet normal 0 0 -1
    outer loop
      vertex 7.2 0 0
      vertex 0.893481 2.76059 0
      vertex 0.917086 2.87926 0
    endloop
  endfacet
  facet normal 0 0 -1
    outer loop
      vertex 7.2 0 0
      vertex 0.854589 2.64602 0
      vertex 0.893481 2.76059 0
    endloop
  endfacet
  facet normal 0 0 -1
    outer loop
      vertex 7.2 0 0
      vertex 0.801073 2.5375 0
      vertex 0.854589 2.64602 0
    endloop
  endfacet
  facet normal 0 0 -1
    outer loop
      vertex 7.2 0 0
      vertex 0.733851 2.4369 0
      vertex 0.801073 2.5375 0
    endloop
  endfacet
  facet normal 0 0 -1
    outer loop
      vertex 7.2 0 0
      vertex 0.654074 2.34593 0
      vertex 0.733851 2.4369 0
    endloop
  endfacet
  facet normal 0 0 -1
    outer loop
      vertex 7.2 0 0
      vertex 0.563104 2.26615 0
      vertex 0.654074 2.34593 0
    endloop
  endfacet
  facet normal 0 0 -1
    outer loop
      vertex 7.2 0 0
      vertex 0.4625 2.19893 0
      vertex 0.563104 2.26615 0
    endloop
  endfacet
  facet normal 0 0 -1
    outer loop
      vertex 7.2 0 0
      vertex 0.353982 2.14541 0
      vertex 0.4625 2.19893 0
    endloop
  endfacet
  facet normal 0 0 -1
    outer loop
      vertex 7.2 0 0
      vertex 0.239408 2.10652 0
      vertex 0.353982 2.14541 0
    endloop
  endfacet
  facet normal 0 0 -1
    outer loop
      vertex 7.2 0 0
      vertex 0.120736 2.08291 0
      vertex 0.239408 2.10652 0
    endloop
  endfacet
  facet normal 0 0 -1
    outer loop
      vertex 7.2 0 0
      vertex 0 2.075 0
      vertex 0.120736 2.08291 0
    endloop
  endfacet
  facet normal 0 0 -1
    outer loop
      vertex -7.2 0 0
      vertex 0 2.075 0
      vertex 7.2 0 0
    endloop
  endfacet
  facet normal -0 0 -1
    outer loop
      vertex 0 2.075 0
      vertex -7.2 0 0
      vertex -0.120736 2.08291 0
    endloop
  endfacet
  facet normal -0 0 -1
    outer loop
      vertex -0.893481 126.761 0
      vertex -6.2 124 0
      vertex -0.917086 126.879 0
    endloop
  endfacet
  facet normal 0 0 -1
    outer loop
      vertex -0.917086 2.87926 0
      vertex -6.2 6 0
      vertex -0.924999 3 0
    endloop
  endfacet
  facet normal 0 0 -1
    outer loop
      vertex -7.2 0 0
      vertex -0.917086 2.87926 0
      vertex -0.893481 2.76059 0
    endloop
  endfacet
  facet normal 0 0 -1
    outer loop
      vertex -7.2 0 0
      vertex -0.893481 2.76059 0
      vertex -0.854589 2.64602 0
    endloop
  endfacet
  facet normal 0 0 -1
    outer loop
      vertex -7.2 0 0
      vertex -0.854589 2.64602 0
      vertex -0.801073 2.5375 0
    endloop
  endfacet
  facet normal 0 0 -1
    outer loop
      vertex -7.2 0 0
      vertex -0.801073 2.5375 0
      vertex -0.733851 2.4369 0
    endloop
  endfacet
  facet normal 0 0 -1
    outer loop
      vertex -7.2 0 0
      vertex -0.733851 2.4369 0
      vertex -0.654074 2.34593 0
    endloop
  endfacet
  facet normal 0 0 -1
    outer loop
      vertex -7.2 0 0
      vertex -0.654074 2.34593 0
      vertex -0.563104 2.26615 0
    endloop
  endfacet
  facet normal 0 0 -1
    outer loop
      vertex -7.2 0 0
      vertex -0.563104 2.26615 0
      vertex -0.4625 2.19893 0
    endloop
  endfacet
  facet normal -0 0 -1
    outer loop
      vertex -0.120736 2.08291 0
      vertex -7.2 0 0
      vertex -0.239408 2.10652 0
    endloop
  endfacet
  facet normal 0 0 -1
    outer loop
      vertex -7.2 0 0
      vertex -0.353982 2.14541 0
      vertex -0.239408 2.10652 0
    endloop
  endfacet
  facet normal 0 0 -1
    outer loop
      vertex -7.2 0 0
      vertex -0.4625 2.19893 0
      vertex -0.353982 2.14541 0
    endloop
  endfacet
  facet normal -0 0 -1
    outer loop
      vertex -0.917086 2.87926 0
      vertex -7.2 0 0
      vertex -6.2 6 0
    endloop
  endfacet
  facet normal -0 0 -1
    outer loop
      vertex -6.2 6 0
      vertex -7.2 0 0
      vertex -7.2 6 0
    endloop
  endfacet
  facet normal 0 0 -1
    outer loop
      vertex 6.2 124 0
      vertex 7.2 130 0
      vertex 7.2 124 0
    endloop
  endfacet
  facet normal 0 0 -1
    outer loop
      vertex 0.893481 3.23941 0
      vertex 6.2 6 0
      vertex 0.917086 3.12074 0
    endloop
  endfacet
  facet normal 0 0 -1
    outer loop
      vertex 0.917086 127.121 0
      vertex 6.2 124 0
      vertex 0.924999 127 0
    endloop
  endfacet
  facet normal 0 0 -1
    outer loop
      vertex 6.2 124 0
      vertex 0.917086 127.121 0
      vertex 7.2 130 0
    endloop
  endfacet
  facet normal 0 0 -1
    outer loop
      vertex 0.893481 127.239 0
      vertex 7.2 130 0
      vertex 0.917086 127.121 0
    endloop
  endfacet
  facet normal 0 0 -1
    outer loop
      vertex 0.854589 127.354 0
      vertex 7.2 130 0
      vertex 0.893481 127.239 0
    endloop
  endfacet
  facet normal 0 0 -1
    outer loop
      vertex 0.801073 127.463 0
      vertex 7.2 130 0
      vertex 0.854589 127.354 0
    endloop
  endfacet
  facet normal 0 0 -1
    outer loop
      vertex 0.733851 127.563 0
      vertex 7.2 130 0
      vertex 0.801073 127.463 0
    endloop
  endfacet
  facet normal 0 0 -1
    outer loop
      vertex 0.654074 127.654 0
      vertex 7.2 130 0
      vertex 0.733851 127.563 0
    endloop
  endfacet
  facet normal 0 0 -1
    outer loop
      vertex 0.563104 127.734 0
      vertex 7.2 130 0
      vertex 0.654074 127.654 0
    endloop
  endfacet
  facet normal 0 0 -1
    outer loop
      vertex 0.4625 127.801 0
      vertex 7.2 130 0
      vertex 0.563104 127.734 0
    endloop
  endfacet
  facet normal 0 0 -1
    outer loop
      vertex 0.353982 127.855 0
      vertex 7.2 130 0
      vertex 0.4625 127.801 0
    endloop
  endfacet
  facet normal 0 0 -1
    outer loop
      vertex 0.239408 127.893 0
      vertex 7.2 130 0
      vertex 0.353982 127.855 0
    endloop
  endfacet
  facet normal 0 0 -1
    outer loop
      vertex 0.120736 127.917 0
      vertex 7.2 130 0
      vertex 0.239408 127.893 0
    endloop
  endfacet
  facet normal 0 0 -1
    outer loop
      vertex 0 127.925 0
      vertex 7.2 130 0
      vertex 0.120736 127.917 0
    endloop
  endfacet
  facet normal 0 0 -1
    outer loop
      vertex -7.2 130 0
      vertex 0 127.925 0
      vertex -0.120736 127.917 0
    endloop
  endfacet
  facet normal 0 0 -1
    outer loop
      vertex -7.2 130 0
      vertex -0.120736 127.917 0
      vertex -0.239408 127.893 0
    endloop
  endfacet
  facet normal -0 0 -1
    outer loop
      vertex -0.917086 126.879 0
      vertex -6.2 124 0
      vertex -0.924999 127 0
    endloop
  endfacet
  facet normal 0 0 -1
    outer loop
      vertex -6.2 124 0
      vertex -0.917086 127.121 0
      vertex -0.924999 127 0
    endloop
  endfacet
  facet normal 0 0 -1
    outer loop
      vertex -7.2 130 0
      vertex -0.917086 127.121 0
      vertex -6.2 124 0
    endloop
  endfacet
  facet normal 0 0 -1
    outer loop
      vertex -0.917086 127.121 0
      vertex -7.2 130 0
      vertex -0.893481 127.239 0
    endloop
  endfacet
  facet normal 0 0 -1
    outer loop
      vertex -0.893481 127.239 0
      vertex -7.2 130 0
      vertex -0.854589 127.354 0
    endloop
  endfacet
  facet normal 0 0 -1
    outer loop
      vertex -0.854589 127.354 0
      vertex -7.2 130 0
      vertex -0.801073 127.463 0
    endloop
  endfacet
  facet normal 0 0 -1
    outer loop
      vertex -0.801073 127.463 0
      vertex -7.2 130 0
      vertex -0.733851 127.563 0
    endloop
  endfacet
  facet normal 0 0 -1
    outer loop
      vertex -0.733851 127.563 0
      vertex -7.2 130 0
      vertex -0.654074 127.654 0
    endloop
  endfacet
  facet normal 0 0 -1
    outer loop
      vertex -0.654074 127.654 0
      vertex -7.2 130 0
      vertex -0.563104 127.734 0
    endloop
  endfacet
  facet normal 0 0 -1
    outer loop
      vertex -7.2 130 0
      vertex -6.2 124 0
      vertex -7.2 124 0
    endloop
  endfacet
  facet normal 0 0 -1
    outer loop
      vertex 0 127.925 0
      vertex -7.2 130 0
      vertex 7.2 130 0
    endloop
  endfacet
  facet normal 0 0 -1
    outer loop
      vertex -0.353982 127.855 0
      vertex -7.2 130 0
      vertex -0.239408 127.893 0
    endloop
  endfacet
  facet normal 0 0 -1
    outer loop
      vertex -0.4625 127.801 0
      vertex -7.2 130 0
      vertex -0.353982 127.855 0
    endloop
  endfacet
  facet normal 0 0 -1
    outer loop
      vertex -0.563104 127.734 0
      vertex -7.2 130 0
      vertex -0.4625 127.801 0
    endloop
  endfacet
  facet normal -1 0 0
    outer loop
      vertex -7.2 0 3.79999
      vertex -7.2 6 0
      vertex -7.2 0 0
    endloop
  endfacet
  facet normal -1 0 0
    outer loop
      vertex -7.2 6 0
      vertex -7.2 0 3.79999
      vertex -7.2 6 9.79999
    endloop
  endfacet
  facet normal 0 1 0
    outer loop
      vertex 7.2 6 9.79999
      vertex 6.2 6 7.79999
      vertex 5.2 6 9.79999
    endloop
  endfacet
  facet normal 0 1 0
    outer loop
      vertex 7.2 6 9.79999
      vertex 7.2 6 6.79999
      vertex 6.2 6 7.79999
    endloop
  endfacet
  facet normal 0 0 0
    outer loop
      vertex 7.2 6 9.79999
      vertex 7.2 6 1
      vertex 7.2 6 6.79999
    endloop
  endfacet
  facet normal 0 0 0
    outer loop
      vertex 7.2 6 0
      vertex 7.2 6 1
      vertex 7.2 6 9.79999
    endloop
  endfacet
  facet normal 0 1 0
    outer loop
      vertex 7.2 6 1
      vertex 7.2 6 0
      vertex 6.2 6 0
    endloop
  endfacet
  facet normal 0 1 0
    outer loop
      vertex 5.2 6 9.79999
      vertex 6.2 6 7.79999
      vertex 5.2 6 7.79999
    endloop
  endfacet
  facet normal 0 1 0
    outer loop
      vertex -6.2 6 7.79999
      vertex -5.2 6 9.79999
      vertex -5.2 6 7.79999
    endloop
  endfacet
  facet normal 0 1 0
    outer loop
      vertex -5.2 6 9.79999
      vertex -6.2 6 7.79999
      vertex -7.2 6 9.79999
    endloop
  endfacet
  facet normal 0 1 0
    outer loop
      vertex -7.2 6 6.79999
      vertex -7.2 6 9.79999
      vertex -6.2 6 7.79999
    endloop
  endfacet
  facet normal 0 0 0
    outer loop
      vertex -7.2 6 1
      vertex -7.2 6 9.79999
      vertex -7.2 6 6.79999
    endloop
  endfacet
  facet normal 0 -0 0
    outer loop
      vertex -7.2 6 1
      vertex -7.2 6 0
      vertex -7.2 6 9.79999
    endloop
  endfacet
  facet normal 0 1 0
    outer loop
      vertex -7.2 6 0
      vertex -7.2 6 1
      vertex -6.2 6 0
    endloop
  endfacet
  facet normal 0 1 -0
    outer loop
      vertex 5.2 6 7.79999
      vertex -5.2 6 9.79999
      vertex 5.2 6 9.79999
    endloop
  endfacet
  facet normal 0 1 0
    outer loop
      vertex 5.2 6 7.79999
      vertex -5.2 6 7.79999
      vertex -5.2 6 9.79999
    endloop
  endfacet
  facet normal 0 1 -0
    outer loop
      vertex 5.2 6 6.8
      vertex -5.2 6 7.79999
      vertex 5.2 6 7.79999
    endloop
  endfacet
  facet normal 0 1 0
    outer loop
      vertex 5.2 6 6.8
      vertex -5.2 6 6.8
      vertex -5.2 6 7.79999
    endloop
  endfacet
  facet normal 0 1 -0
    outer loop
      vertex 5.15551 6 6.12126
      vertex -5.2 6 6.8
      vertex 5.2 6 6.8
    endloop
  endfacet
  facet normal 0 1 0
    outer loop
      vertex 5.15551 6 6.12126
      vertex -5.15551 6 6.12126
      vertex -5.2 6 6.8
    endloop
  endfacet
  facet normal 0 1 -0
    outer loop
      vertex 5.02281 6 5.45414
      vertex -5.15551 6 6.12126
      vertex 5.15551 6 6.12126
    endloop
  endfacet
  facet normal 0 1 0
    outer loop
      vertex 5.02281 6 5.45414
      vertex -5.02281 6 5.45414
      vertex -5.15551 6 6.12126
    endloop
  endfacet
  facet normal 0 1 -0
    outer loop
      vertex 4.80417 6 4.81005
      vertex -5.02281 6 5.45414
      vertex 5.02281 6 5.45414
    endloop
  endfacet
  facet normal 0 1 0
    outer loop
      vertex 4.80417 6 4.81005
      vertex -4.80417 6 4.81005
      vertex -5.02281 6 5.45414
    endloop
  endfacet
  facet normal 0 1 -0
    outer loop
      vertex 4.50333 6 4.2
      vertex -4.80417 6 4.81005
      vertex 4.80417 6 4.81005
    endloop
  endfacet
  facet normal 0 1 0
    outer loop
      vertex 4.50333 6 4.2
      vertex -4.50333 6 4.2
      vertex -4.80417 6 4.81005
    endloop
  endfacet
  facet normal 0 1 -0
    outer loop
      vertex 4.12544 6 3.63444
      vertex -4.50333 6 4.2
      vertex 4.50333 6 4.2
    endloop
  endfacet
  facet normal 0 1 0
    outer loop
      vertex 4.12544 6 3.63444
      vertex -4.12544 6 3.63444
      vertex -4.50333 6 4.2
    endloop
  endfacet
  facet normal 0 1 -0
    outer loop
      vertex 3.67696 6 3.12304
      vertex -4.12544 6 3.63444
      vertex 4.12544 6 3.63444
    endloop
  endfacet
  facet normal 0 1 0
    outer loop
      vertex 3.67696 6 3.12304
      vertex -3.67696 6 3.12304
      vertex -4.12544 6 3.63444
    endloop
  endfacet
  facet normal 0 1 -0
    outer loop
      vertex 3.16556 6 2.67456
      vertex -3.67696 6 3.12304
      vertex 3.67696 6 3.12304
    endloop
  endfacet
  facet normal 0 1 0
    outer loop
      vertex 3.16556 6 2.67456
      vertex -3.16556 6 2.67456
      vertex -3.67696 6 3.12304
    endloop
  endfacet
  facet normal 0 1 -0
    outer loop
      vertex 2.6 6 2.29667
      vertex -3.16556 6 2.67456
      vertex 3.16556 6 2.67456
    endloop
  endfacet
  facet normal 0 1 0
    outer loop
      vertex 2.6 6 2.29667
      vertex -2.6 6 2.29667
      vertex -3.16556 6 2.67456
    endloop
  endfacet
  facet normal 0 1 -0
    outer loop
      vertex 1.98995 6 1.99583
      vertex -2.6 6 2.29667
      vertex 2.6 6 2.29667
    endloop
  endfacet
  facet normal 0 1 0
    outer loop
      vertex 1.98995 6 1.99583
      vertex -1.98995 6 1.99583
      vertex -2.6 6 2.29667
    endloop
  endfacet
  facet normal 0 1 -0
    outer loop
      vertex 1.34586 6 1.77719
      vertex -1.98995 6 1.99583
      vertex 1.98995 6 1.99583
    endloop
  endfacet
  facet normal 0 1 0
    outer loop
      vertex 1.34586 6 1.77719
      vertex -1.34586 6 1.77719
      vertex -1.98995 6 1.99583
    endloop
  endfacet
  facet normal 0 1 -0
    outer loop
      vertex 0.678736 6 1.64449
      vertex -1.34586 6 1.77719
      vertex 1.34586 6 1.77719
    endloop
  endfacet
  facet normal 0 1 0
    outer loop
      vertex 0.678736 6 1.64449
      vertex -0.678736 6 1.64449
      vertex -1.34586 6 1.77719
    endloop
  endfacet
  facet normal -0 1 0
    outer loop
      vertex -0.678736 6 1.64449
      vertex 0.678736 6 1.64449
      vertex 0 6 1.6
    endloop
  endfacet
  facet normal 0 -1 0
    outer loop
      vertex -7.2 0 0
      vertex 7.2 0 3.79999
      vertex -7.2 0 3.79999
    endloop
  endfacet
  facet normal 0 -1 -0
    outer loop
      vertex 7.2 0 3.79999
      vertex -7.2 0 0
      vertex 7.2 0 0
    endloop
  endfacet
  facet normal 1 0 0
    outer loop
      vertex 7.2 124 0
      vertex 7.2 130 3.79999
      vertex 7.2 124 9.79999
    endloop
  endfacet
  facet normal 1 0 0
    outer loop
      vertex 7.2 130 3.79999
      vertex 7.2 124 0
      vertex 7.2 130 0
    endloop
  endfacet
  facet normal -1 0 0
    outer loop
      vertex -7.2 124 0
      vertex -7.2 130 3.79999
      vertex -7.2 130 0
    endloop
  endfacet
  facet normal -1 -0 0
    outer loop
      vertex -7.2 130 3.79999
      vertex -7.2 124 0
      vertex -7.2 124 9.79999
    endloop
  endfacet
  facet normal 0 1 -0
    outer loop
      vertex 7.2 130 0
      vertex -7.2 130 3.79999
      vertex 7.2 130 3.79999
    endloop
  endfacet
  facet normal 0 1 0
    outer loop
      vertex -7.2 130 3.79999
      vertex 7.2 130 0
      vertex -7.2 130 0
    endloop
  endfacet
  facet normal 0 -1 0
    outer loop
      vertex 6.2 124 7.79999
      vertex 5.2 124 9.79999
      vertex 5.2 124 7.79999
    endloop
  endfacet
  facet normal 0 -1 0
    outer loop
      vertex 5.2 124 9.79999
      vertex 6.2 124 7.79999
      vertex 7.2 124 9.79999
    endloop
  endfacet
  facet normal 0 -1 0
    outer loop
      vertex 7.2 124 6.79999
      vertex 7.2 124 9.79999
      vertex 6.2 124 7.79999
    endloop
  endfacet
  facet normal 0 0 0
    outer loop
      vertex 7.2 124 1
      vertex 7.2 124 9.79999
      vertex 7.2 124 6.79999
    endloop
  endfacet
  facet normal 0 -0 0
    outer loop
      vertex 7.2 124 1
      vertex 7.2 124 0
      vertex 7.2 124 9.79999
    endloop
  endfacet
  facet normal 0 -1 0
    outer loop
      vertex 7.2 124 0
      vertex 7.2 124 1
      vertex 6.2 124 0
    endloop
  endfacet
  facet normal 0 -1 0
    outer loop
      vertex -7.2 124 9.79999
      vertex -6.2 124 7.79999
      vertex -5.2 124 9.79999
    endloop
  endfacet
  facet normal 0 -1 0
    outer loop
      vertex -7.2 124 9.79999
      vertex -7.2 124 6.79999
      vertex -6.2 124 7.79999
    endloop
  endfacet
  facet normal 0 0 0
    outer loop
      vertex -7.2 124 9.79999
      vertex -7.2 124 1
      vertex -7.2 124 6.79999
    endloop
  endfacet
  facet normal 0 0 0
    outer loop
      vertex -7.2 124 0
      vertex -7.2 124 1
      vertex -7.2 124 9.79999
    endloop
  endfacet
  facet normal 0 -1 0
    outer loop
      vertex -7.2 124 1
      vertex -7.2 124 0
      vertex -6.2 124 0
    endloop
  endfacet
  facet normal 0 -1 -0
    outer loop
      vertex -5.2 124 9.79999
      vertex -6.2 124 7.79999
      vertex -5.2 124 7.79999
    endloop
  endfacet
  facet normal 0 -1 0
    outer loop
      vertex -5.2 124 7.79999
      vertex -3 124 9.79999
      vertex -5.2 124 9.79999
    endloop
  endfacet
  facet normal 0 -1 0
    outer loop
      vertex -3 124 6.8
      vertex -5.2 124 7.79999
      vertex -5.2 124 6.8
    endloop
  endfacet
  facet normal 0 -1 0
    outer loop
      vertex -5.2 124 7.79999
      vertex -3 124 6.8
      vertex -3 124 9.79999
    endloop
  endfacet
  facet normal 0 -1 0
    outer loop
      vertex -5.15551 124 6.12126
      vertex -3 124 6.8
      vertex -5.2 124 6.8
    endloop
  endfacet
  facet normal 0 -1 0
    outer loop
      vertex -5.02281 124 5.45414
      vertex -3 124 6.8
      vertex -5.15551 124 6.12126
    endloop
  endfacet
  facet normal 0 -1 0
    outer loop
      vertex -4.80417 124 4.81005
      vertex -3 124 6.8
      vertex -5.02281 124 5.45414
    endloop
  endfacet
  facet normal 0 -1 0
    outer loop
      vertex 3 124 6.8
      vertex 5.15551 124 6.12126
      vertex 5.2 124 6.8
    endloop
  endfacet
  facet normal 0 -1 0
    outer loop
      vertex -4.50333 124 4.2
      vertex -3 124 6.8
      vertex -4.80417 124 4.81005
    endloop
  endfacet
  facet normal 0 -1 0
    outer loop
      vertex 3 124 6.8
      vertex 5.02281 124 5.45414
      vertex 5.15551 124 6.12126
    endloop
  endfacet
  facet normal 0 -1 0
    outer loop
      vertex -4.12544 124 3.63444
      vertex -3 124 6.8
      vertex -4.50333 124 4.2
    endloop
  endfacet
  facet normal 0 -1 0
    outer loop
      vertex 3 124 6.8
      vertex 4.80417 124 4.81005
      vertex 5.02281 124 5.45414
    endloop
  endfacet
  facet normal 0 -1 0
    outer loop
      vertex -3.67696 124 3.12304
      vertex -3 124 6.8
      vertex -4.12544 124 3.63444
    endloop
  endfacet
  facet normal 0 -1 0
    outer loop
      vertex 3 124 6.8
      vertex 4.50333 124 4.2
      vertex 4.80417 124 4.81005
    endloop
  endfacet
  facet normal 0 -1 0
    outer loop
      vertex -3.16556 124 2.67456
      vertex -3 124 6.8
      vertex -3.67696 124 3.12304
    endloop
  endfacet
  facet normal 0 -1 0
    outer loop
      vertex 3 124 6.8
      vertex 4.12544 124 3.63444
      vertex 4.50333 124 4.2
    endloop
  endfacet
  facet normal 0 -1 0
    outer loop
      vertex -2.6 124 2.29667
      vertex -3 124 6.8
      vertex -3.16556 124 2.67456
    endloop
  endfacet
  facet normal 0 -1 0
    outer loop
      vertex 3 124 6.8
      vertex 3.67696 124 3.12304
      vertex 4.12544 124 3.63444
    endloop
  endfacet
  facet normal 0 -1 0
    outer loop
      vertex -1.98995 124 1.99583
      vertex -3 124 6.8
      vertex -2.6 124 2.29667
    endloop
  endfacet
  facet normal 0 -1 0
    outer loop
      vertex 3 124 6.8
      vertex 3.16556 124 2.67456
      vertex 3.67696 124 3.12304
    endloop
  endfacet
  facet normal 0 -1 0
    outer loop
      vertex -1.34586 124 1.77719
      vertex -3 124 6.8
      vertex -1.98995 124 1.99583
    endloop
  endfacet
  facet normal 0 -1 -0
    outer loop
      vertex 3 124 6.8
      vertex 2.6 124 2.29667
      vertex 3.16556 124 2.67456
    endloop
  endfacet
  facet normal 0 -1 0
    outer loop
      vertex -0.678736 124 1.64449
      vertex -3 124 6.8
      vertex -1.34586 124 1.77719
    endloop
  endfacet
  facet normal 0 -1 0
    outer loop
      vertex 3 124 6.8
      vertex 1.98995 124 1.99583
      vertex 2.6 124 2.29667
    endloop
  endfacet
  facet normal 0 -1 0
    outer loop
      vertex 0 124 1.6
      vertex -3 124 6.8
      vertex -0.678736 124 1.64449
    endloop
  endfacet
  facet normal 0 -1 0
    outer loop
      vertex 3 124 6.8
      vertex 1.34586 124 1.77719
      vertex 1.98995 124 1.99583
    endloop
  endfacet
  facet normal 0 -1 0
    outer loop
      vertex -3 124 6.8
      vertex 0 124 1.6
      vertex 3 124 6.8
    endloop
  endfacet
  facet normal 0 -1 0
    outer loop
      vertex 3 124 6.8
      vertex 0.678736 124 1.64449
      vertex 1.34586 124 1.77719
    endloop
  endfacet
  facet normal 0 -1 0
    outer loop
      vertex 3 124 6.8
      vertex 0 124 1.6
      vertex 0.678736 124 1.64449
    endloop
  endfacet
  facet normal 0 -1 0
    outer loop
      vertex 3 124 9.79999
      vertex 5.2 124 7.79999
      vertex 5.2 124 9.79999
    endloop
  endfacet
  facet normal 0 -1 0
    outer loop
      vertex 3 124 6.8
      vertex 5.2 124 7.79999
      vertex 3 124 9.79999
    endloop
  endfacet
  facet normal 0 -1 -0
    outer loop
      vertex 5.2 124 7.79999
      vertex 3 124 6.8
      vertex 5.2 124 6.8
    endloop
  endfacet
  facet normal -0.707107 0 0.707107
    outer loop
      vertex -7.2 6 6.79999
      vertex -6.2 42.2333 7.79999
      vertex -7.2 42.2333 6.79999
    endloop
  endfacet
  facet normal -0.707107 0 0.707107
    outer loop
      vertex -6.2 42.2333 7.79999
      vertex -7.2 6 6.79999
      vertex -6.2 6 7.79999
    endloop
  endfacet
  facet normal -0.707107 0 0.707107
    outer loop
      vertex -7.2 87.7667 6.79999
      vertex -6.2 124 7.79999
      vertex -7.2 124 6.79999
    endloop
  endfacet
  facet normal -0.707107 0 0.707107
    outer loop
      vertex -6.2 124 7.79999
      vertex -7.2 87.7667 6.79999
      vertex -6.2 87.7667 7.79999
    endloop
  endfacet
  facet normal -0.707102 0 0.707111
    outer loop
      vertex -7.2 43.8333 6.79999
      vertex -6.39999 46.8333 7.59999
      vertex -7.2 46.8333 6.79999
    endloop
  endfacet
  facet normal -0.707102 0 0.707111
    outer loop
      vertex -6.39999 46.8333 7.59999
      vertex -7.2 43.8333 6.79999
      vertex -6.39999 43.8333 7.59999
    endloop
  endfacet
  facet normal -0.707102 0 0.707111
    outer loop
      vertex -7.2 83.1667 6.79999
      vertex -6.39999 86.1667 7.59999
      vertex -7.2 86.1667 6.79999
    endloop
  endfacet
  facet normal -0.707102 0 0.707111
    outer loop
      vertex -6.39999 86.1667 7.59999
      vertex -7.2 83.1667 6.79999
      vertex -6.39999 83.1667 7.59999
    endloop
  endfacet
  facet normal -0.707107 0 0.707107
    outer loop
      vertex -7.2 48.4333 6.79999
      vertex -6.2 81.5667 7.79999
      vertex -7.2 81.5667 6.79999
    endloop
  endfacet
  facet normal -0.707107 0 0.707107
    outer loop
      vertex -6.2 81.5667 7.79999
      vertex -7.2 48.4333 6.79999
      vertex -6.2 48.4333 7.79999
    endloop
  endfacet
  facet normal -0.707107 0 -0.707107
    outer loop
      vertex -6.2 6 0
      vertex -7.2 124 1
      vertex -6.2 124 0
    endloop
  endfacet
  facet normal -0.707107 -0 -0.707107
    outer loop
      vertex -7.2 124 1
      vertex -6.2 6 0
      vertex -7.2 6 1
    endloop
  endfacet
  facet normal 0.707107 -0 0.707107
    outer loop
      vertex 6.2 6 7.79999
      vertex 7.2 42.2333 6.79999
      vertex 6.2 42.2333 7.79999
    endloop
  endfacet
  facet normal 0.707107 0 0.707107
    outer loop
      vertex 7.2 42.2333 6.79999
      vertex 6.2 6 7.79999
      vertex 7.2 6 6.79999
    endloop
  endfacet
  facet normal 0.707107 -0 0.707107
    outer loop
      vertex 6.2 87.7667 7.79999
      vertex 7.2 124 6.79999
      vertex 6.2 124 7.79999
    endloop
  endfacet
  facet normal 0.707107 0 0.707107
    outer loop
      vertex 7.2 124 6.79999
      vertex 6.2 87.7667 7.79999
      vertex 7.2 87.7667 6.79999
    endloop
  endfacet
  facet normal 0.707102 -0 0.707111
    outer loop
      vertex 6.39999 43.8333 7.59999
      vertex 7.2 46.8333 6.79999
      vertex 6.39999 46.8333 7.59999
    endloop
  endfacet
  facet normal 0.707102 0 0.707111
    outer loop
      vertex 7.2 46.8333 6.79999
      vertex 6.39999 43.8333 7.59999
      vertex 7.2 43.8333 6.79999
    endloop
  endfacet
  facet normal 0.707102 -0 0.707111
    outer loop
      vertex 6.39999 83.1667 7.59999
      vertex 7.2 86.1667 6.79999
      vertex 6.39999 86.1667 7.59999
    endloop
  endfacet
  facet normal 0.707102 0 0.707111
    outer loop
      vertex 7.2 86.1667 6.79999
      vertex 6.39999 83.1667 7.59999
      vertex 7.2 83.1667 6.79999
    endloop
  endfacet
  facet normal 0.707107 -0 0.707107
    outer loop
      vertex 6.2 48.4333 7.79999
      vertex 7.2 81.5667 6.79999
      vertex 6.2 81.5667 7.79999
    endloop
  endfacet
  facet normal 0.707107 0 0.707107
    outer loop
      vertex 7.2 81.5667 6.79999
      vertex 6.2 48.4333 7.79999
      vertex 7.2 48.4333 6.79999
    endloop
  endfacet
  facet normal 1 0 0
    outer loop
      vertex 7.2 42.2333 6.79999
      vertex 7.2 6 6.79999
      vertex 7.2 42.2333 4.8
    endloop
  endfacet
  facet normal 1 0 0
    outer loop
      vertex 7.2 46.8333 6.79999
      vertex 7.2 43.8333 6.79999
      vertex 7.2 46.8333 4.8
    endloop
  endfacet
  facet normal 1 0 0
    outer loop
      vertex 7.2 81.5667 6.79999
      vertex 7.2 48.4333 6.79999
      vertex 7.2 81.5667 4.8
    endloop
  endfacet
  facet normal 1 0 0
    outer loop
      vertex 7.2 86.1667 6.79999
      vertex 7.2 83.1667 6.79999
      vertex 7.2 86.1667 4.8
    endloop
  endfacet
  facet normal 1 0 0
    outer loop
      vertex 7.2 87.7667 4.8
      vertex 7.2 124 6.79999
      vertex 7.2 87.7667 6.79999
    endloop
  endfacet
  facet normal 1 0 0
    outer loop
      vertex 7.2 124 6.79999
      vertex 7.2 87.7667 4.8
      vertex 7.2 124 1
    endloop
  endfacet
  facet normal 1 -0 0
    outer loop
      vertex 7.2 86.1667 4.8
      vertex 7.2 124 1
      vertex 7.2 87.7667 4.8
    endloop
  endfacet
  facet normal 1 0 0
    outer loop
      vertex 7.2 83.1667 4.8
      vertex 7.2 86.1667 4.8
      vertex 7.2 83.1667 6.79999
    endloop
  endfacet
  facet normal 1 -0 0
    outer loop
      vertex 7.2 83.1667 4.8
      vertex 7.2 124 1
      vertex 7.2 86.1667 4.8
    endloop
  endfacet
  facet normal 1 -0 0
    outer loop
      vertex 7.2 81.5667 4.8
      vertex 7.2 124 1
      vertex 7.2 83.1667 4.8
    endloop
  endfacet
  facet normal 1 0 0
    outer loop
      vertex 7.2 48.4333 4.8
      vertex 7.2 81.5667 4.8
      vertex 7.2 48.4333 6.79999
    endloop
  endfacet
  facet normal 1 0 0
    outer loop
      vertex 7.2 81.5667 4.8
      vertex 7.2 48.4333 4.8
      vertex 7.2 124 1
    endloop
  endfacet
  facet normal 1 0 0
    outer loop
      vertex 7.2 6 1
      vertex 7.2 48.4333 4.8
      vertex 7.2 46.8333 4.8
    endloop
  endfacet
  facet normal 1 0 0
    outer loop
      vertex 7.2 43.8333 4.8
      vertex 7.2 46.8333 4.8
      vertex 7.2 43.8333 6.79999
    endloop
  endfacet
  facet normal 1 0 0
    outer loop
      vertex 7.2 6 1
      vertex 7.2 46.8333 4.8
      vertex 7.2 43.8333 4.8
    endloop
  endfacet
  facet normal 1 0 0
    outer loop
      vertex 7.2 6 1
      vertex 7.2 43.8333 4.8
      vertex 7.2 42.2333 4.8
    endloop
  endfacet
  facet normal 1 0 0
    outer loop
      vertex 7.2 48.4333 4.8
      vertex 7.2 6 1
      vertex 7.2 124 1
    endloop
  endfacet
  facet normal 1 0 0
    outer loop
      vertex 7.2 6 1
      vertex 7.2 42.2333 4.8
      vertex 7.2 6 6.79999
    endloop
  endfacet
  facet normal -0 0 1
    outer loop
      vertex -6.2 42.2333 7.79999
      vertex -5.2 6 7.79999
      vertex -5.2 42.2333 7.79999
    endloop
  endfacet
  facet normal 0 0 1
    outer loop
      vertex -5.2 6 7.79999
      vertex -6.2 42.2333 7.79999
      vertex -6.2 6 7.79999
    endloop
  endfacet
  facet normal -0 0 1
    outer loop
      vertex 5.2 42.2333 7.79999
      vertex 6.2 6 7.79999
      vertex 6.2 42.2333 7.79999
    endloop
  endfacet
  facet normal 0 0 1
    outer loop
      vertex 6.2 6 7.79999
      vertex 5.2 42.2333 7.79999
      vertex 5.2 6 7.79999
    endloop
  endfacet
  facet normal -0 0 1
    outer loop
      vertex -6.2 124 7.79999
      vertex -5.2 87.7667 7.79999
      vertex -5.2 124 7.79999
    endloop
  endfacet
  facet normal 0 0 1
    outer loop
      vertex -5.2 87.7667 7.79999
      vertex -6.2 124 7.79999
      vertex -6.2 87.7667 7.79999
    endloop
  endfacet
  facet normal -0 0 1
    outer loop
      vertex 5.2 124 7.79999
      vertex 6.2 87.7667 7.79999
      vertex 6.2 124 7.79999
    endloop
  endfacet
  facet normal 0 0 1
    outer loop
      vertex 6.2 87.7667 7.79999
      vertex 5.2 124 7.79999
      vertex 5.2 87.7667 7.79999
    endloop
  endfacet
  facet normal -0 0 1
    outer loop
      vertex -6.2 81.5667 7.79999
      vertex -5.2 48.4333 7.79999
      vertex -5.2 81.5667 7.79999
    endloop
  endfacet
  facet normal 0 0 1
    outer loop
      vertex -5.2 48.4333 7.79999
      vertex -6.2 81.5667 7.79999
      vertex -6.2 48.4333 7.79999
    endloop
  endfacet
  facet normal -0 0 1
    outer loop
      vertex 5.2 81.5667 7.79999
      vertex 6.2 48.4333 7.79999
      vertex 6.2 81.5667 7.79999
    endloop
  endfacet
  facet normal 0 0 1
    outer loop
      vertex 6.2 48.4333 7.79999
      vertex 5.2 81.5667 7.79999
      vertex 5.2 48.4333 7.79999
    endloop
  endfacet
  facet normal 0.707107 0 -0.707107
    outer loop
      vertex 7.2 6 1
      vertex 6.2 124 0
      vertex 7.2 124 1
    endloop
  endfacet
  facet normal 0.707107 0 -0.707107
    outer loop
      vertex 6.2 124 0
      vertex 7.2 6 1
      vertex 6.2 6 0
    endloop
  endfacet
  facet normal -1 0 0
    outer loop
      vertex -7.2 124 1
      vertex -7.2 87.7667 4.8
      vertex -7.2 124 6.79999
    endloop
  endfacet
  facet normal -1 0 0
    outer loop
      vertex -7.2 124 1
      vertex -7.2 86.1667 4.8
      vertex -7.2 87.7667 4.8
    endloop
  endfacet
  facet normal -1 0 0
    outer loop
      vertex -7.2 86.1667 4.8
      vertex -7.2 83.1667 4.8
      vertex -7.2 86.1667 6.79999
    endloop
  endfacet
  facet normal -1 0 0
    outer loop
      vertex -7.2 124 1
      vertex -7.2 83.1667 4.8
      vertex -7.2 86.1667 4.8
    endloop
  endfacet
  facet normal -1 0 0
    outer loop
      vertex -7.2 124 1
      vertex -7.2 81.5667 4.8
      vertex -7.2 83.1667 4.8
    endloop
  endfacet
  facet normal -1 0 0
    outer loop
      vertex -7.2 81.5667 4.8
      vertex -7.2 48.4333 4.8
      vertex -7.2 81.5667 6.79999
    endloop
  endfacet
  facet normal -1 0 0
    outer loop
      vertex -7.2 124 1
      vertex -7.2 48.4333 4.8
      vertex -7.2 81.5667 4.8
    endloop
  endfacet
  facet normal -1 0 0
    outer loop
      vertex -7.2 6 1
      vertex -7.2 48.4333 4.8
      vertex -7.2 124 1
    endloop
  endfacet
  facet normal -1 0 0
    outer loop
      vertex -7.2 46.8333 4.8
      vertex -7.2 43.8333 4.8
      vertex -7.2 46.8333 6.79999
    endloop
  endfacet
  facet normal -1 -0 0
    outer loop
      vertex -7.2 48.4333 4.8
      vertex -7.2 6 1
      vertex -7.2 46.8333 4.8
    endloop
  endfacet
  facet normal -1 -0 0
    outer loop
      vertex -7.2 46.8333 4.8
      vertex -7.2 6 1
      vertex -7.2 43.8333 4.8
    endloop
  endfacet
  facet normal -1 -0 0
    outer loop
      vertex -7.2 43.8333 4.8
      vertex -7.2 6 1
      vertex -7.2 42.2333 4.8
    endloop
  endfacet
  facet normal -1 0 0
    outer loop
      vertex -7.2 6 6.79999
      vertex -7.2 42.2333 4.8
      vertex -7.2 6 1
    endloop
  endfacet
  facet normal -1 0 0
    outer loop
      vertex -7.2 42.2333 4.8
      vertex -7.2 6 6.79999
      vertex -7.2 42.2333 6.79999
    endloop
  endfacet
  facet normal -1 -0 0
    outer loop
      vertex -7.2 124 6.79999
      vertex -7.2 87.7667 4.8
      vertex -7.2 87.7667 6.79999
    endloop
  endfacet
  facet normal -1 -0 0
    outer loop
      vertex -7.2 86.1667 6.79999
      vertex -7.2 83.1667 4.8
      vertex -7.2 83.1667 6.79999
    endloop
  endfacet
  facet normal -1 -0 0
    outer loop
      vertex -7.2 81.5667 6.79999
      vertex -7.2 48.4333 4.8
      vertex -7.2 48.4333 6.79999
    endloop
  endfacet
  facet normal -1 -0 0
    outer loop
      vertex -7.2 46.8333 6.79999
      vertex -7.2 43.8333 4.8
      vertex -7.2 43.8333 6.79999
    endloop
  endfacet
  facet normal -0.659341 0 0.751844
    outer loop
      vertex 3.16556 124 2.67456
      vertex 3.67696 6 3.12304
      vertex 3.67696 124 3.12304
    endloop
  endfacet
  facet normal -0.659341 0 0.751844
    outer loop
      vertex 3.67696 6 3.12304
      vertex 3.16556 124 2.67456
      vertex 3.16556 6 2.67456
    endloop
  endfacet
  facet normal -0.980785 0 0.195093
    outer loop
      vertex 5.02281 6 5.45414
      vertex 5.15551 42.2333 6.12126
      vertex 5.02281 42.2333 5.45414
    endloop
  endfacet
  facet normal -0.980785 0 0.195093
    outer loop
      vertex 5.15551 42.2333 6.12126
      vertex 5.02281 6 5.45414
      vertex 5.15551 6 6.12126
    endloop
  endfacet
  facet normal -0.980785 0 0.195093
    outer loop
      vertex 5.02281 87.7667 5.45414
      vertex 5.15551 124 6.12126
      vertex 5.02281 124 5.45414
    endloop
  endfacet
  facet normal -0.980785 0 0.195093
    outer loop
      vertex 5.15551 124 6.12126
      vertex 5.02281 87.7667 5.45414
      vertex 5.15551 87.7667 6.12126
    endloop
  endfacet
  facet normal -0.980785 0 0.195093
    outer loop
      vertex 5.02281 43.8333 5.45414
      vertex 5.15551 46.8333 6.12126
      vertex 5.02281 46.8333 5.45414
    endloop
  endfacet
  facet normal -0.980785 0 0.195093
    outer loop
      vertex 5.15551 46.8333 6.12126
      vertex 5.02281 43.8333 5.45414
      vertex 5.15551 43.8333 6.12126
    endloop
  endfacet
  facet normal -0.980785 0 0.195093
    outer loop
      vertex 5.02281 48.4333 5.45414
      vertex 5.15551 81.5667 6.12126
      vertex 5.02281 81.5667 5.45414
    endloop
  endfacet
  facet normal -0.980785 0 0.195093
    outer loop
      vertex 5.15551 81.5667 6.12126
      vertex 5.02281 48.4333 5.45414
      vertex 5.15551 48.4333 6.12126
    endloop
  endfacet
  facet normal -0.980785 0 0.195093
    outer loop
      vertex 5.02281 83.1667 5.45414
      vertex 5.15551 86.1667 6.12126
      vertex 5.02281 86.1667 5.45414
    endloop
  endfacet
  facet normal -0.980785 0 0.195093
    outer loop
      vertex 5.15551 86.1667 6.12126
      vertex 5.02281 83.1667 5.45414
      vertex 5.15551 83.1667 6.12126
    endloop
  endfacet
  facet normal -0.997859 0 0.0654076
    outer loop
      vertex 5.15551 6 6.12126
      vertex 5.2 42.2333 6.8
      vertex 5.15551 42.2333 6.12126
    endloop
  endfacet
  facet normal -0.997859 0 0.0654076
    outer loop
      vertex 5.2 42.2333 6.8
      vertex 5.15551 6 6.12126
      vertex 5.2 6 6.8
    endloop
  endfacet
  facet normal -0.997859 0 0.0654076
    outer loop
      vertex 5.15551 87.7667 6.12126
      vertex 5.2 124 6.8
      vertex 5.15551 124 6.12126
    endloop
  endfacet
  facet normal -0.997859 0 0.0654076
    outer loop
      vertex 5.2 124 6.8
      vertex 5.15551 87.7667 6.12126
      vertex 5.2 87.7667 6.8
    endloop
  endfacet
  facet normal -0.997859 0 0.0654076
    outer loop
      vertex 5.15551 43.8333 6.12126
      vertex 5.2 46.8333 6.8
      vertex 5.15551 46.8333 6.12126
    endloop
  endfacet
  facet normal -0.997859 0 0.0654076
    outer loop
      vertex 5.2 46.8333 6.8
      vertex 5.15551 43.8333 6.12126
      vertex 5.2 43.8333 6.8
    endloop
  endfacet
  facet normal -0.997859 0 0.0654076
    outer loop
      vertex 5.15551 48.4333 6.12126
      vertex 5.2 81.5667 6.8
      vertex 5.15551 81.5667 6.12126
    endloop
  endfacet
  facet normal -0.997859 0 0.0654076
    outer loop
      vertex 5.2 81.5667 6.8
      vertex 5.15551 48.4333 6.12126
      vertex 5.2 48.4333 6.8
    endloop
  endfacet
  facet normal -0.997859 0 0.0654076
    outer loop
      vertex 5.15551 83.1667 6.12126
      vertex 5.2 86.1667 6.8
      vertex 5.15551 86.1667 6.12126
    endloop
  endfacet
  facet normal -0.997859 0 0.0654076
    outer loop
      vertex 5.2 86.1667 6.8
      vertex 5.15551 83.1667 6.12126
      vertex 5.2 83.1667 6.8
    endloop
  endfacet
  facet normal -0.94693 0 0.321441
    outer loop
      vertex 4.80417 6 4.81005
      vertex 5.02281 42.2333 5.45414
      vertex 4.80417 42.2333 4.81005
    endloop
  endfacet
  facet normal -0.94693 0 0.321441
    outer loop
      vertex 5.02281 42.2333 5.45414
      vertex 4.80417 6 4.81005
      vertex 5.02281 6 5.45414
    endloop
  endfacet
  facet normal -0.94693 0 0.321441
    outer loop
      vertex 4.80417 87.7667 4.81005
      vertex 5.02281 124 5.45414
      vertex 4.80417 124 4.81005
    endloop
  endfacet
  facet normal -0.94693 0 0.321441
    outer loop
      vertex 5.02281 124 5.45414
      vertex 4.80417 87.7667 4.81005
      vertex 5.02281 87.7667 5.45414
    endloop
  endfacet
  facet normal -0.94693 0 0.321441
    outer loop
      vertex 4.80417 43.8333 4.81005
      vertex 5.02281 46.8333 5.45414
      vertex 4.80417 46.8333 4.81005
    endloop
  endfacet
  facet normal -0.94693 0 0.321441
    outer loop
      vertex 5.02281 46.8333 5.45414
      vertex 4.80417 43.8333 4.81005
      vertex 5.02281 43.8333 5.45414
    endloop
  endfacet
  facet normal -0.94693 0 0.321441
    outer loop
      vertex 4.80417 48.4333 4.81005
      vertex 5.02281 81.5667 5.45414
      vertex 4.80417 81.5667 4.81005
    endloop
  endfacet
  facet normal -0.94693 0 0.321441
    outer loop
      vertex 5.02281 81.5667 5.45414
      vertex 4.80417 48.4333 4.81005
      vertex 5.02281 48.4333 5.45414
    endloop
  endfacet
  facet normal -0.94693 0 0.321441
    outer loop
      vertex 4.80417 83.1667 4.81005
      vertex 5.02281 86.1667 5.45414
      vertex 4.80417 86.1667 4.81005
    endloop
  endfacet
  facet normal -0.94693 0 0.321441
    outer loop
      vertex 5.02281 86.1667 5.45414
      vertex 4.80417 83.1667 4.81005
      vertex 5.02281 83.1667 5.45414
    endloop
  endfacet
  facet normal 0.831473 -0 0.555565
    outer loop
      vertex -4.50333 6 4.2
      vertex -4.12544 124 3.63444
      vertex -4.50333 124 4.2
    endloop
  endfacet
  facet normal 0.831473 0 0.555565
    outer loop
      vertex -4.12544 124 3.63444
      vertex -4.50333 6 4.2
      vertex -4.12544 6 3.63444
    endloop
  endfacet
  facet normal -0.442285 0 0.896875
    outer loop
      vertex 1.98995 124 1.99583
      vertex 2.6 6 2.29667
      vertex 2.6 124 2.29667
    endloop
  endfacet
  facet normal -0.442285 0 0.896875
    outer loop
      vertex 2.6 6 2.29667
      vertex 1.98995 124 1.99583
      vertex 1.98995 6 1.99583
    endloop
  endfacet
  facet normal -0.896875 -1.49904e-07 0.442285
    outer loop
      vertex 4.50333 124 4.2
      vertex 4.79922 87.7667 4.8
      vertex 4.80417 124 4.81005
    endloop
  endfacet
  facet normal -0.896871 0 0.442292
    outer loop
      vertex 4.50333 124 4.2
      vertex 4.79922 86.1667 4.8
      vertex 4.79922 87.7667 4.8
    endloop
  endfacet
  facet normal -0.897089 0 0.44185
    outer loop
      vertex 4.79922 86.1667 4.8
      vertex 4.79922 83.1667 4.8
      vertex 4.80417 86.1667 4.81005
    endloop
  endfacet
  facet normal -0.896871 0 0.442292
    outer loop
      vertex 4.50333 124 4.2
      vertex 4.79922 83.1667 4.8
      vertex 4.79922 86.1667 4.8
    endloop
  endfacet
  facet normal -0.896871 0 0.442292
    outer loop
      vertex 4.50333 124 4.2
      vertex 4.79922 81.5667 4.8
      vertex 4.79922 83.1667 4.8
    endloop
  endfacet
  facet normal -0.897089 0 0.44185
    outer loop
      vertex 4.79922 81.5667 4.8
      vertex 4.79922 48.4333 4.8
      vertex 4.80417 81.5667 4.81005
    endloop
  endfacet
  facet normal -0.896871 0 0.442292
    outer loop
      vertex 4.50333 124 4.2
      vertex 4.79922 48.4333 4.8
      vertex 4.79922 81.5667 4.8
    endloop
  endfacet
  facet normal -0.896871 0 0.442292
    outer loop
      vertex 4.50333 124 4.2
      vertex 4.79922 46.8333 4.8
      vertex 4.79922 48.4333 4.8
    endloop
  endfacet
  facet normal -0.897089 0 0.44185
    outer loop
      vertex 4.79922 46.8333 4.8
      vertex 4.79922 43.8333 4.8
      vertex 4.80417 46.8333 4.81005
    endloop
  endfacet
  facet normal -0.896871 0 0.442292
    outer loop
      vertex 4.50333 124 4.2
      vertex 4.79922 43.8333 4.8
      vertex 4.79922 46.8333 4.8
    endloop
  endfacet
  facet normal -0.896871 0 0.442292
    outer loop
      vertex 4.50333 124 4.2
      vertex 4.79922 42.2333 4.8
      vertex 4.79922 43.8333 4.8
    endloop
  endfacet
  facet normal -0.896871 0 0.442292
    outer loop
      vertex 4.50333 6 4.2
      vertex 4.79922 42.2333 4.8
      vertex 4.50333 124 4.2
    endloop
  endfacet
  facet normal -0.896875 1.49904e-07 0.442285
    outer loop
      vertex 4.80417 6 4.81005
      vertex 4.79922 42.2333 4.8
      vertex 4.50333 6 4.2
    endloop
  endfacet
  facet normal -0.897089 0 0.44185
    outer loop
      vertex 4.79922 42.2333 4.8
      vertex 4.80417 6 4.81005
      vertex 4.80417 42.2333 4.81005
    endloop
  endfacet
  facet normal -0.897089 0 0.44185
    outer loop
      vertex 4.80417 124 4.81005
      vertex 4.79922 87.7667 4.8
      vertex 4.80417 87.7667 4.81005
    endloop
  endfacet
  facet normal -0.897089 0 0.44185
    outer loop
      vertex 4.80417 86.1667 4.81005
      vertex 4.79922 83.1667 4.8
      vertex 4.80417 83.1667 4.81005
    endloop
  endfacet
  facet normal -0.897089 0 0.44185
    outer loop
      vertex 4.80417 81.5667 4.81005
      vertex 4.79922 48.4333 4.8
      vertex 4.80417 48.4333 4.81005
    endloop
  endfacet
  facet normal -0.897089 0 0.44185
    outer loop
      vertex 4.80417 46.8333 4.81005
      vertex 4.79922 43.8333 4.8
      vertex 4.80417 43.8333 4.81005
    endloop
  endfacet
  facet normal 0.442285 0 0.896875
    outer loop
      vertex -2.6 124 2.29667
      vertex -1.98995 6 1.99583
      vertex -1.98995 124 1.99583
    endloop
  endfacet
  facet normal 0.442285 0 0.896875
    outer loop
      vertex -1.98995 6 1.99583
      vertex -2.6 124 2.29667
      vertex -2.6 6 2.29667
    endloop
  endfacet
  facet normal 0.751844 -0 0.659341
    outer loop
      vertex -4.12544 6 3.63444
      vertex -3.67696 124 3.12304
      vertex -4.12544 124 3.63444
    endloop
  endfacet
  facet normal 0.751844 0 0.659341
    outer loop
      vertex -3.67696 124 3.12304
      vertex -4.12544 6 3.63444
      vertex -3.67696 6 3.12304
    endloop
  endfacet
  facet normal 0.0654079 0 0.997859
    outer loop
      vertex -0.678736 124 1.64449
      vertex 0 6 1.6
      vertex 0 124 1.6
    endloop
  endfacet
  facet normal 0.0654079 0 0.997859
    outer loop
      vertex 0 6 1.6
      vertex -0.678736 124 1.64449
      vertex -0.678736 6 1.64449
    endloop
  endfacet
  facet normal -0.195091 0 0.980785
    outer loop
      vertex 0.678736 124 1.64449
      vertex 1.34586 6 1.77719
      vertex 1.34586 124 1.77719
    endloop
  endfacet
  facet normal -0.195091 0 0.980785
    outer loop
      vertex 1.34586 6 1.77719
      vertex 0.678736 124 1.64449
      vertex 0.678736 6 1.64449
    endloop
  endfacet
  facet normal -0.831473 0 0.555565
    outer loop
      vertex 4.12544 6 3.63444
      vertex 4.50333 124 4.2
      vertex 4.12544 124 3.63444
    endloop
  endfacet
  facet normal -0.831473 0 0.555565
    outer loop
      vertex 4.50333 124 4.2
      vertex 4.12544 6 3.63444
      vertex 4.50333 6 4.2
    endloop
  endfacet
  facet normal -0.321441 0 0.94693
    outer loop
      vertex 1.34586 124 1.77719
      vertex 1.98995 6 1.99583
      vertex 1.98995 124 1.99583
    endloop
  endfacet
  facet normal -0.321441 0 0.94693
    outer loop
      vertex 1.98995 6 1.99583
      vertex 1.34586 124 1.77719
      vertex 1.34586 6 1.77719
    endloop
  endfacet
  facet normal 0.555565 0 0.831473
    outer loop
      vertex -3.16556 124 2.67456
      vertex -2.6 6 2.29667
      vertex -2.6 124 2.29667
    endloop
  endfacet
  facet normal 0.555565 0 0.831473
    outer loop
      vertex -2.6 6 2.29667
      vertex -3.16556 124 2.67456
      vertex -3.16556 6 2.67456
    endloop
  endfacet
  facet normal -0.555565 0 0.831473
    outer loop
      vertex 2.6 124 2.29667
      vertex 3.16556 6 2.67456
      vertex 3.16556 124 2.67456
    endloop
  endfacet
  facet normal -0.555565 0 0.831473
    outer loop
      vertex 3.16556 6 2.67456
      vertex 2.6 124 2.29667
      vertex 2.6 6 2.29667
    endloop
  endfacet
  facet normal 0.659341 0 0.751844
    outer loop
      vertex -3.67696 124 3.12304
      vertex -3.16556 6 2.67456
      vertex -3.16556 124 2.67456
    endloop
  endfacet
  facet normal 0.659341 0 0.751844
    outer loop
      vertex -3.16556 6 2.67456
      vertex -3.67696 124 3.12304
      vertex -3.67696 6 3.12304
    endloop
  endfacet
  facet normal 0.94693 -0 0.321441
    outer loop
      vertex -5.02281 87.7667 5.45414
      vertex -4.80417 124 4.81005
      vertex -5.02281 124 5.45414
    endloop
  endfacet
  facet normal 0.94693 0 0.321441
    outer loop
      vertex -4.80417 124 4.81005
      vertex -5.02281 87.7667 5.45414
      vertex -4.80417 87.7667 4.81005
    endloop
  endfacet
  facet normal 0.94693 -0 0.321441
    outer loop
      vertex -5.02281 6 5.45414
      vertex -4.80417 42.2333 4.81005
      vertex -5.02281 42.2333 5.45414
    endloop
  endfacet
  facet normal 0.94693 0 0.321441
    outer loop
      vertex -4.80417 42.2333 4.81005
      vertex -5.02281 6 5.45414
      vertex -4.80417 6 4.81005
    endloop
  endfacet
  facet normal 0.94693 -0 0.321441
    outer loop
      vertex -5.02281 43.8333 5.45414
      vertex -4.80417 46.8333 4.81005
      vertex -5.02281 46.8333 5.45414
    endloop
  endfacet
  facet normal 0.94693 0 0.321441
    outer loop
      vertex -4.80417 46.8333 4.81005
      vertex -5.02281 43.8333 5.45414
      vertex -4.80417 43.8333 4.81005
    endloop
  endfacet
  facet normal 0.94693 -0 0.321441
    outer loop
      vertex -5.02281 48.4333 5.45414
      vertex -4.80417 81.5667 4.81005
      vertex -5.02281 81.5667 5.45414
    endloop
  endfacet
  facet normal 0.94693 0 0.321441
    outer loop
      vertex -4.80417 81.5667 4.81005
      vertex -5.02281 48.4333 5.45414
      vertex -4.80417 48.4333 4.81005
    endloop
  endfacet
  facet normal 0.94693 -0 0.321441
    outer loop
      vertex -5.02281 83.1667 5.45414
      vertex -4.80417 86.1667 4.81005
      vertex -5.02281 86.1667 5.45414
    endloop
  endfacet
  facet normal 0.94693 0 0.321441
    outer loop
      vertex -4.80417 86.1667 4.81005
      vertex -5.02281 83.1667 5.45414
      vertex -4.80417 83.1667 4.81005
    endloop
  endfacet
  facet normal -0.751844 0 0.659341
    outer loop
      vertex 3.67696 6 3.12304
      vertex 4.12544 124 3.63444
      vertex 3.67696 124 3.12304
    endloop
  endfacet
  facet normal -0.751844 0 0.659341
    outer loop
      vertex 4.12544 124 3.63444
      vertex 3.67696 6 3.12304
      vertex 4.12544 6 3.63444
    endloop
  endfacet
  facet normal 0.195091 0 0.980785
    outer loop
      vertex -1.34586 124 1.77719
      vertex -0.678736 6 1.64449
      vertex -0.678736 124 1.64449
    endloop
  endfacet
  facet normal 0.195091 0 0.980785
    outer loop
      vertex -0.678736 6 1.64449
      vertex -1.34586 124 1.77719
      vertex -1.34586 6 1.77719
    endloop
  endfacet
  facet normal 0.321441 0 0.94693
    outer loop
      vertex -1.98995 124 1.99583
      vertex -1.34586 6 1.77719
      vertex -1.34586 124 1.77719
    endloop
  endfacet
  facet normal 0.321441 0 0.94693
    outer loop
      vertex -1.34586 6 1.77719
      vertex -1.98995 124 1.99583
      vertex -1.98995 6 1.99583
    endloop
  endfacet
  facet normal 0.997859 -0 0.0654076
    outer loop
      vertex -5.2 6 6.8
      vertex -5.15551 42.2333 6.12126
      vertex -5.2 42.2333 6.8
    endloop
  endfacet
  facet normal 0.997859 0 0.0654076
    outer loop
      vertex -5.15551 42.2333 6.12126
      vertex -5.2 6 6.8
      vertex -5.15551 6 6.12126
    endloop
  endfacet
  facet normal 0.997859 -0 0.0654076
    outer loop
      vertex -5.2 87.7667 6.8
      vertex -5.15551 124 6.12126
      vertex -5.2 124 6.8
    endloop
  endfacet
  facet normal 0.997859 0 0.0654076
    outer loop
      vertex -5.15551 124 6.12126
      vertex -5.2 87.7667 6.8
      vertex -5.15551 87.7667 6.12126
    endloop
  endfacet
  facet normal 0.997859 -0 0.0654076
    outer loop
      vertex -5.2 43.8333 6.8
      vertex -5.15551 46.8333 6.12126
      vertex -5.2 46.8333 6.8
    endloop
  endfacet
  facet normal 0.997859 0 0.0654076
    outer loop
      vertex -5.15551 46.8333 6.12126
      vertex -5.2 43.8333 6.8
      vertex -5.15551 43.8333 6.12126
    endloop
  endfacet
  facet normal 0.997859 -0 0.0654076
    outer loop
      vertex -5.2 48.4333 6.8
      vertex -5.15551 81.5667 6.12126
      vertex -5.2 81.5667 6.8
    endloop
  endfacet
  facet normal 0.997859 0 0.0654076
    outer loop
      vertex -5.15551 81.5667 6.12126
      vertex -5.2 48.4333 6.8
      vertex -5.15551 48.4333 6.12126
    endloop
  endfacet
  facet normal 0.997859 -0 0.0654076
    outer loop
      vertex -5.2 83.1667 6.8
      vertex -5.15551 86.1667 6.12126
      vertex -5.2 86.1667 6.8
    endloop
  endfacet
  facet normal 0.997859 0 0.0654076
    outer loop
      vertex -5.15551 86.1667 6.12126
      vertex -5.2 83.1667 6.8
      vertex -5.15551 83.1667 6.12126
    endloop
  endfacet
  facet normal 0.980785 -0 0.195093
    outer loop
      vertex -5.15551 87.7667 6.12126
      vertex -5.02281 124 5.45414
      vertex -5.15551 124 6.12126
    endloop
  endfacet
  facet normal 0.980785 0 0.195093
    outer loop
      vertex -5.02281 124 5.45414
      vertex -5.15551 87.7667 6.12126
      vertex -5.02281 87.7667 5.45414
    endloop
  endfacet
  facet normal 0.980785 -0 0.195093
    outer loop
      vertex -5.15551 6 6.12126
      vertex -5.02281 42.2333 5.45414
      vertex -5.15551 42.2333 6.12126
    endloop
  endfacet
  facet normal 0.980785 0 0.195093
    outer loop
      vertex -5.02281 42.2333 5.45414
      vertex -5.15551 6 6.12126
      vertex -5.02281 6 5.45414
    endloop
  endfacet
  facet normal 0.980785 -0 0.195093
    outer loop
      vertex -5.15551 43.8333 6.12126
      vertex -5.02281 46.8333 5.45414
      vertex -5.15551 46.8333 6.12126
    endloop
  endfacet
  facet normal 0.980785 0 0.195093
    outer loop
      vertex -5.02281 46.8333 5.45414
      vertex -5.15551 43.8333 6.12126
      vertex -5.02281 43.8333 5.45414
    endloop
  endfacet
  facet normal 0.980785 -0 0.195093
    outer loop
      vertex -5.15551 48.4333 6.12126
      vertex -5.02281 81.5667 5.45414
      vertex -5.15551 81.5667 6.12126
    endloop
  endfacet
  facet normal 0.980785 0 0.195093
    outer loop
      vertex -5.02281 81.5667 5.45414
      vertex -5.15551 48.4333 6.12126
      vertex -5.02281 48.4333 5.45414
    endloop
  endfacet
  facet normal 0.980785 -0 0.195093
    outer loop
      vertex -5.15551 83.1667 6.12126
      vertex -5.02281 86.1667 5.45414
      vertex -5.15551 86.1667 6.12126
    endloop
  endfacet
  facet normal 0.980785 0 0.195093
    outer loop
      vertex -5.02281 86.1667 5.45414
      vertex -5.15551 83.1667 6.12126
      vertex -5.02281 83.1667 5.45414
    endloop
  endfacet
  facet normal 0.897089 0 0.44185
    outer loop
      vertex -4.80417 42.2333 4.81005
      vertex -4.80417 6 4.81005
      vertex -4.79922 42.2333 4.8
    endloop
  endfacet
  facet normal 0.897089 0 0.44185
    outer loop
      vertex -4.80417 46.8333 4.81005
      vertex -4.80417 43.8333 4.81005
      vertex -4.79922 46.8333 4.8
    endloop
  endfacet
  facet normal 0.897089 0 0.44185
    outer loop
      vertex -4.80417 81.5667 4.81005
      vertex -4.80417 48.4333 4.81005
      vertex -4.79922 81.5667 4.8
    endloop
  endfacet
  facet normal 0.897089 0 0.44185
    outer loop
      vertex -4.80417 86.1667 4.81005
      vertex -4.80417 83.1667 4.81005
      vertex -4.79922 86.1667 4.8
    endloop
  endfacet
  facet normal 0.897089 0 0.44185
    outer loop
      vertex -4.79922 87.7667 4.8
      vertex -4.80417 124 4.81005
      vertex -4.80417 87.7667 4.81005
    endloop
  endfacet
  facet normal 0.896875 -1.49904e-07 0.442285
    outer loop
      vertex -4.80417 124 4.81005
      vertex -4.79922 87.7667 4.8
      vertex -4.50333 124 4.2
    endloop
  endfacet
  facet normal 0.896871 -0 0.442292
    outer loop
      vertex -4.79922 86.1667 4.8
      vertex -4.50333 124 4.2
      vertex -4.79922 87.7667 4.8
    endloop
  endfacet
  facet normal 0.897089 -0 0.44185
    outer loop
      vertex -4.79922 83.1667 4.8
      vertex -4.79922 86.1667 4.8
      vertex -4.80417 83.1667 4.81005
    endloop
  endfacet
  facet normal 0.896871 0 0.442292
    outer loop
      vertex -4.79922 86.1667 4.8
      vertex -4.79922 83.1667 4.8
      vertex -4.50333 124 4.2
    endloop
  endfacet
  facet normal 0.896871 -0 0.442292
    outer loop
      vertex -4.79922 81.5667 4.8
      vertex -4.50333 124 4.2
      vertex -4.79922 83.1667 4.8
    endloop
  endfacet
  facet normal 0.897089 -0 0.44185
    outer loop
      vertex -4.79922 48.4333 4.8
      vertex -4.79922 81.5667 4.8
      vertex -4.80417 48.4333 4.81005
    endloop
  endfacet
  facet normal 0.896871 0 0.442292
    outer loop
      vertex -4.79922 81.5667 4.8
      vertex -4.79922 48.4333 4.8
      vertex -4.50333 124 4.2
    endloop
  endfacet
  facet normal 0.896871 -0 0.442292
    outer loop
      vertex -4.79922 46.8333 4.8
      vertex -4.50333 124 4.2
      vertex -4.79922 48.4333 4.8
    endloop
  endfacet
  facet normal 0.897089 -0 0.44185
    outer loop
      vertex -4.79922 43.8333 4.8
      vertex -4.79922 46.8333 4.8
      vertex -4.80417 43.8333 4.81005
    endloop
  endfacet
  facet normal 0.896871 0 0.442292
    outer loop
      vertex -4.79922 46.8333 4.8
      vertex -4.79922 43.8333 4.8
      vertex -4.50333 124 4.2
    endloop
  endfacet
  facet normal 0.896871 -0 0.442292
    outer loop
      vertex -4.79922 42.2333 4.8
      vertex -4.50333 124 4.2
      vertex -4.79922 43.8333 4.8
    endloop
  endfacet
  facet normal 0.896875 1.49904e-07 0.442285
    outer loop
      vertex -4.50333 6 4.2
      vertex -4.79922 42.2333 4.8
      vertex -4.80417 6 4.81005
    endloop
  endfacet
  facet normal 0.896871 0 0.442292
    outer loop
      vertex -4.79922 42.2333 4.8
      vertex -4.50333 6 4.2
      vertex -4.50333 124 4.2
    endloop
  endfacet
  facet normal -0.0654079 0 0.997859
    outer loop
      vertex 0 124 1.6
      vertex 0.678736 6 1.64449
      vertex 0.678736 124 1.64449
    endloop
  endfacet
  facet normal -0.0654079 0 0.997859
    outer loop
      vertex 0.678736 6 1.64449
      vertex 0 124 1.6
      vertex 0 6 1.6
    endloop
  endfacet
  facet normal -1 0 0
    outer loop
      vertex 5.2 87.7667 6.8
      vertex 5.2 124 7.79999
      vertex 5.2 124 6.8
    endloop
  endfacet
  facet normal -1 -0 0
    outer loop
      vertex 5.2 124 7.79999
      vertex 5.2 87.7667 6.8
      vertex 5.2 87.7667 7.79999
    endloop
  endfacet
  facet normal -1 0 0
    outer loop
      vertex 5.2 6 6.8
      vertex 5.2 42.2333 7.79999
      vertex 5.2 42.2333 6.8
    endloop
  endfacet
  facet normal -1 -0 0
    outer loop
      vertex 5.2 42.2333 7.79999
      vertex 5.2 6 6.8
      vertex 5.2 6 7.79999
    endloop
  endfacet
  facet normal -1 0 0
    outer loop
      vertex 5.2 43.8333 6.8
      vertex 5.2 46.8333 7.59999
      vertex 5.2 46.8333 6.8
    endloop
  endfacet
  facet normal -1 -0 0
    outer loop
      vertex 5.2 46.8333 7.59999
      vertex 5.2 43.8333 6.8
      vertex 5.2 43.8333 7.59999
    endloop
  endfacet
  facet normal -1 0 0
    outer loop
      vertex 5.2 83.1667 6.8
      vertex 5.2 86.1667 7.59999
      vertex 5.2 86.1667 6.8
    endloop
  endfacet
  facet normal -1 -0 0
    outer loop
      vertex 5.2 86.1667 7.59999
      vertex 5.2 83.1667 6.8
      vertex 5.2 83.1667 7.59999
    endloop
  endfacet
  facet normal -1 0 0
    outer loop
      vertex 5.2 48.4333 6.8
      vertex 5.2 81.5667 7.79999
      vertex 5.2 81.5667 6.8
    endloop
  endfacet
  facet normal -1 -0 0
    outer loop
      vertex 5.2 81.5667 7.79999
      vertex 5.2 48.4333 6.8
      vertex 5.2 48.4333 7.79999
    endloop
  endfacet
  facet normal 1 -0 0
    outer loop
      vertex -5.2 6 7.79999
      vertex -5.2 42.2333 6.8
      vertex -5.2 42.2333 7.79999
    endloop
  endfacet
  facet normal 1 0 0
    outer loop
      vertex -5.2 42.2333 6.8
      vertex -5.2 6 7.79999
      vertex -5.2 6 6.8
    endloop
  endfacet
  facet normal 1 -0 0
    outer loop
      vertex -5.2 87.7667 7.79999
      vertex -5.2 124 6.8
      vertex -5.2 124 7.79999
    endloop
  endfacet
  facet normal 1 0 0
    outer loop
      vertex -5.2 124 6.8
      vertex -5.2 87.7667 7.79999
      vertex -5.2 87.7667 6.8
    endloop
  endfacet
  facet normal 1 -0 0
    outer loop
      vertex -5.2 43.8333 7.59999
      vertex -5.2 46.8333 6.8
      vertex -5.2 46.8333 7.59999
    endloop
  endfacet
  facet normal 1 0 0
    outer loop
      vertex -5.2 46.8333 6.8
      vertex -5.2 43.8333 7.59999
      vertex -5.2 43.8333 6.8
    endloop
  endfacet
  facet normal 1 -0 0
    outer loop
      vertex -5.2 83.1667 7.59999
      vertex -5.2 86.1667 6.8
      vertex -5.2 86.1667 7.59999
    endloop
  endfacet
  facet normal 1 0 0
    outer loop
      vertex -5.2 86.1667 6.8
      vertex -5.2 83.1667 7.59999
      vertex -5.2 83.1667 6.8
    endloop
  endfacet
  facet normal 1 -0 0
    outer loop
      vertex -5.2 48.4333 7.79999
      vertex -5.2 81.5667 6.8
      vertex -5.2 81.5667 7.79999
    endloop
  endfacet
  facet normal 1 0 0
    outer loop
      vertex -5.2 81.5667 6.8
      vertex -5.2 48.4333 7.79999
      vertex -5.2 48.4333 6.8
    endloop
  endfacet
  facet normal 0 1 -0
    outer loop
      vertex -5.2 46.8333 6.8
      vertex -6.39999 46.8333 7.59999
      vertex -5.2 46.8333 7.59999
    endloop
  endfacet
  facet normal 0 1 0
    outer loop
      vertex -5.2 46.8333 6.8
      vertex -7.2 46.8333 6.79999
      vertex -6.39999 46.8333 7.59999
    endloop
  endfacet
  facet normal 0 1 0
    outer loop
      vertex -5.15551 46.8333 6.12126
      vertex -7.2 46.8333 6.79999
      vertex -5.2 46.8333 6.8
    endloop
  endfacet
  facet normal 0 1 0
    outer loop
      vertex -7.2 46.8333 4.8
      vertex -5.15551 46.8333 6.12126
      vertex -5.02281 46.8333 5.45414
    endloop
  endfacet
  facet normal 0 1 0
    outer loop
      vertex -7.2 46.8333 4.8
      vertex -5.02281 46.8333 5.45414
      vertex -4.80417 46.8333 4.81005
    endloop
  endfacet
  facet normal 0 1 0
    outer loop
      vertex -7.2 46.8333 4.8
      vertex -4.80417 46.8333 4.81005
      vertex -4.79922 46.8333 4.8
    endloop
  endfacet
  facet normal 0 1 0
    outer loop
      vertex -5.15551 46.8333 6.12126
      vertex -7.2 46.8333 4.8
      vertex -7.2 46.8333 6.79999
    endloop
  endfacet
  facet normal 0 1 0
    outer loop
      vertex -5.2 46.8333 7.79999
      vertex -5.2 46.8333 9.79999
      vertex -4.2 46.8333 8.79999
    endloop
  endfacet
  facet normal 0 1 0
    outer loop
      vertex -5.2 46.8333 9.79999
      vertex -5.2 46.8333 7.79999
      vertex -6.2 46.8333 9.79999
    endloop
  endfacet
  facet normal 0 1 0
    outer loop
      vertex -6.39999 46.8333 7.59999
      vertex -6.2 46.8333 9.79999
      vertex -5.2 46.8333 7.79999
    endloop
  endfacet
  facet normal 0 1 0
    outer loop
      vertex -6.39999 46.8333 7.59999
      vertex -5.2 46.8333 7.79999
      vertex -5.2 46.8333 7.59999
    endloop
  endfacet
  facet normal 0 1 0
    outer loop
      vertex -6.2 46.8333 9.79999
      vertex -6.39999 46.8333 7.59999
      vertex -7.2 46.8333 8.79999
    endloop
  endfacet
  facet normal 0 1 0
    outer loop
      vertex -7.2 46.8333 8.79999
      vertex -6.39999 46.8333 7.59999
      vertex -7.2 46.8333 7.59999
    endloop
  endfacet
  facet normal 0 1 0
    outer loop
      vertex 6.39999 46.8333 7.59999
      vertex 5.2 46.8333 6.8
      vertex 5.2 46.8333 7.59999
    endloop
  endfacet
  facet normal 0 1 0
    outer loop
      vertex 7.2 46.8333 6.79999
      vertex 5.2 46.8333 6.8
      vertex 6.39999 46.8333 7.59999
    endloop
  endfacet
  facet normal 0 1 0
    outer loop
      vertex 7.2 46.8333 6.79999
      vertex 5.15551 46.8333 6.12126
      vertex 5.2 46.8333 6.8
    endloop
  endfacet
  facet normal 0 1 -0
    outer loop
      vertex 7.2 46.8333 4.8
      vertex 5.15551 46.8333 6.12126
      vertex 7.2 46.8333 6.79999
    endloop
  endfacet
  facet normal 0 1 0
    outer loop
      vertex 5.15551 46.8333 6.12126
      vertex 7.2 46.8333 4.8
      vertex 5.02281 46.8333 5.45414
    endloop
  endfacet
  facet normal 0 1 0
    outer loop
      vertex 5.02281 46.8333 5.45414
      vertex 7.2 46.8333 4.8
      vertex 4.80417 46.8333 4.81005
    endloop
  endfacet
  facet normal 0 1 0
    outer loop
      vertex 4.80417 46.8333 4.81005
      vertex 7.2 46.8333 4.8
      vertex 4.79922 46.8333 4.8
    endloop
  endfacet
  facet normal 0 1 -0
    outer loop
      vertex 6.39999 46.8333 7.59999
      vertex 6.2 46.8333 9.79999
      vertex 7.2 46.8333 8.79999
    endloop
  endfacet
  facet normal 0 1 0
    outer loop
      vertex 6.2 46.8333 9.79999
      vertex 5.2 46.8333 7.79999
      vertex 5.2 46.8333 9.79999
    endloop
  endfacet
  facet normal 0 1 0
    outer loop
      vertex 5.2 46.8333 9.79999
      vertex 5.2 46.8333 7.79999
      vertex 4.2 46.8333 8.79999
    endloop
  endfacet
  facet normal 0 1 0
    outer loop
      vertex 6.39999 46.8333 7.59999
      vertex 7.2 46.8333 8.79999
      vertex 7.2 46.8333 7.59999
    endloop
  endfacet
  facet normal 0 1 0
    outer loop
      vertex 6.2 46.8333 9.79999
      vertex 6.39999 46.8333 7.59999
      vertex 5.2 46.8333 7.79999
    endloop
  endfacet
  facet normal 0 1 0
    outer loop
      vertex 5.2 46.8333 7.59999
      vertex 5.2 46.8333 7.79999
      vertex 6.39999 46.8333 7.59999
    endloop
  endfacet
  facet normal 0 -1 0
    outer loop
      vertex -6.39999 43.8333 7.59999
      vertex -5.2 43.8333 6.8
      vertex -5.2 43.8333 7.59999
    endloop
  endfacet
  facet normal 0 -1 0
    outer loop
      vertex -7.2 43.8333 6.79999
      vertex -5.2 43.8333 6.8
      vertex -6.39999 43.8333 7.59999
    endloop
  endfacet
  facet normal 0 -1 0
    outer loop
      vertex -7.2 43.8333 6.79999
      vertex -5.15551 43.8333 6.12126
      vertex -5.2 43.8333 6.8
    endloop
  endfacet
  facet normal 0 -1 0
    outer loop
      vertex -7.2 43.8333 4.8
      vertex -5.15551 43.8333 6.12126
      vertex -7.2 43.8333 6.79999
    endloop
  endfacet
  facet normal 0 -1 -0
    outer loop
      vertex -5.15551 43.8333 6.12126
      vertex -7.2 43.8333 4.8
      vertex -5.02281 43.8333 5.45414
    endloop
  endfacet
  facet normal 0 -1 -0
    outer loop
      vertex -5.02281 43.8333 5.45414
      vertex -7.2 43.8333 4.8
      vertex -4.80417 43.8333 4.81005
    endloop
  endfacet
  facet normal 0 -1 -0
    outer loop
      vertex -4.80417 43.8333 4.81005
      vertex -7.2 43.8333 4.8
      vertex -4.79922 43.8333 4.8
    endloop
  endfacet
  facet normal 0 -1 0
    outer loop
      vertex -6.39999 43.8333 7.59999
      vertex -6.2 43.8333 9.79999
      vertex -7.2 43.8333 8.79999
    endloop
  endfacet
  facet normal 0 -1 0
    outer loop
      vertex -6.2 43.8333 9.79999
      vertex -5.2 43.8333 7.79999
      vertex -5.2 43.8333 9.79999
    endloop
  endfacet
  facet normal 0 -1 0
    outer loop
      vertex -5.2 43.8333 9.79999
      vertex -5.2 43.8333 7.79999
      vertex -4.2 43.8333 8.79999
    endloop
  endfacet
  facet normal 0 -1 0
    outer loop
      vertex -6.39999 43.8333 7.59999
      vertex -7.2 43.8333 8.79999
      vertex -7.2 43.8333 7.59999
    endloop
  endfacet
  facet normal 0 -1 -0
    outer loop
      vertex -6.2 43.8333 9.79999
      vertex -6.39999 43.8333 7.59999
      vertex -5.2 43.8333 7.79999
    endloop
  endfacet
  facet normal 0 -1 0
    outer loop
      vertex -5.2 43.8333 7.59999
      vertex -5.2 43.8333 7.79999
      vertex -6.39999 43.8333 7.59999
    endloop
  endfacet
  facet normal 0 -1 0
    outer loop
      vertex 5.2 43.8333 6.8
      vertex 6.39999 43.8333 7.59999
      vertex 5.2 43.8333 7.59999
    endloop
  endfacet
  facet normal 0 -1 0
    outer loop
      vertex 5.2 43.8333 6.8
      vertex 7.2 43.8333 6.79999
      vertex 6.39999 43.8333 7.59999
    endloop
  endfacet
  facet normal 0 -1 0
    outer loop
      vertex 5.15551 43.8333 6.12126
      vertex 7.2 43.8333 6.79999
      vertex 5.2 43.8333 6.8
    endloop
  endfacet
  facet normal 0 -1 0
    outer loop
      vertex 7.2 43.8333 4.8
      vertex 5.15551 43.8333 6.12126
      vertex 5.02281 43.8333 5.45414
    endloop
  endfacet
  facet normal 0 -1 0
    outer loop
      vertex 7.2 43.8333 4.8
      vertex 5.02281 43.8333 5.45414
      vertex 4.80417 43.8333 4.81005
    endloop
  endfacet
  facet normal 0 -1 0
    outer loop
      vertex 7.2 43.8333 4.8
      vertex 4.80417 43.8333 4.81005
      vertex 4.79922 43.8333 4.8
    endloop
  endfacet
  facet normal 0 -1 0
    outer loop
      vertex 5.15551 43.8333 6.12126
      vertex 7.2 43.8333 4.8
      vertex 7.2 43.8333 6.79999
    endloop
  endfacet
  facet normal 0 -1 0
    outer loop
      vertex 5.2 43.8333 7.79999
      vertex 5.2 43.8333 9.79999
      vertex 4.2 43.8333 8.79999
    endloop
  endfacet
  facet normal 0 -1 0
    outer loop
      vertex 5.2 43.8333 9.79999
      vertex 5.2 43.8333 7.79999
      vertex 6.2 43.8333 9.79999
    endloop
  endfacet
  facet normal 0 -1 0
    outer loop
      vertex 6.39999 43.8333 7.59999
      vertex 6.2 43.8333 9.79999
      vertex 5.2 43.8333 7.79999
    endloop
  endfacet
  facet normal 0 -1 0
    outer loop
      vertex 6.39999 43.8333 7.59999
      vertex 5.2 43.8333 7.79999
      vertex 5.2 43.8333 7.59999
    endloop
  endfacet
  facet normal 0 -1 0
    outer loop
      vertex 6.2 43.8333 9.79999
      vertex 6.39999 43.8333 7.59999
      vertex 7.2 43.8333 8.79999
    endloop
  endfacet
  facet normal 0 -1 -0
    outer loop
      vertex 7.2 43.8333 8.79999
      vertex 6.39999 43.8333 7.59999
      vertex 7.2 43.8333 7.59999
    endloop
  endfacet
  facet normal -0.707107 0 0.707107
    outer loop
      vertex -7.2 43.8333 8.79999
      vertex -6.2 46.8333 9.79999
      vertex -7.2 46.8333 8.79999
    endloop
  endfacet
  facet normal -0.707107 0 0.707107
    outer loop
      vertex -6.2 46.8333 9.79999
      vertex -7.2 43.8333 8.79999
      vertex -6.2 43.8333 9.79999
    endloop
  endfacet
  facet normal -0 0 1
    outer loop
      vertex -6.2 46.8333 9.79999
      vertex -5.2 43.8333 9.79999
      vertex -5.2 46.8333 9.79999
    endloop
  endfacet
  facet normal 0 0 1
    outer loop
      vertex -5.2 43.8333 9.79999
      vertex -6.2 46.8333 9.79999
      vertex -6.2 43.8333 9.79999
    endloop
  endfacet
  facet normal 0.707107 -0 0.707107
    outer loop
      vertex -5.2 43.8333 9.79999
      vertex -4.2 46.8333 8.79999
      vertex -5.2 46.8333 9.79999
    endloop
  endfacet
  facet normal 0.707107 0 0.707107
    outer loop
      vertex -4.2 46.8333 8.79999
      vertex -5.2 43.8333 9.79999
      vertex -4.2 43.8333 8.79999
    endloop
  endfacet
  facet normal 0.707107 0 -0.707107
    outer loop
      vertex -4.2 43.8333 8.79999
      vertex -5.2 46.8333 7.79999
      vertex -4.2 46.8333 8.79999
    endloop
  endfacet
  facet normal 0.707107 0 -0.707107
    outer loop
      vertex -5.2 46.8333 7.79999
      vertex -4.2 43.8333 8.79999
      vertex -5.2 43.8333 7.79999
    endloop
  endfacet
  facet normal 1 -0 0
    outer loop
      vertex -5.2 43.8333 7.79999
      vertex -5.2 46.8333 7.59999
      vertex -5.2 46.8333 7.79999
    endloop
  endfacet
  facet normal 1 0 0
    outer loop
      vertex -5.2 46.8333 7.59999
      vertex -5.2 43.8333 7.79999
      vertex -5.2 43.8333 7.59999
    endloop
  endfacet
  facet normal 0 0 -1
    outer loop
      vertex -7.2 43.8333 7.59999
      vertex -6.39999 46.8333 7.59999
      vertex -6.39999 43.8333 7.59999
    endloop
  endfacet
  facet normal -0 0 -1
    outer loop
      vertex -6.39999 46.8333 7.59999
      vertex -7.2 43.8333 7.59999
      vertex -7.2 46.8333 7.59999
    endloop
  endfacet
  facet normal -1 0 0
    outer loop
      vertex -7.2 43.8333 7.59999
      vertex -7.2 46.8333 8.79999
      vertex -7.2 46.8333 7.59999
    endloop
  endfacet
  facet normal -1 -0 0
    outer loop
      vertex -7.2 46.8333 8.79999
      vertex -7.2 43.8333 7.59999
      vertex -7.2 43.8333 8.79999
    endloop
  endfacet
  facet normal 0.707107 -0 0.707107
    outer loop
      vertex 6.2 43.8333 9.79999
      vertex 7.2 46.8333 8.79999
      vertex 6.2 46.8333 9.79999
    endloop
  endfacet
  facet normal 0.707107 0 0.707107
    outer loop
      vertex 7.2 46.8333 8.79999
      vertex 6.2 43.8333 9.79999
      vertex 7.2 43.8333 8.79999
    endloop
  endfacet
  facet normal -0 0 1
    outer loop
      vertex 5.2 46.8333 9.79999
      vertex 6.2 43.8333 9.79999
      vertex 6.2 46.8333 9.79999
    endloop
  endfacet
  facet normal 0 0 1
    outer loop
      vertex 6.2 43.8333 9.79999
      vertex 5.2 46.8333 9.79999
      vertex 5.2 43.8333 9.79999
    endloop
  endfacet
  facet normal -0.707107 0 0.707107
    outer loop
      vertex 4.2 43.8333 8.79999
      vertex 5.2 46.8333 9.79999
      vertex 4.2 46.8333 8.79999
    endloop
  endfacet
  facet normal -0.707107 0 0.707107
    outer loop
      vertex 5.2 46.8333 9.79999
      vertex 4.2 43.8333 8.79999
      vertex 5.2 43.8333 9.79999
    endloop
  endfacet
  facet normal -0.707107 0 -0.707107
    outer loop
      vertex 5.2 43.8333 7.79999
      vertex 4.2 46.8333 8.79999
      vertex 5.2 46.8333 7.79999
    endloop
  endfacet
  facet normal -0.707107 -0 -0.707107
    outer loop
      vertex 4.2 46.8333 8.79999
      vertex 5.2 43.8333 7.79999
      vertex 4.2 43.8333 8.79999
    endloop
  endfacet
  facet normal -1 0 0
    outer loop
      vertex 5.2 43.8333 7.59999
      vertex 5.2 46.8333 7.79999
      vertex 5.2 46.8333 7.59999
    endloop
  endfacet
  facet normal -1 -0 0
    outer loop
      vertex 5.2 46.8333 7.79999
      vertex 5.2 43.8333 7.59999
      vertex 5.2 43.8333 7.79999
    endloop
  endfacet
  facet normal 0 0 -1
    outer loop
      vertex 6.39999 43.8333 7.59999
      vertex 7.2 46.8333 7.59999
      vertex 7.2 43.8333 7.59999
    endloop
  endfacet
  facet normal -0 0 -1
    outer loop
      vertex 7.2 46.8333 7.59999
      vertex 6.39999 43.8333 7.59999
      vertex 6.39999 46.8333 7.59999
    endloop
  endfacet
  facet normal 1 -0 0
    outer loop
      vertex 7.2 43.8333 8.79999
      vertex 7.2 46.8333 7.59999
      vertex 7.2 46.8333 8.79999
    endloop
  endfacet
  facet normal 1 0 0
    outer loop
      vertex 7.2 46.8333 7.59999
      vertex 7.2 43.8333 8.79999
      vertex 7.2 43.8333 7.59999
    endloop
  endfacet
  facet normal 0 1 -0
    outer loop
      vertex -5.2 86.1667 6.8
      vertex -6.39999 86.1667 7.59999
      vertex -5.2 86.1667 7.59999
    endloop
  endfacet
  facet normal 0 1 0
    outer loop
      vertex -5.2 86.1667 6.8
      vertex -7.2 86.1667 6.79999
      vertex -6.39999 86.1667 7.59999
    endloop
  endfacet
  facet normal 0 1 0
    outer loop
      vertex -5.15551 86.1667 6.12126
      vertex -7.2 86.1667 6.79999
      vertex -5.2 86.1667 6.8
    endloop
  endfacet
  facet normal 0 1 0
    outer loop
      vertex -7.2 86.1667 4.8
      vertex -5.15551 86.1667 6.12126
      vertex -5.02281 86.1667 5.45414
    endloop
  endfacet
  facet normal 0 1 0
    outer loop
      vertex -7.2 86.1667 4.8
      vertex -5.02281 86.1667 5.45414
      vertex -4.80417 86.1667 4.81005
    endloop
  endfacet
  facet normal 0 1 0
    outer loop
      vertex -7.2 86.1667 4.8
      vertex -4.80417 86.1667 4.81005
      vertex -4.79922 86.1667 4.8
    endloop
  endfacet
  facet normal 0 1 0
    outer loop
      vertex -5.15551 86.1667 6.12126
      vertex -7.2 86.1667 4.8
      vertex -7.2 86.1667 6.79999
    endloop
  endfacet
  facet normal 0 1 0
    outer loop
      vertex -5.2 86.1667 7.79999
      vertex -5.2 86.1667 9.79999
      vertex -4.2 86.1667 8.79999
    endloop
  endfacet
  facet normal 0 1 0
    outer loop
      vertex -5.2 86.1667 9.79999
      vertex -5.2 86.1667 7.79999
      vertex -6.2 86.1667 9.79999
    endloop
  endfacet
  facet normal 0 1 0
    outer loop
      vertex -6.39999 86.1667 7.59999
      vertex -6.2 86.1667 9.79999
      vertex -5.2 86.1667 7.79999
    endloop
  endfacet
  facet normal 0 1 0
    outer loop
      vertex -6.39999 86.1667 7.59999
      vertex -5.2 86.1667 7.79999
      vertex -5.2 86.1667 7.59999
    endloop
  endfacet
  facet normal 0 1 0
    outer loop
      vertex -6.2 86.1667 9.79999
      vertex -6.39999 86.1667 7.59999
      vertex -7.2 86.1667 8.79999
    endloop
  endfacet
  facet normal 0 1 0
    outer loop
      vertex -7.2 86.1667 8.79999
      vertex -6.39999 86.1667 7.59999
      vertex -7.2 86.1667 7.59999
    endloop
  endfacet
  facet normal 0 1 0
    outer loop
      vertex 6.39999 86.1667 7.59999
      vertex 5.2 86.1667 6.8
      vertex 5.2 86.1667 7.59999
    endloop
  endfacet
  facet normal 0 1 0
    outer loop
      vertex 7.2 86.1667 6.79999
      vertex 5.2 86.1667 6.8
      vertex 6.39999 86.1667 7.59999
    endloop
  endfacet
  facet normal 0 1 0
    outer loop
      vertex 7.2 86.1667 6.79999
      vertex 5.15551 86.1667 6.12126
      vertex 5.2 86.1667 6.8
    endloop
  endfacet
  facet normal 0 1 -0
    outer loop
      vertex 7.2 86.1667 4.8
      vertex 5.15551 86.1667 6.12126
      vertex 7.2 86.1667 6.79999
    endloop
  endfacet
  facet normal 0 1 0
    outer loop
      vertex 5.15551 86.1667 6.12126
      vertex 7.2 86.1667 4.8
      vertex 5.02281 86.1667 5.45414
    endloop
  endfacet
  facet normal 0 1 0
    outer loop
      vertex 5.02281 86.1667 5.45414
      vertex 7.2 86.1667 4.8
      vertex 4.80417 86.1667 4.81005
    endloop
  endfacet
  facet normal 0 1 0
    outer loop
      vertex 4.80417 86.1667 4.81005
      vertex 7.2 86.1667 4.8
      vertex 4.79922 86.1667 4.8
    endloop
  endfacet
  facet normal 0 1 -0
    outer loop
      vertex 6.39999 86.1667 7.59999
      vertex 6.2 86.1667 9.79999
      vertex 7.2 86.1667 8.79999
    endloop
  endfacet
  facet normal 0 1 0
    outer loop
      vertex 6.2 86.1667 9.79999
      vertex 5.2 86.1667 7.79999
      vertex 5.2 86.1667 9.79999
    endloop
  endfacet
  facet normal 0 1 0
    outer loop
      vertex 5.2 86.1667 9.79999
      vertex 5.2 86.1667 7.79999
      vertex 4.2 86.1667 8.79999
    endloop
  endfacet
  facet normal 0 1 0
    outer loop
      vertex 6.39999 86.1667 7.59999
      vertex 7.2 86.1667 8.79999
      vertex 7.2 86.1667 7.59999
    endloop
  endfacet
  facet normal 0 1 0
    outer loop
      vertex 6.2 86.1667 9.79999
      vertex 6.39999 86.1667 7.59999
      vertex 5.2 86.1667 7.79999
    endloop
  endfacet
  facet normal 0 1 0
    outer loop
      vertex 5.2 86.1667 7.59999
      vertex 5.2 86.1667 7.79999
      vertex 6.39999 86.1667 7.59999
    endloop
  endfacet
  facet normal 0 -1 0
    outer loop
      vertex -6.39999 83.1667 7.59999
      vertex -5.2 83.1667 6.8
      vertex -5.2 83.1667 7.59999
    endloop
  endfacet
  facet normal 0 -1 0
    outer loop
      vertex -7.2 83.1667 6.79999
      vertex -5.2 83.1667 6.8
      vertex -6.39999 83.1667 7.59999
    endloop
  endfacet
  facet normal 0 -1 0
    outer loop
      vertex -7.2 83.1667 6.79999
      vertex -5.15551 83.1667 6.12126
      vertex -5.2 83.1667 6.8
    endloop
  endfacet
  facet normal 0 -1 0
    outer loop
      vertex -7.2 83.1667 4.8
      vertex -5.15551 83.1667 6.12126
      vertex -7.2 83.1667 6.79999
    endloop
  endfacet
  facet normal 0 -1 -0
    outer loop
      vertex -5.15551 83.1667 6.12126
      vertex -7.2 83.1667 4.8
      vertex -5.02281 83.1667 5.45414
    endloop
  endfacet
  facet normal 0 -1 -0
    outer loop
      vertex -5.02281 83.1667 5.45414
      vertex -7.2 83.1667 4.8
      vertex -4.80417 83.1667 4.81005
    endloop
  endfacet
  facet normal 0 -1 -0
    outer loop
      vertex -4.80417 83.1667 4.81005
      vertex -7.2 83.1667 4.8
      vertex -4.79922 83.1667 4.8
    endloop
  endfacet
  facet normal 0 -1 0
    outer loop
      vertex -6.39999 83.1667 7.59999
      vertex -6.2 83.1667 9.79999
      vertex -7.2 83.1667 8.79999
    endloop
  endfacet
  facet normal 0 -1 0
    outer loop
      vertex -6.2 83.1667 9.79999
      vertex -5.2 83.1667 7.79999
      vertex -5.2 83.1667 9.79999
    endloop
  endfacet
  facet normal 0 -1 0
    outer loop
      vertex -5.2 83.1667 9.79999
      vertex -5.2 83.1667 7.79999
      vertex -4.2 83.1667 8.79999
    endloop
  endfacet
  facet normal 0 -1 0
    outer loop
      vertex -6.39999 83.1667 7.59999
      vertex -7.2 83.1667 8.79999
      vertex -7.2 83.1667 7.59999
    endloop
  endfacet
  facet normal 0 -1 -0
    outer loop
      vertex -6.2 83.1667 9.79999
      vertex -6.39999 83.1667 7.59999
      vertex -5.2 83.1667 7.79999
    endloop
  endfacet
  facet normal 0 -1 0
    outer loop
      vertex -5.2 83.1667 7.59999
      vertex -5.2 83.1667 7.79999
      vertex -6.39999 83.1667 7.59999
    endloop
  endfacet
  facet normal 0 -1 0
    outer loop
      vertex 5.2 83.1667 6.8
      vertex 6.39999 83.1667 7.59999
      vertex 5.2 83.1667 7.59999
    endloop
  endfacet
  facet normal 0 -1 0
    outer loop
      vertex 5.2 83.1667 6.8
      vertex 7.2 83.1667 6.79999
      vertex 6.39999 83.1667 7.59999
    endloop
  endfacet
  facet normal 0 -1 0
    outer loop
      vertex 5.15551 83.1667 6.12126
      vertex 7.2 83.1667 6.79999
      vertex 5.2 83.1667 6.8
    endloop
  endfacet
  facet normal 0 -1 0
    outer loop
      vertex 7.2 83.1667 4.8
      vertex 5.15551 83.1667 6.12126
      vertex 5.02281 83.1667 5.45414
    endloop
  endfacet
  facet normal 0 -1 0
    outer loop
      vertex 7.2 83.1667 4.8
      vertex 5.02281 83.1667 5.45414
      vertex 4.80417 83.1667 4.81005
    endloop
  endfacet
  facet normal 0 -1 0
    outer loop
      vertex 7.2 83.1667 4.8
      vertex 4.80417 83.1667 4.81005
      vertex 4.79922 83.1667 4.8
    endloop
  endfacet
  facet normal 0 -1 0
    outer loop
      vertex 5.15551 83.1667 6.12126
      vertex 7.2 83.1667 4.8
      vertex 7.2 83.1667 6.79999
    endloop
  endfacet
  facet normal 0 -1 0
    outer loop
      vertex 5.2 83.1667 7.79999
      vertex 5.2 83.1667 9.79999
      vertex 4.2 83.1667 8.79999
    endloop
  endfacet
  facet normal 0 -1 0
    outer loop
      vertex 5.2 83.1667 9.79999
      vertex 5.2 83.1667 7.79999
      vertex 6.2 83.1667 9.79999
    endloop
  endfacet
  facet normal 0 -1 0
    outer loop
      vertex 6.39999 83.1667 7.59999
      vertex 6.2 83.1667 9.79999
      vertex 5.2 83.1667 7.79999
    endloop
  endfacet
  facet normal 0 -1 0
    outer loop
      vertex 6.39999 83.1667 7.59999
      vertex 5.2 83.1667 7.79999
      vertex 5.2 83.1667 7.59999
    endloop
  endfacet
  facet normal 0 -1 0
    outer loop
      vertex 6.2 83.1667 9.79999
      vertex 6.39999 83.1667 7.59999
      vertex 7.2 83.1667 8.79999
    endloop
  endfacet
  facet normal 0 -1 -0
    outer loop
      vertex 7.2 83.1667 8.79999
      vertex 6.39999 83.1667 7.59999
      vertex 7.2 83.1667 7.59999
    endloop
  endfacet
  facet normal -0.707107 0 0.707107
    outer loop
      vertex -7.2 83.1667 8.79999
      vertex -6.2 86.1667 9.79999
      vertex -7.2 86.1667 8.79999
    endloop
  endfacet
  facet normal -0.707107 0 0.707107
    outer loop
      vertex -6.2 86.1667 9.79999
      vertex -7.2 83.1667 8.79999
      vertex -6.2 83.1667 9.79999
    endloop
  endfacet
  facet normal -0 0 1
    outer loop
      vertex -6.2 86.1667 9.79999
      vertex -5.2 83.1667 9.79999
      vertex -5.2 86.1667 9.79999
    endloop
  endfacet
  facet normal 0 0 1
    outer loop
      vertex -5.2 83.1667 9.79999
      vertex -6.2 86.1667 9.79999
      vertex -6.2 83.1667 9.79999
    endloop
  endfacet
  facet normal 0.707107 -0 0.707107
    outer loop
      vertex -5.2 83.1667 9.79999
      vertex -4.2 86.1667 8.79999
      vertex -5.2 86.1667 9.79999
    endloop
  endfacet
  facet normal 0.707107 0 0.707107
    outer loop
      vertex -4.2 86.1667 8.79999
      vertex -5.2 83.1667 9.79999
      vertex -4.2 83.1667 8.79999
    endloop
  endfacet
  facet normal 0.707107 0 -0.707107
    outer loop
      vertex -4.2 83.1667 8.79999
      vertex -5.2 86.1667 7.79999
      vertex -4.2 86.1667 8.79999
    endloop
  endfacet
  facet normal 0.707107 0 -0.707107
    outer loop
      vertex -5.2 86.1667 7.79999
      vertex -4.2 83.1667 8.79999
      vertex -5.2 83.1667 7.79999
    endloop
  endfacet
  facet normal 1 -0 0
    outer loop
      vertex -5.2 83.1667 7.79999
      vertex -5.2 86.1667 7.59999
      vertex -5.2 86.1667 7.79999
    endloop
  endfacet
  facet normal 1 0 0
    outer loop
      vertex -5.2 86.1667 7.59999
      vertex -5.2 83.1667 7.79999
      vertex -5.2 83.1667 7.59999
    endloop
  endfacet
  facet normal 0 0 -1
    outer loop
      vertex -7.2 83.1667 7.59999
      vertex -6.39999 86.1667 7.59999
      vertex -6.39999 83.1667 7.59999
    endloop
  endfacet
  facet normal -0 0 -1
    outer loop
      vertex -6.39999 86.1667 7.59999
      vertex -7.2 83.1667 7.59999
      vertex -7.2 86.1667 7.59999
    endloop
  endfacet
  facet normal -1 0 0
    outer loop
      vertex -7.2 83.1667 7.59999
      vertex -7.2 86.1667 8.79999
      vertex -7.2 86.1667 7.59999
    endloop
  endfacet
  facet normal -1 -0 0
    outer loop
      vertex -7.2 86.1667 8.79999
      vertex -7.2 83.1667 7.59999
      vertex -7.2 83.1667 8.79999
    endloop
  endfacet
  facet normal 0.707107 -0 0.707107
    outer loop
      vertex 6.2 83.1667 9.79999
      vertex 7.2 86.1667 8.79999
      vertex 6.2 86.1667 9.79999
    endloop
  endfacet
  facet normal 0.707107 0 0.707107
    outer loop
      vertex 7.2 86.1667 8.79999
      vertex 6.2 83.1667 9.79999
      vertex 7.2 83.1667 8.79999
    endloop
  endfacet
  facet normal -0 0 1
    outer loop
      vertex 5.2 86.1667 9.79999
      vertex 6.2 83.1667 9.79999
      vertex 6.2 86.1667 9.79999
    endloop
  endfacet
  facet normal 0 0 1
    outer loop
      vertex 6.2 83.1667 9.79999
      vertex 5.2 86.1667 9.79999
      vertex 5.2 83.1667 9.79999
    endloop
  endfacet
  facet normal -0.707107 0 0.707107
    outer loop
      vertex 4.2 83.1667 8.79999
      vertex 5.2 86.1667 9.79999
      vertex 4.2 86.1667 8.79999
    endloop
  endfacet
  facet normal -0.707107 0 0.707107
    outer loop
      vertex 5.2 86.1667 9.79999
      vertex 4.2 83.1667 8.79999
      vertex 5.2 83.1667 9.79999
    endloop
  endfacet
  facet normal -0.707107 0 -0.707107
    outer loop
      vertex 5.2 83.1667 7.79999
      vertex 4.2 86.1667 8.79999
      vertex 5.2 86.1667 7.79999
    endloop
  endfacet
  facet normal -0.707107 -0 -0.707107
    outer loop
      vertex 4.2 86.1667 8.79999
      vertex 5.2 83.1667 7.79999
      vertex 4.2 83.1667 8.79999
    endloop
  endfacet
  facet normal -1 0 0
    outer loop
      vertex 5.2 83.1667 7.59999
      vertex 5.2 86.1667 7.79999
      vertex 5.2 86.1667 7.59999
    endloop
  endfacet
  facet normal -1 -0 0
    outer loop
      vertex 5.2 86.1667 7.79999
      vertex 5.2 83.1667 7.59999
      vertex 5.2 83.1667 7.79999
    endloop
  endfacet
  facet normal 0 0 -1
    outer loop
      vertex 6.39999 83.1667 7.59999
      vertex 7.2 86.1667 7.59999
      vertex 7.2 83.1667 7.59999
    endloop
  endfacet
  facet normal -0 0 -1
    outer loop
      vertex 7.2 86.1667 7.59999
      vertex 6.39999 83.1667 7.59999
      vertex 6.39999 86.1667 7.59999
    endloop
  endfacet
  facet normal 1 -0 0
    outer loop
      vertex 7.2 83.1667 8.79999
      vertex 7.2 86.1667 7.59999
      vertex 7.2 86.1667 8.79999
    endloop
  endfacet
  facet normal 1 0 0
    outer loop
      vertex 7.2 86.1667 7.59999
      vertex 7.2 83.1667 8.79999
      vertex 7.2 83.1667 7.59999
    endloop
  endfacet
  facet normal -0 0 1
    outer loop
      vertex -7.2 43.8333 4.8
      vertex -4.79922 42.2333 4.8
      vertex -4.79922 43.8333 4.8
    endloop
  endfacet
  facet normal 0 0 1
    outer loop
      vertex -4.79922 42.2333 4.8
      vertex -7.2 43.8333 4.8
      vertex -7.2 42.2333 4.8
    endloop
  endfacet
  facet normal -0 0 1
    outer loop
      vertex 4.79922 43.8333 4.8
      vertex 7.2 42.2333 4.8
      vertex 7.2 43.8333 4.8
    endloop
  endfacet
  facet normal 0 0 1
    outer loop
      vertex 7.2 42.2333 4.8
      vertex 4.79922 43.8333 4.8
      vertex 4.79922 42.2333 4.8
    endloop
  endfacet
  facet normal 0 1 -0
    outer loop
      vertex -5.2 42.2333 6.8
      vertex -6.2 42.2333 7.79999
      vertex -5.2 42.2333 7.79999
    endloop
  endfacet
  facet normal 0 1 0
    outer loop
      vertex -5.2 42.2333 6.8
      vertex -7.2 42.2333 6.79999
      vertex -6.2 42.2333 7.79999
    endloop
  endfacet
  facet normal 0 1 0
    outer loop
      vertex -5.15551 42.2333 6.12126
      vertex -7.2 42.2333 6.79999
      vertex -5.2 42.2333 6.8
    endloop
  endfacet
  facet normal 0 1 0
    outer loop
      vertex -7.2 42.2333 4.8
      vertex -5.15551 42.2333 6.12126
      vertex -5.02281 42.2333 5.45414
    endloop
  endfacet
  facet normal 0 1 0
    outer loop
      vertex -7.2 42.2333 4.8
      vertex -5.02281 42.2333 5.45414
      vertex -4.80417 42.2333 4.81005
    endloop
  endfacet
  facet normal 0 1 0
    outer loop
      vertex -7.2 42.2333 4.8
      vertex -4.80417 42.2333 4.81005
      vertex -4.79922 42.2333 4.8
    endloop
  endfacet
  facet normal 0 1 0
    outer loop
      vertex -5.15551 42.2333 6.12126
      vertex -7.2 42.2333 4.8
      vertex -7.2 42.2333 6.79999
    endloop
  endfacet
  facet normal 0 1 0
    outer loop
      vertex 6.2 42.2333 7.79999
      vertex 5.2 42.2333 6.8
      vertex 5.2 42.2333 7.79999
    endloop
  endfacet
  facet normal 0 1 0
    outer loop
      vertex 7.2 42.2333 6.79999
      vertex 5.2 42.2333 6.8
      vertex 6.2 42.2333 7.79999
    endloop
  endfacet
  facet normal 0 1 0
    outer loop
      vertex 7.2 42.2333 6.79999
      vertex 5.15551 42.2333 6.12126
      vertex 5.2 42.2333 6.8
    endloop
  endfacet
  facet normal 0 1 -0
    outer loop
      vertex 7.2 42.2333 4.8
      vertex 5.15551 42.2333 6.12126
      vertex 7.2 42.2333 6.79999
    endloop
  endfacet
  facet normal 0 1 0
    outer loop
      vertex 5.15551 42.2333 6.12126
      vertex 7.2 42.2333 4.8
      vertex 5.02281 42.2333 5.45414
    endloop
  endfacet
  facet normal 0 1 0
    outer loop
      vertex 5.02281 42.2333 5.45414
      vertex 7.2 42.2333 4.8
      vertex 4.80417 42.2333 4.81005
    endloop
  endfacet
  facet normal 0 1 0
    outer loop
      vertex 4.80417 42.2333 4.81005
      vertex 7.2 42.2333 4.8
      vertex 4.79922 42.2333 4.8
    endloop
  endfacet
  facet normal -0 0 1
    outer loop
      vertex -7.2 48.4333 4.8
      vertex -4.79922 46.8333 4.8
      vertex -4.79922 48.4333 4.8
    endloop
  endfacet
  facet normal 0 0 1
    outer loop
      vertex -4.79922 46.8333 4.8
      vertex -7.2 48.4333 4.8
      vertex -7.2 46.8333 4.8
    endloop
  endfacet
  facet normal -0 0 1
    outer loop
      vertex 4.79922 48.4333 4.8
      vertex 7.2 46.8333 4.8
      vertex 7.2 48.4333 4.8
    endloop
  endfacet
  facet normal 0 0 1
    outer loop
      vertex 7.2 46.8333 4.8
      vertex 4.79922 48.4333 4.8
      vertex 4.79922 46.8333 4.8
    endloop
  endfacet
  facet normal 0 -1 0
    outer loop
      vertex -6.2 48.4333 7.79999
      vertex -5.2 48.4333 6.8
      vertex -5.2 48.4333 7.79999
    endloop
  endfacet
  facet normal 0 -1 0
    outer loop
      vertex -7.2 48.4333 6.79999
      vertex -5.2 48.4333 6.8
      vertex -6.2 48.4333 7.79999
    endloop
  endfacet
  facet normal 0 -1 0
    outer loop
      vertex -7.2 48.4333 6.79999
      vertex -5.15551 48.4333 6.12126
      vertex -5.2 48.4333 6.8
    endloop
  endfacet
  facet normal 0 -1 0
    outer loop
      vertex -7.2 48.4333 4.8
      vertex -5.15551 48.4333 6.12126
      vertex -7.2 48.4333 6.79999
    endloop
  endfacet
  facet normal 0 -1 -0
    outer loop
      vertex -5.15551 48.4333 6.12126
      vertex -7.2 48.4333 4.8
      vertex -5.02281 48.4333 5.45414
    endloop
  endfacet
  facet normal 0 -1 -0
    outer loop
      vertex -5.02281 48.4333 5.45414
      vertex -7.2 48.4333 4.8
      vertex -4.80417 48.4333 4.81005
    endloop
  endfacet
  facet normal 0 -1 -0
    outer loop
      vertex -4.80417 48.4333 4.81005
      vertex -7.2 48.4333 4.8
      vertex -4.79922 48.4333 4.8
    endloop
  endfacet
  facet normal 0 -1 0
    outer loop
      vertex 5.2 48.4333 6.8
      vertex 6.2 48.4333 7.79999
      vertex 5.2 48.4333 7.79999
    endloop
  endfacet
  facet normal 0 -1 0
    outer loop
      vertex 5.2 48.4333 6.8
      vertex 7.2 48.4333 6.79999
      vertex 6.2 48.4333 7.79999
    endloop
  endfacet
  facet normal 0 -1 0
    outer loop
      vertex 5.15551 48.4333 6.12126
      vertex 7.2 48.4333 6.79999
      vertex 5.2 48.4333 6.8
    endloop
  endfacet
  facet normal 0 -1 0
    outer loop
      vertex 7.2 48.4333 4.8
      vertex 5.15551 48.4333 6.12126
      vertex 5.02281 48.4333 5.45414
    endloop
  endfacet
  facet normal 0 -1 0
    outer loop
      vertex 7.2 48.4333 4.8
      vertex 5.02281 48.4333 5.45414
      vertex 4.80417 48.4333 4.81005
    endloop
  endfacet
  facet normal 0 -1 0
    outer loop
      vertex 7.2 48.4333 4.8
      vertex 4.80417 48.4333 4.81005
      vertex 4.79922 48.4333 4.8
    endloop
  endfacet
  facet normal 0 -1 0
    outer loop
      vertex 5.15551 48.4333 6.12126
      vertex 7.2 48.4333 4.8
      vertex 7.2 48.4333 6.79999
    endloop
  endfacet
  facet normal -0 0 1
    outer loop
      vertex -7.2 83.1667 4.8
      vertex -4.79922 81.5667 4.8
      vertex -4.79922 83.1667 4.8
    endloop
  endfacet
  facet normal 0 0 1
    outer loop
      vertex -4.79922 81.5667 4.8
      vertex -7.2 83.1667 4.8
      vertex -7.2 81.5667 4.8
    endloop
  endfacet
  facet normal -0 0 1
    outer loop
      vertex 4.79922 83.1667 4.8
      vertex 7.2 81.5667 4.8
      vertex 7.2 83.1667 4.8
    endloop
  endfacet
  facet normal 0 0 1
    outer loop
      vertex 7.2 81.5667 4.8
      vertex 4.79922 83.1667 4.8
      vertex 4.79922 81.5667 4.8
    endloop
  endfacet
  facet normal 0 1 -0
    outer loop
      vertex -5.2 81.5667 6.8
      vertex -6.2 81.5667 7.79999
      vertex -5.2 81.5667 7.79999
    endloop
  endfacet
  facet normal 0 1 0
    outer loop
      vertex -5.2 81.5667 6.8
      vertex -7.2 81.5667 6.79999
      vertex -6.2 81.5667 7.79999
    endloop
  endfacet
  facet normal 0 1 0
    outer loop
      vertex -5.15551 81.5667 6.12126
      vertex -7.2 81.5667 6.79999
      vertex -5.2 81.5667 6.8
    endloop
  endfacet
  facet normal 0 1 0
    outer loop
      vertex -7.2 81.5667 4.8
      vertex -5.15551 81.5667 6.12126
      vertex -5.02281 81.5667 5.45414
    endloop
  endfacet
  facet normal 0 1 0
    outer loop
      vertex -7.2 81.5667 4.8
      vertex -5.02281 81.5667 5.45414
      vertex -4.80417 81.5667 4.81005
    endloop
  endfacet
  facet normal 0 1 0
    outer loop
      vertex -7.2 81.5667 4.8
      vertex -4.80417 81.5667 4.81005
      vertex -4.79922 81.5667 4.8
    endloop
  endfacet
  facet normal 0 1 0
    outer loop
      vertex -5.15551 81.5667 6.12126
      vertex -7.2 81.5667 4.8
      vertex -7.2 81.5667 6.79999
    endloop
  endfacet
  facet normal 0 1 0
    outer loop
      vertex 6.2 81.5667 7.79999
      vertex 5.2 81.5667 6.8
      vertex 5.2 81.5667 7.79999
    endloop
  endfacet
  facet normal 0 1 0
    outer loop
      vertex 7.2 81.5667 6.79999
      vertex 5.2 81.5667 6.8
      vertex 6.2 81.5667 7.79999
    endloop
  endfacet
  facet normal 0 1 0
    outer loop
      vertex 7.2 81.5667 6.79999
      vertex 5.15551 81.5667 6.12126
      vertex 5.2 81.5667 6.8
    endloop
  endfacet
  facet normal 0 1 -0
    outer loop
      vertex 7.2 81.5667 4.8
      vertex 5.15551 81.5667 6.12126
      vertex 7.2 81.5667 6.79999
    endloop
  endfacet
  facet normal 0 1 0
    outer loop
      vertex 5.15551 81.5667 6.12126
      vertex 7.2 81.5667 4.8
      vertex 5.02281 81.5667 5.45414
    endloop
  endfacet
  facet normal 0 1 0
    outer loop
      vertex 5.02281 81.5667 5.45414
      vertex 7.2 81.5667 4.8
      vertex 4.80417 81.5667 4.81005
    endloop
  endfacet
  facet normal 0 1 0
    outer loop
      vertex 4.80417 81.5667 4.81005
      vertex 7.2 81.5667 4.8
      vertex 4.79922 81.5667 4.8
    endloop
  endfacet
  facet normal -0 0 1
    outer loop
      vertex -7.2 87.7667 4.8
      vertex -4.79922 86.1667 4.8
      vertex -4.79922 87.7667 4.8
    endloop
  endfacet
  facet normal 0 0 1
    outer loop
      vertex -4.79922 86.1667 4.8
      vertex -7.2 87.7667 4.8
      vertex -7.2 86.1667 4.8
    endloop
  endfacet
  facet normal -0 0 1
    outer loop
      vertex 4.79922 87.7667 4.8
      vertex 7.2 86.1667 4.8
      vertex 7.2 87.7667 4.8
    endloop
  endfacet
  facet normal 0 0 1
    outer loop
      vertex 7.2 86.1667 4.8
      vertex 4.79922 87.7667 4.8
      vertex 4.79922 86.1667 4.8
    endloop
  endfacet
  facet normal 0 -1 0
    outer loop
      vertex -6.2 87.7667 7.79999
      vertex -5.2 87.7667 6.8
      vertex -5.2 87.7667 7.79999
    endloop
  endfacet
  facet normal 0 -1 0
    outer loop
      vertex -7.2 87.7667 6.79999
      vertex -5.2 87.7667 6.8
      vertex -6.2 87.7667 7.79999
    endloop
  endfacet
  facet normal 0 -1 0
    outer loop
      vertex -7.2 87.7667 6.79999
      vertex -5.15551 87.7667 6.12126
      vertex -5.2 87.7667 6.8
    endloop
  endfacet
  facet normal 0 -1 0
    outer loop
      vertex -7.2 87.7667 4.8
      vertex -5.15551 87.7667 6.12126
      vertex -7.2 87.7667 6.79999
    endloop
  endfacet
  facet normal 0 -1 -0
    outer loop
      vertex -5.15551 87.7667 6.12126
      vertex -7.2 87.7667 4.8
      vertex -5.02281 87.7667 5.45414
    endloop
  endfacet
  facet normal 0 -1 -0
    outer loop
      vertex -5.02281 87.7667 5.45414
      vertex -7.2 87.7667 4.8
      vertex -4.80417 87.7667 4.81005
    endloop
  endfacet
  facet normal 0 -1 -0
    outer loop
      vertex -4.80417 87.7667 4.81005
      vertex -7.2 87.7667 4.8
      vertex -4.79922 87.7667 4.8
    endloop
  endfacet
  facet normal 0 -1 0
    outer loop
      vertex 5.2 87.7667 6.8
      vertex 6.2 87.7667 7.79999
      vertex 5.2 87.7667 7.79999
    endloop
  endfacet
  facet normal 0 -1 0
    outer loop
      vertex 5.2 87.7667 6.8
      vertex 7.2 87.7667 6.79999
      vertex 6.2 87.7667 7.79999
    endloop
  endfacet
  facet normal 0 -1 0
    outer loop
      vertex 5.15551 87.7667 6.12126
      vertex 7.2 87.7667 6.79999
      vertex 5.2 87.7667 6.8
    endloop
  endfacet
  facet normal 0 -1 0
    outer loop
      vertex 7.2 87.7667 4.8
      vertex 5.15551 87.7667 6.12126
      vertex 5.02281 87.7667 5.45414
    endloop
  endfacet
  facet normal 0 -1 0
    outer loop
      vertex 7.2 87.7667 4.8
      vertex 5.02281 87.7667 5.45414
      vertex 4.80417 87.7667 4.81005
    endloop
  endfacet
  facet normal 0 -1 0
    outer loop
      vertex 7.2 87.7667 4.8
      vertex 4.80417 87.7667 4.81005
      vertex 4.79922 87.7667 4.8
    endloop
  endfacet
  facet normal 0 -1 0
    outer loop
      vertex 5.15551 87.7667 6.12126
      vertex 7.2 87.7667 4.8
      vertex 7.2 87.7667 6.79999
    endloop
  endfacet
  facet normal 0.831457 0.555589 0
    outer loop
      vertex -0.733851 2.4369 6.23688
      vertex -0.801073 2.5375 0
      vertex -0.801073 2.5375 6.33749
    endloop
  endfacet
  facet normal 0.831457 0.555589 0
    outer loop
      vertex -0.801073 2.5375 0
      vertex -0.733851 2.4369 6.23688
      vertex -0.733851 2.4369 0
    endloop
  endfacet
  facet normal -0.980785 -0.195091 -0
    outer loop
      vertex 0.917086 3.12074 6.92072
      vertex 0.893481 3.23941 0
      vertex 0.917086 3.12074 0
    endloop
  endfacet
  facet normal -0.980785 -0.195091 0
    outer loop
      vertex 0.893481 3.23941 0
      vertex 0.917086 3.12074 6.92072
      vertex 0.893481 3.23941 7.0394
    endloop
  endfacet
  facet normal -0.997859 -0.0653972 -0
    outer loop
      vertex 0.924999 3 6.79999
      vertex 0.917086 3.12074 0
      vertex 0.924999 3 0
    endloop
  endfacet
  facet normal -0.997859 -0.0653972 0
    outer loop
      vertex 0.917086 3.12074 0
      vertex 0.924999 3 6.79999
      vertex 0.917086 3.12074 6.92072
    endloop
  endfacet
  facet normal -0.442321 0.896857 0
    outer loop
      vertex 0.4625 2.19893 0
      vertex 0.353982 2.14541 5.9454
      vertex 0.4625 2.19893 5.99891
    endloop
  endfacet
  facet normal -0.442321 0.896857 0
    outer loop
      vertex 0.353982 2.14541 5.9454
      vertex 0.4625 2.19893 0
      vertex 0.353982 2.14541 0
    endloop
  endfacet
  facet normal 0.555562 0.831475 0
    outer loop
      vertex -0.563104 2.26615 0
      vertex -0.4625 2.19893 5.99891
      vertex -0.4625 2.19893 0
    endloop
  endfacet
  facet normal 0.555562 0.831475 0
    outer loop
      vertex -0.4625 2.19893 5.99891
      vertex -0.563104 2.26615 0
      vertex -0.563104 2.26615 6.06614
    endloop
  endfacet
  facet normal -0.659353 -0.751834 0
    outer loop
      vertex 0.563104 3.73385 0
      vertex 0.654074 3.65407 7.45406
      vertex 0.563104 3.73385 7.53384
    endloop
  endfacet
  facet normal -0.659353 -0.751834 -0
    outer loop
      vertex 0.654074 3.65407 7.45406
      vertex 0.563104 3.73385 0
      vertex 0.654074 3.65407 0
    endloop
  endfacet
  facet normal -0.896873 0.442288 0
    outer loop
      vertex 0.801073 2.5375 6.33749
      vertex 0.854589 2.64602 0
      vertex 0.801073 2.5375 0
    endloop
  endfacet
  facet normal -0.896873 0.442288 0
    outer loop
      vertex 0.854589 2.64602 0
      vertex 0.801073 2.5375 6.33749
      vertex 0.854589 2.64602 6.446
    endloop
  endfacet
  facet normal 0.946928 0.321445 0
    outer loop
      vertex -0.854589 2.64602 6.446
      vertex -0.893481 2.76059 0
      vertex -0.893481 2.76059 6.56058
    endloop
  endfacet
  facet normal 0.946928 0.321445 0
    outer loop
      vertex -0.893481 2.76059 0
      vertex -0.854589 2.64602 6.446
      vertex -0.854589 2.64602 0
    endloop
  endfacet
  facet normal 0.555562 -0.831475 0
    outer loop
      vertex -0.4625 3.80107 0
      vertex -0.563104 3.73385 7.53384
      vertex -0.563104 3.73385 0
    endloop
  endfacet
  facet normal 0.555562 -0.831475 0
    outer loop
      vertex -0.563104 3.73385 7.53384
      vertex -0.4625 3.80107 0
      vertex -0.4625 3.80107 7.60106
    endloop
  endfacet
  facet normal -0.946928 0.321445 0
    outer loop
      vertex 0.854589 2.64602 6.446
      vertex 0.893481 2.76059 0
      vertex 0.854589 2.64602 0
    endloop
  endfacet
  facet normal -0.946928 0.321445 0
    outer loop
      vertex 0.893481 2.76059 0
      vertex 0.854589 2.64602 6.446
      vertex 0.893481 2.76059 6.56058
    endloop
  endfacet
  facet normal -0.32142 -0.946937 0
    outer loop
      vertex 0.239408 3.89348 0
      vertex 0.353982 3.85459 7.65458
      vertex 0.239408 3.89348 7.69347
    endloop
  endfacet
  facet normal -0.32142 -0.946937 -0
    outer loop
      vertex 0.353982 3.85459 7.65458
      vertex 0.239408 3.89348 0
      vertex 0.353982 3.85459 0
    endloop
  endfacet
  facet normal -0.0653747 -0.997861 0
    outer loop
      vertex 0 3.925 0
      vertex 0.120736 3.91709 7.71707
      vertex 0 3.925 7.72499
    endloop
  endfacet
  facet normal -0.0653747 -0.997861 -0
    outer loop
      vertex 0.120736 3.91709 7.71707
      vertex 0 3.925 0
      vertex 0.120736 3.91709 0
    endloop
  endfacet
  facet normal 0.659353 -0.751834 0
    outer loop
      vertex -0.563104 3.73385 0
      vertex -0.654074 3.65407 7.45406
      vertex -0.654074 3.65407 0
    endloop
  endfacet
  facet normal 0.659353 -0.751834 0
    outer loop
      vertex -0.654074 3.65407 7.45406
      vertex -0.563104 3.73385 0
      vertex -0.563104 3.73385 7.53384
    endloop
  endfacet
  facet normal -0.751846 0.659339 0
    outer loop
      vertex 0.654074 2.34593 6.14591
      vertex 0.733851 2.4369 0
      vertex 0.654074 2.34593 0
    endloop
  endfacet
  facet normal -0.751846 0.659339 0
    outer loop
      vertex 0.733851 2.4369 0
      vertex 0.654074 2.34593 6.14591
      vertex 0.733851 2.4369 6.23688
    endloop
  endfacet
  facet normal -0.195127 0.980778 0
    outer loop
      vertex 0.239408 2.10652 0
      vertex 0.120736 2.08291 5.8829
      vertex 0.239408 2.10652 5.90651
    endloop
  endfacet
  facet normal -0.195127 0.980778 0
    outer loop
      vertex 0.120736 2.08291 5.8829
      vertex 0.239408 2.10652 0
      vertex 0.120736 2.08291 0
    endloop
  endfacet
  facet normal -0.831457 -0.555589 -0
    outer loop
      vertex 0.801073 3.4625 7.26249
      vertex 0.733851 3.5631 0
      vertex 0.801073 3.4625 0
    endloop
  endfacet
  facet normal -0.831457 -0.555589 0
    outer loop
      vertex 0.733851 3.5631 0
      vertex 0.801073 3.4625 7.26249
      vertex 0.733851 3.5631 7.36309
    endloop
  endfacet
  facet normal 0.751846 -0.659339 0
    outer loop
      vertex -0.733851 3.5631 7.36309
      vertex -0.654074 3.65407 0
      vertex -0.654074 3.65407 7.45406
    endloop
  endfacet
  facet normal 0.751846 -0.659339 0
    outer loop
      vertex -0.654074 3.65407 0
      vertex -0.733851 3.5631 7.36309
      vertex -0.733851 3.5631 0
    endloop
  endfacet
  facet normal 0.32142 0.946937 0
    outer loop
      vertex -0.353982 2.14541 0
      vertex -0.239408 2.10652 5.90651
      vertex -0.239408 2.10652 0
    endloop
  endfacet
  facet normal 0.32142 0.946937 0
    outer loop
      vertex -0.239408 2.10652 5.90651
      vertex -0.353982 2.14541 0
      vertex -0.353982 2.14541 5.9454
    endloop
  endfacet
  facet normal -0.195127 -0.980778 0
    outer loop
      vertex 0.120736 3.91709 0
      vertex 0.239408 3.89348 7.69347
      vertex 0.120736 3.91709 7.71707
    endloop
  endfacet
  facet normal -0.195127 -0.980778 -0
    outer loop
      vertex 0.239408 3.89348 7.69347
      vertex 0.120736 3.91709 0
      vertex 0.239408 3.89348 0
    endloop
  endfacet
  facet normal -0.32142 0.946937 0
    outer loop
      vertex 0.353982 2.14541 0
      vertex 0.239408 2.10652 5.90651
      vertex 0.353982 2.14541 5.9454
    endloop
  endfacet
  facet normal -0.32142 0.946937 0
    outer loop
      vertex 0.239408 2.10652 5.90651
      vertex 0.353982 2.14541 0
      vertex 0.239408 2.10652 0
    endloop
  endfacet
  facet normal -0.442321 -0.896857 0
    outer loop
      vertex 0.353982 3.85459 0
      vertex 0.4625 3.80107 7.60106
      vertex 0.353982 3.85459 7.65458
    endloop
  endfacet
  facet normal -0.442321 -0.896857 -0
    outer loop
      vertex 0.4625 3.80107 7.60106
      vertex 0.353982 3.85459 0
      vertex 0.4625 3.80107 0
    endloop
  endfacet
  facet normal -0.555562 -0.831475 0
    outer loop
      vertex 0.4625 3.80107 0
      vertex 0.563104 3.73385 7.53384
      vertex 0.4625 3.80107 7.60106
    endloop
  endfacet
  facet normal -0.555562 -0.831475 -0
    outer loop
      vertex 0.563104 3.73385 7.53384
      vertex 0.4625 3.80107 0
      vertex 0.563104 3.73385 0
    endloop
  endfacet
  facet normal -0.555562 0.831475 0
    outer loop
      vertex 0.563104 2.26615 0
      vertex 0.4625 2.19893 5.99891
      vertex 0.563104 2.26615 6.06614
    endloop
  endfacet
  facet normal -0.555562 0.831475 0
    outer loop
      vertex 0.4625 2.19893 5.99891
      vertex 0.563104 2.26615 0
      vertex 0.4625 2.19893 0
    endloop
  endfacet
  facet normal 0.896873 -0.442288 0
    outer loop
      vertex -0.854589 3.35398 7.15397
      vertex -0.801073 3.4625 0
      vertex -0.801073 3.4625 7.26249
    endloop
  endfacet
  facet normal 0.896873 -0.442288 0
    outer loop
      vertex -0.801073 3.4625 0
      vertex -0.854589 3.35398 7.15397
      vertex -0.854589 3.35398 0
    endloop
  endfacet
  facet normal 0.997859 -0.0653972 0
    outer loop
      vertex -0.924999 3 6.79999
      vertex -0.917086 3.12074 0
      vertex -0.917086 3.12074 6.92072
    endloop
  endfacet
  facet normal 0.997859 -0.0653972 0
    outer loop
      vertex -0.917086 3.12074 0
      vertex -0.924999 3 6.79999
      vertex -0.924999 3 0
    endloop
  endfacet
  facet normal -0.659353 0.751834 0
    outer loop
      vertex 0.654074 2.34593 0
      vertex 0.563104 2.26615 6.06614
      vertex 0.654074 2.34593 6.14591
    endloop
  endfacet
  facet normal -0.659353 0.751834 0
    outer loop
      vertex 0.563104 2.26615 6.06614
      vertex 0.654074 2.34593 0
      vertex 0.563104 2.26615 0
    endloop
  endfacet
  facet normal 0.195127 -0.980778 0
    outer loop
      vertex -0.120736 3.91709 0
      vertex -0.239408 3.89348 7.69347
      vertex -0.239408 3.89348 0
    endloop
  endfacet
  facet normal 0.195127 -0.980778 0
    outer loop
      vertex -0.239408 3.89348 7.69347
      vertex -0.120736 3.91709 0
      vertex -0.120736 3.91709 7.71707
    endloop
  endfacet
  facet normal -0.980785 0.195091 0
    outer loop
      vertex 0.893481 2.76059 6.56058
      vertex 0.917086 2.87926 0
      vertex 0.893481 2.76059 0
    endloop
  endfacet
  facet normal -0.980785 0.195091 0
    outer loop
      vertex 0.917086 2.87926 0
      vertex 0.893481 2.76059 6.56058
      vertex 0.917086 2.87926 6.67925
    endloop
  endfacet
  facet normal -0.997859 0.0653972 0
    outer loop
      vertex 0.917086 2.87926 6.67925
      vertex 0.924999 3 0
      vertex 0.917086 2.87926 0
    endloop
  endfacet
  facet normal -0.997859 0.0653972 0
    outer loop
      vertex 0.924999 3 0
      vertex 0.917086 2.87926 6.67925
      vertex 0.924999 3 6.79999
    endloop
  endfacet
  facet normal 0.896873 0.442288 0
    outer loop
      vertex -0.801073 2.5375 6.33749
      vertex -0.854589 2.64602 0
      vertex -0.854589 2.64602 6.446
    endloop
  endfacet
  facet normal 0.896873 0.442288 0
    outer loop
      vertex -0.854589 2.64602 0
      vertex -0.801073 2.5375 6.33749
      vertex -0.801073 2.5375 0
    endloop
  endfacet
  facet normal 0.980785 -0.195091 0
    outer loop
      vertex -0.917086 3.12074 6.92072
      vertex -0.893481 3.23941 0
      vertex -0.893481 3.23941 7.0394
    endloop
  endfacet
  facet normal 0.980785 -0.195091 0
    outer loop
      vertex -0.893481 3.23941 0
      vertex -0.917086 3.12074 6.92072
      vertex -0.917086 3.12074 0
    endloop
  endfacet
  facet normal -0.896873 -0.442288 -0
    outer loop
      vertex 0.854589 3.35398 7.15397
      vertex 0.801073 3.4625 0
      vertex 0.854589 3.35398 0
    endloop
  endfacet
  facet normal -0.896873 -0.442288 0
    outer loop
      vertex 0.801073 3.4625 0
      vertex 0.854589 3.35398 7.15397
      vertex 0.801073 3.4625 7.26249
    endloop
  endfacet
  facet normal -0.0653747 0.997861 0
    outer loop
      vertex 0.120736 2.08291 0
      vertex 0 2.075 5.87499
      vertex 0.120736 2.08291 5.8829
    endloop
  endfacet
  facet normal -0.0653747 0.997861 0
    outer loop
      vertex 0 2.075 5.87499
      vertex 0.120736 2.08291 0
      vertex 0 2.075 0
    endloop
  endfacet
  facet normal -0.831457 0.555589 0
    outer loop
      vertex 0.733851 2.4369 6.23688
      vertex 0.801073 2.5375 0
      vertex 0.733851 2.4369 0
    endloop
  endfacet
  facet normal -0.831457 0.555589 0
    outer loop
      vertex 0.801073 2.5375 0
      vertex 0.733851 2.4369 6.23688
      vertex 0.801073 2.5375 6.33749
    endloop
  endfacet
  facet normal 0.442321 -0.896857 0
    outer loop
      vertex -0.353982 3.85459 0
      vertex -0.4625 3.80107 7.60106
      vertex -0.4625 3.80107 0
    endloop
  endfacet
  facet normal 0.442321 -0.896857 0
    outer loop
      vertex -0.4625 3.80107 7.60106
      vertex -0.353982 3.85459 0
      vertex -0.353982 3.85459 7.65458
    endloop
  endfacet
  facet normal 0.0653747 -0.997861 0
    outer loop
      vertex 0 3.925 0
      vertex -0.120736 3.91709 7.71707
      vertex -0.120736 3.91709 0
    endloop
  endfacet
  facet normal 0.0653747 -0.997861 0
    outer loop
      vertex -0.120736 3.91709 7.71707
      vertex 0 3.925 0
      vertex 0 3.925 7.72499
    endloop
  endfacet
  facet normal -0.751846 -0.659339 -0
    outer loop
      vertex 0.733851 3.5631 7.36309
      vertex 0.654074 3.65407 0
      vertex 0.733851 3.5631 0
    endloop
  endfacet
  facet normal -0.751846 -0.659339 0
    outer loop
      vertex 0.654074 3.65407 0
      vertex 0.733851 3.5631 7.36309
      vertex 0.654074 3.65407 7.45406
    endloop
  endfacet
  facet normal -0.946928 -0.321445 -0
    outer loop
      vertex 0.893481 3.23941 7.0394
      vertex 0.854589 3.35398 0
      vertex 0.893481 3.23941 0
    endloop
  endfacet
  facet normal -0.946928 -0.321445 0
    outer loop
      vertex 0.854589 3.35398 0
      vertex 0.893481 3.23941 7.0394
      vertex 0.854589 3.35398 7.15397
    endloop
  endfacet
  facet normal 0.32142 -0.946937 0
    outer loop
      vertex -0.239408 3.89348 0
      vertex -0.353982 3.85459 7.65458
      vertex -0.353982 3.85459 0
    endloop
  endfacet
  facet normal 0.32142 -0.946937 0
    outer loop
      vertex -0.353982 3.85459 7.65458
      vertex -0.239408 3.89348 0
      vertex -0.239408 3.89348 7.69347
    endloop
  endfacet
  facet normal 0.997859 0.0653972 0
    outer loop
      vertex -0.917086 2.87926 6.67925
      vertex -0.924999 3 0
      vertex -0.924999 3 6.79999
    endloop
  endfacet
  facet normal 0.997859 0.0653972 0
    outer loop
      vertex -0.924999 3 0
      vertex -0.917086 2.87926 6.67925
      vertex -0.917086 2.87926 0
    endloop
  endfacet
  facet normal 0.980785 0.195091 0
    outer loop
      vertex -0.893481 2.76059 6.56058
      vertex -0.917086 2.87926 0
      vertex -0.917086 2.87926 6.67925
    endloop
  endfacet
  facet normal 0.980785 0.195091 0
    outer loop
      vertex -0.917086 2.87926 0
      vertex -0.893481 2.76059 6.56058
      vertex -0.893481 2.76059 0
    endloop
  endfacet
  facet normal 0.831457 -0.555589 0
    outer loop
      vertex -0.801073 3.4625 7.26249
      vertex -0.733851 3.5631 0
      vertex -0.733851 3.5631 7.36309
    endloop
  endfacet
  facet normal 0.831457 -0.555589 0
    outer loop
      vertex -0.733851 3.5631 0
      vertex -0.801073 3.4625 7.26249
      vertex -0.801073 3.4625 0
    endloop
  endfacet
  facet normal 0.442321 0.896857 0
    outer loop
      vertex -0.4625 2.19893 0
      vertex -0.353982 2.14541 5.9454
      vertex -0.353982 2.14541 0
    endloop
  endfacet
  facet normal 0.442321 0.896857 0
    outer loop
      vertex -0.353982 2.14541 5.9454
      vertex -0.4625 2.19893 0
      vertex -0.4625 2.19893 5.99891
    endloop
  endfacet
  facet normal 0.195127 0.980778 0
    outer loop
      vertex -0.239408 2.10652 0
      vertex -0.120736 2.08291 5.8829
      vertex -0.120736 2.08291 0
    endloop
  endfacet
  facet normal 0.195127 0.980778 0
    outer loop
      vertex -0.120736 2.08291 5.8829
      vertex -0.239408 2.10652 0
      vertex -0.239408 2.10652 5.90651
    endloop
  endfacet
  facet normal 0.946928 -0.321445 0
    outer loop
      vertex -0.893481 3.23941 7.0394
      vertex -0.854589 3.35398 0
      vertex -0.854589 3.35398 7.15397
    endloop
  endfacet
  facet normal 0.946928 -0.321445 0
    outer loop
      vertex -0.854589 3.35398 0
      vertex -0.893481 3.23941 7.0394
      vertex -0.893481 3.23941 0
    endloop
  endfacet
  facet normal 0.751846 0.659339 0
    outer loop
      vertex -0.654074 2.34593 6.14591
      vertex -0.733851 2.4369 0
      vertex -0.733851 2.4369 6.23688
    endloop
  endfacet
  facet normal 0.751846 0.659339 0
    outer loop
      vertex -0.733851 2.4369 0
      vertex -0.654074 2.34593 6.14591
      vertex -0.654074 2.34593 0
    endloop
  endfacet
  facet normal 0.0653747 0.997861 0
    outer loop
      vertex -0.120736 2.08291 0
      vertex 0 2.075 5.87499
      vertex 0 2.075 0
    endloop
  endfacet
  facet normal 0.0653747 0.997861 0
    outer loop
      vertex 0 2.075 5.87499
      vertex -0.120736 2.08291 0
      vertex -0.120736 2.08291 5.8829
    endloop
  endfacet
  facet normal 0.659353 0.751834 0
    outer loop
      vertex -0.654074 2.34593 0
      vertex -0.563104 2.26615 6.06614
      vertex -0.563104 2.26615 0
    endloop
  endfacet
  facet normal 0.659353 0.751834 0
    outer loop
      vertex -0.563104 2.26615 6.06614
      vertex -0.654074 2.34593 0
      vertex -0.654074 2.34593 6.14591
    endloop
  endfacet
  facet normal 0.829917 0.557887 0
    outer loop
      vertex -0.733851 126.437 6.8
      vertex -0.801073 126.537 0
      vertex -0.801073 126.537 6.8
    endloop
  endfacet
  facet normal 0.829917 0.557887 0
    outer loop
      vertex -0.801073 126.537 0
      vertex -0.733851 126.437 6.8
      vertex -0.733851 126.437 0
    endloop
  endfacet
  facet normal -0.980573 -0.196156 0
    outer loop
      vertex 0.917086 127.121 0
      vertex 0.893481 127.239 6.56058
      vertex 0.893481 127.239 0
    endloop
  endfacet
  facet normal -0.980573 -0.196156 0
    outer loop
      vertex 0.893481 127.239 6.56058
      vertex 0.917086 127.121 0
      vertex 0.917086 127.121 6.67925
    endloop
  endfacet
  facet normal -0.997868 -0.0652573 0
    outer loop
      vertex 0.924999 127 0
      vertex 0.917086 127.121 6.67925
      vertex 0.917086 127.121 0
    endloop
  endfacet
  facet normal -0.997868 -0.0652573 0
    outer loop
      vertex 0.917086 127.121 6.67925
      vertex 0.924999 127 0
      vertex 0.924999 127 6.79999
    endloop
  endfacet
  facet normal -0.445503 0.89528 0
    outer loop
      vertex 0.4625 126.199 0
      vertex 0.353982 126.145 6.8
      vertex 0.4625 126.199 6.8
    endloop
  endfacet
  facet normal -0.445503 0.89528 0
    outer loop
      vertex 0.353982 126.145 6.8
      vertex 0.4625 126.199 0
      vertex 0.353982 126.145 0
    endloop
  endfacet
  facet normal 0.554303 0.832315 -0
    outer loop
      vertex -0.4625 126.199 0
      vertex -0.563104 126.266 6.8
      vertex -0.4625 126.199 6.8
    endloop
  endfacet
  facet normal 0.554303 0.832315 0
    outer loop
      vertex -0.563104 126.266 6.8
      vertex -0.4625 126.199 0
      vertex -0.563104 126.266 0
    endloop
  endfacet
  facet normal -0.660379 -0.750933 0
    outer loop
      vertex 0.654074 127.654 0
      vertex 0.563104 127.734 6.06614
      vertex 0.563104 127.734 0
    endloop
  endfacet
  facet normal -0.660379 -0.750933 0
    outer loop
      vertex 0.563104 127.734 6.06614
      vertex 0.654074 127.654 0
      vertex 0.654074 127.654 6.14591
    endloop
  endfacet
  facet normal -0.897645 0.440719 0
    outer loop
      vertex 0.801073 126.537 0
      vertex 0.854589 126.646 6.8
      vertex 0.854589 126.646 0
    endloop
  endfacet
  facet normal -0.897645 0.440719 0
    outer loop
      vertex 0.854589 126.646 6.8
      vertex 0.801073 126.537 0
      vertex 0.801073 126.537 6.8
    endloop
  endfacet
  facet normal 0.947294 0.320366 0
    outer loop
      vertex -0.854589 126.646 6.8
      vertex -0.893481 126.761 0
      vertex -0.893481 126.761 6.8
    endloop
  endfacet
  facet normal 0.947294 0.320366 0
    outer loop
      vertex -0.893481 126.761 0
      vertex -0.854589 126.646 6.8
      vertex -0.854589 126.646 0
    endloop
  endfacet
  facet normal 0.0661153 -0.997812 0
    outer loop
      vertex -0.120736 127.917 0
      vertex 0 127.925 5.87499
      vertex -0.120736 127.917 5.8829
    endloop
  endfacet
  facet normal 0.0661153 -0.997812 0
    outer loop
      vertex 0 127.925 5.87499
      vertex -0.120736 127.917 0
      vertex 0 127.925 0
    endloop
  endfacet
  facet normal 0.554303 -0.832315 0
    outer loop
      vertex -0.563104 127.734 0
      vertex -0.4625 127.801 5.99891
      vertex -0.563104 127.734 6.06614
    endloop
  endfacet
  facet normal 0.554303 -0.832315 0
    outer loop
      vertex -0.4625 127.801 5.99891
      vertex -0.563104 127.734 0
      vertex -0.4625 127.801 0
    endloop
  endfacet
  facet normal -0.947294 0.320366 0
    outer loop
      vertex 0.854589 126.646 0
      vertex 0.893481 126.761 6.8
      vertex 0.893481 126.761 0
    endloop
  endfacet
  facet normal -0.947294 0.320366 0
    outer loop
      vertex 0.893481 126.761 6.8
      vertex 0.854589 126.646 0
      vertex 0.854589 126.646 6.8
    endloop
  endfacet
  facet normal -0.314801 -0.949158 0
    outer loop
      vertex 0.353982 127.855 0
      vertex 0.239408 127.893 5.90651
      vertex 0.239408 127.893 0
    endloop
  endfacet
  facet normal -0.314801 -0.949158 0
    outer loop
      vertex 0.239408 127.893 5.90651
      vertex 0.353982 127.855 0
      vertex 0.353982 127.855 5.9454
    endloop
  endfacet
  facet normal -0.0661153 -0.997812 0
    outer loop
      vertex 0.120736 127.917 0
      vertex 0 127.925 5.87499
      vertex 0 127.925 0
    endloop
  endfacet
  facet normal -0.0661153 -0.997812 0
    outer loop
      vertex 0 127.925 5.87499
      vertex 0.120736 127.917 0
      vertex 0.120736 127.917 5.8829
    endloop
  endfacet
  facet normal 0.660379 -0.750933 0
    outer loop
      vertex -0.654074 127.654 0
      vertex -0.563104 127.734 6.06614
      vertex -0.654074 127.654 6.14591
    endloop
  endfacet
  facet normal 0.660379 -0.750933 0
    outer loop
      vertex -0.563104 127.734 6.06614
      vertex -0.654074 127.654 0
      vertex -0.563104 127.734 0
    endloop
  endfacet
  facet normal -0.751954 0.659216 0
    outer loop
      vertex 0.654074 126.346 0
      vertex 0.733851 126.437 6.8
      vertex 0.733851 126.437 0
    endloop
  endfacet
  facet normal -0.751954 0.659216 0
    outer loop
      vertex 0.733851 126.437 6.8
      vertex 0.654074 126.346 0
      vertex 0.654074 126.346 6.8
    endloop
  endfacet
  facet normal -0.198225 0.980157 0
    outer loop
      vertex 0.239408 126.107 0
      vertex 0.120736 126.083 6.8
      vertex 0.239408 126.107 6.8
    endloop
  endfacet
  facet normal -0.198225 0.980157 0
    outer loop
      vertex 0.120736 126.083 6.8
      vertex 0.239408 126.107 0
      vertex 0.120736 126.083 0
    endloop
  endfacet
  facet normal -0.829917 -0.557887 0
    outer loop
      vertex 0.801073 127.463 0
      vertex 0.733851 127.563 6.23688
      vertex 0.733851 127.563 0
    endloop
  endfacet
  facet normal -0.829917 -0.557887 0
    outer loop
      vertex 0.733851 127.563 6.23688
      vertex 0.801073 127.463 0
      vertex 0.801073 127.463 6.33749
    endloop
  endfacet
  facet normal 0.751954 -0.659216 0
    outer loop
      vertex -0.733851 127.563 0
      vertex -0.654074 127.654 6.14591
      vertex -0.733851 127.563 6.23688
    endloop
  endfacet
  facet normal 0.751954 -0.659216 0
    outer loop
      vertex -0.654074 127.654 6.14591
      vertex -0.733851 127.563 0
      vertex -0.654074 127.654 0
    endloop
  endfacet
  facet normal 0.314801 0.949158 -0
    outer loop
      vertex -0.239408 126.107 0
      vertex -0.353982 126.145 6.8
      vertex -0.239408 126.107 6.8
    endloop
  endfacet
  facet normal 0.314801 0.949158 0
    outer loop
      vertex -0.353982 126.145 6.8
      vertex -0.239408 126.107 0
      vertex -0.353982 126.145 0
    endloop
  endfacet
  facet normal -0.198225 -0.980157 0
    outer loop
      vertex 0.239408 127.893 0
      vertex 0.120736 127.917 5.8829
      vertex 0.120736 127.917 0
    endloop
  endfacet
  facet normal -0.198225 -0.980157 0
    outer loop
      vertex 0.120736 127.917 5.8829
      vertex 0.239408 127.893 0
      vertex 0.239408 127.893 5.90651
    endloop
  endfacet
  facet normal -0.314801 0.949158 0
    outer loop
      vertex 0.353982 126.145 0
      vertex 0.239408 126.107 6.8
      vertex 0.353982 126.145 6.8
    endloop
  endfacet
  facet normal -0.314801 0.949158 0
    outer loop
      vertex 0.239408 126.107 6.8
      vertex 0.353982 126.145 0
      vertex 0.239408 126.107 0
    endloop
  endfacet
  facet normal -0.445503 -0.89528 0
    outer loop
      vertex 0.4625 127.801 0
      vertex 0.353982 127.855 5.9454
      vertex 0.353982 127.855 0
    endloop
  endfacet
  facet normal -0.445503 -0.89528 0
    outer loop
      vertex 0.353982 127.855 5.9454
      vertex 0.4625 127.801 0
      vertex 0.4625 127.801 5.99891
    endloop
  endfacet
  facet normal -0.554303 -0.832315 0
    outer loop
      vertex 0.563104 127.734 0
      vertex 0.4625 127.801 5.99891
      vertex 0.4625 127.801 0
    endloop
  endfacet
  facet normal -0.554303 -0.832315 0
    outer loop
      vertex 0.4625 127.801 5.99891
      vertex 0.563104 127.734 0
      vertex 0.563104 127.734 6.06614
    endloop
  endfacet
  facet normal -0.554303 0.832315 0
    outer loop
      vertex 0.563104 126.266 0
      vertex 0.4625 126.199 6.8
      vertex 0.563104 126.266 6.8
    endloop
  endfacet
  facet normal -0.554303 0.832315 0
    outer loop
      vertex 0.4625 126.199 6.8
      vertex 0.563104 126.266 0
      vertex 0.4625 126.199 0
    endloop
  endfacet
  facet normal 0.897645 -0.440719 0
    outer loop
      vertex -0.854589 127.354 0
      vertex -0.801073 127.463 6.33749
      vertex -0.854589 127.354 6.44601
    endloop
  endfacet
  facet normal 0.897645 -0.440719 0
    outer loop
      vertex -0.801073 127.463 6.33749
      vertex -0.854589 127.354 0
      vertex -0.801073 127.463 0
    endloop
  endfacet
  facet normal 0.997868 -0.0652573 0
    outer loop
      vertex -0.924999 127 0
      vertex -0.917086 127.121 6.67925
      vertex -0.924999 127 6.79999
    endloop
  endfacet
  facet normal 0.997868 -0.0652573 0
    outer loop
      vertex -0.917086 127.121 6.67925
      vertex -0.924999 127 0
      vertex -0.917086 127.121 0
    endloop
  endfacet
  facet normal -0.660379 0.750933 0
    outer loop
      vertex 0.654074 126.346 0
      vertex 0.563104 126.266 6.8
      vertex 0.654074 126.346 6.8
    endloop
  endfacet
  facet normal -0.660379 0.750933 0
    outer loop
      vertex 0.563104 126.266 6.8
      vertex 0.654074 126.346 0
      vertex 0.563104 126.266 0
    endloop
  endfacet
  facet normal 0.198225 -0.980157 0
    outer loop
      vertex -0.239408 127.893 0
      vertex -0.120736 127.917 5.8829
      vertex -0.239408 127.893 5.90651
    endloop
  endfacet
  facet normal 0.198225 -0.980157 0
    outer loop
      vertex -0.120736 127.917 5.8829
      vertex -0.239408 127.893 0
      vertex -0.120736 127.917 0
    endloop
  endfacet
  facet normal -0.980573 0.196156 0
    outer loop
      vertex 0.893481 126.761 0
      vertex 0.917086 126.879 6.8
      vertex 0.917086 126.879 0
    endloop
  endfacet
  facet normal -0.980573 0.196156 0
    outer loop
      vertex 0.917086 126.879 6.8
      vertex 0.893481 126.761 0
      vertex 0.893481 126.761 6.8
    endloop
  endfacet
  facet normal -0.997868 0.0652573 0
    outer loop
      vertex 0.917086 126.879 0
      vertex 0.924999 127 6.79999
      vertex 0.924999 127 0
    endloop
  endfacet
  facet normal -0.997868 0.0652573 0
    outer loop
      vertex 0.917086 126.879 6.8
      vertex 0.924999 127 6.79999
      vertex 0.917086 126.879 0
    endloop
  endfacet
  facet normal -0.992938 0.0649266 -0.0992938
    outer loop
      vertex 0.924999 127 6.79999
      vertex 0.917086 126.879 6.8
      vertex 0.924998 127 6.8
    endloop
  endfacet
  facet normal 0.897645 0.440719 0
    outer loop
      vertex -0.801073 126.537 6.8
      vertex -0.854589 126.646 0
      vertex -0.854589 126.646 6.8
    endloop
  endfacet
  facet normal 0.897645 0.440719 0
    outer loop
      vertex -0.854589 126.646 0
      vertex -0.801073 126.537 6.8
      vertex -0.801073 126.537 0
    endloop
  endfacet
  facet normal 0.980573 -0.196156 0
    outer loop
      vertex -0.917086 127.121 0
      vertex -0.893481 127.239 6.56058
      vertex -0.917086 127.121 6.67925
    endloop
  endfacet
  facet normal 0.980573 -0.196156 0
    outer loop
      vertex -0.893481 127.239 6.56058
      vertex -0.917086 127.121 0
      vertex -0.893481 127.239 0
    endloop
  endfacet
  facet normal -0.897645 -0.440719 0
    outer loop
      vertex 0.854589 127.354 0
      vertex 0.801073 127.463 6.33749
      vertex 0.801073 127.463 0
    endloop
  endfacet
  facet normal -0.897645 -0.440719 0
    outer loop
      vertex 0.801073 127.463 6.33749
      vertex 0.854589 127.354 0
      vertex 0.854589 127.354 6.44601
    endloop
  endfacet
  facet normal -0.0661153 0.997812 0
    outer loop
      vertex 0.120736 126.083 0
      vertex 0 126.075 6.8
      vertex 0.120736 126.083 6.8
    endloop
  endfacet
  facet normal -0.0661153 0.997812 0
    outer loop
      vertex 0 126.075 6.8
      vertex 0.120736 126.083 0
      vertex 0 126.075 0
    endloop
  endfacet
  facet normal -0.829917 0.557887 0
    outer loop
      vertex 0.733851 126.437 0
      vertex 0.801073 126.537 6.8
      vertex 0.801073 126.537 0
    endloop
  endfacet
  facet normal -0.829917 0.557887 0
    outer loop
      vertex 0.801073 126.537 6.8
      vertex 0.733851 126.437 0
      vertex 0.733851 126.437 6.8
    endloop
  endfacet
  facet normal 0.445503 -0.89528 0
    outer loop
      vertex -0.4625 127.801 0
      vertex -0.353982 127.855 5.9454
      vertex -0.4625 127.801 5.99891
    endloop
  endfacet
  facet normal 0.445503 -0.89528 0
    outer loop
      vertex -0.353982 127.855 5.9454
      vertex -0.4625 127.801 0
      vertex -0.353982 127.855 0
    endloop
  endfacet
  facet normal 0.198225 0.980157 -0
    outer loop
      vertex -0.120736 126.083 0
      vertex -0.239408 126.107 6.8
      vertex -0.120736 126.083 6.8
    endloop
  endfacet
  facet normal 0.198225 0.980157 0
    outer loop
      vertex -0.239408 126.107 6.8
      vertex -0.120736 126.083 0
      vertex -0.239408 126.107 0
    endloop
  endfacet
  facet normal -0.751954 -0.659216 0
    outer loop
      vertex 0.733851 127.563 0
      vertex 0.654074 127.654 6.14591
      vertex 0.654074 127.654 0
    endloop
  endfacet
  facet normal -0.751954 -0.659216 0
    outer loop
      vertex 0.654074 127.654 6.14591
      vertex 0.733851 127.563 0
      vertex 0.733851 127.563 6.23688
    endloop
  endfacet
  facet normal -0.947294 -0.320366 0
    outer loop
      vertex 0.893481 127.239 0
      vertex 0.854589 127.354 6.44601
      vertex 0.854589 127.354 0
    endloop
  endfacet
  facet normal -0.947294 -0.320366 0
    outer loop
      vertex 0.854589 127.354 6.44601
      vertex 0.893481 127.239 0
      vertex 0.893481 127.239 6.56058
    endloop
  endfacet
  facet normal 0.314801 -0.949158 0
    outer loop
      vertex -0.353982 127.855 0
      vertex -0.239408 127.893 5.90651
      vertex -0.353982 127.855 5.9454
    endloop
  endfacet
  facet normal 0.314801 -0.949158 0
    outer loop
      vertex -0.239408 127.893 5.90651
      vertex -0.353982 127.855 0
      vertex -0.239408 127.893 0
    endloop
  endfacet
  facet normal 0.992938 0.0649266 -0.0992938
    outer loop
      vertex -0.917086 126.879 6.8
      vertex -0.924999 127 6.79999
      vertex -0.924998 127 6.8
    endloop
  endfacet
  facet normal 0.997868 0.0652573 0
    outer loop
      vertex -0.924999 127 6.79999
      vertex -0.917086 126.879 6.8
      vertex -0.924999 127 0
    endloop
  endfacet
  facet normal 0.997868 0.0652573 0
    outer loop
      vertex -0.924999 127 0
      vertex -0.917086 126.879 6.8
      vertex -0.917086 126.879 0
    endloop
  endfacet
  facet normal 0.980573 0.196156 0
    outer loop
      vertex -0.893481 126.761 6.8
      vertex -0.917086 126.879 0
      vertex -0.917086 126.879 6.8
    endloop
  endfacet
  facet normal 0.980573 0.196156 0
    outer loop
      vertex -0.917086 126.879 0
      vertex -0.893481 126.761 6.8
      vertex -0.893481 126.761 0
    endloop
  endfacet
  facet normal 0.829917 -0.557887 0
    outer loop
      vertex -0.801073 127.463 0
      vertex -0.733851 127.563 6.23688
      vertex -0.801073 127.463 6.33749
    endloop
  endfacet
  facet normal 0.829917 -0.557887 0
    outer loop
      vertex -0.733851 127.563 6.23688
      vertex -0.801073 127.463 0
      vertex -0.733851 127.563 0
    endloop
  endfacet
  facet normal 0.445503 0.89528 -0
    outer loop
      vertex -0.353982 126.145 0
      vertex -0.4625 126.199 6.8
      vertex -0.353982 126.145 6.8
    endloop
  endfacet
  facet normal 0.445503 0.89528 0
    outer loop
      vertex -0.4625 126.199 6.8
      vertex -0.353982 126.145 0
      vertex -0.4625 126.199 0
    endloop
  endfacet
  facet normal 0.947294 -0.320366 0
    outer loop
      vertex -0.893481 127.239 0
      vertex -0.854589 127.354 6.44601
      vertex -0.893481 127.239 6.56058
    endloop
  endfacet
  facet normal 0.947294 -0.320366 0
    outer loop
      vertex -0.854589 127.354 6.44601
      vertex -0.893481 127.239 0
      vertex -0.854589 127.354 0
    endloop
  endfacet
  facet normal 0.751954 0.659216 0
    outer loop
      vertex -0.654074 126.346 6.8
      vertex -0.733851 126.437 0
      vertex -0.733851 126.437 6.8
    endloop
  endfacet
  facet normal 0.751954 0.659216 0
    outer loop
      vertex -0.733851 126.437 0
      vertex -0.654074 126.346 6.8
      vertex -0.654074 126.346 0
    endloop
  endfacet
  facet normal 0.0661153 0.997812 -0
    outer loop
      vertex 0 126.075 0
      vertex -0.120736 126.083 6.8
      vertex 0 126.075 6.8
    endloop
  endfacet
  facet normal 0.0661153 0.997812 0
    outer loop
      vertex -0.120736 126.083 6.8
      vertex 0 126.075 0
      vertex -0.120736 126.083 0
    endloop
  endfacet
  facet normal 0.660379 0.750933 -0
    outer loop
      vertex -0.563104 126.266 0
      vertex -0.654074 126.346 6.8
      vertex -0.563104 126.266 6.8
    endloop
  endfacet
  facet normal 0.660379 0.750933 0
    outer loop
      vertex -0.654074 126.346 6.8
      vertex -0.563104 126.266 0
      vertex -0.654074 126.346 0
    endloop
  endfacet
  facet normal 0 -0.707107 0.707107
    outer loop
      vertex -7.2 0 3.79999
      vertex -5.2 6 9.79999
      vertex -7.2 6 9.79999
    endloop
  endfacet
  facet normal -5.03024e-05 -0.70717 0.707044
    outer loop
      vertex 0 3.925 7.72499
      vertex -5.2 6 9.79999
      vertex -0.120736 3.91709 7.71707
    endloop
  endfacet
  facet normal 5.03024e-05 -0.70717 0.707044
    outer loop
      vertex 0.120736 3.91709 7.71707
      vertex 5.2 6 9.79999
      vertex 0 3.925 7.72499
    endloop
  endfacet
  facet normal 0 -0.707107 0.707107
    outer loop
      vertex -5.2 6 9.79999
      vertex 0 3.925 7.72499
      vertex 5.2 6 9.79999
    endloop
  endfacet
  facet normal 4.0578e-05 -0.707059 0.707155
    outer loop
      vertex -5.2 6 9.79999
      vertex -0.239408 3.89348 7.69347
      vertex -0.120736 3.91709 7.71707
    endloop
  endfacet
  facet normal 1.44619e-15 -0.707107 0.707107
    outer loop
      vertex -5.2 6 9.79999
      vertex -0.353982 3.85459 7.65458
      vertex -0.239408 3.89348 7.69347
    endloop
  endfacet
  facet normal 0 -0.707107 0.707107
    outer loop
      vertex -5.2 6 9.79999
      vertex -0.4625 3.80107 7.60106
      vertex -0.353982 3.85459 7.65458
    endloop
  endfacet
  facet normal -1.16373e-15 -0.707107 0.707107
    outer loop
      vertex -5.2 6 9.79999
      vertex -0.563104 3.73385 7.53384
      vertex -0.4625 3.80107 7.60106
    endloop
  endfacet
  facet normal 1.09018e-15 -0.707107 0.707107
    outer loop
      vertex -5.2 6 9.79999
      vertex -0.654074 3.65407 7.45406
      vertex -0.563104 3.73385 7.53384
    endloop
  endfacet
  facet normal -2.09104e-15 -0.707107 0.707107
    outer loop
      vertex -5.2 6 9.79999
      vertex -0.733851 3.5631 7.36309
      vertex -0.654074 3.65407 7.45406
    endloop
  endfacet
  facet normal 0 -0.707107 0.707107
    outer loop
      vertex -5.2 6 9.79999
      vertex -0.801073 3.4625 7.26249
      vertex -0.733851 3.5631 7.36309
    endloop
  endfacet
  facet normal 1.02425e-15 -0.707107 0.707107
    outer loop
      vertex -5.2 6 9.79999
      vertex -0.854589 3.35398 7.15397
      vertex -0.801073 3.4625 7.26249
    endloop
  endfacet
  facet normal -1.0454e-15 -0.707107 0.707107
    outer loop
      vertex -5.2 6 9.79999
      vertex -0.893481 3.23941 7.0394
      vertex -0.854589 3.35398 7.15397
    endloop
  endfacet
  facet normal -3.38753e-05 -0.707133 0.70708
    outer loop
      vertex -5.2 6 9.79999
      vertex -0.917086 3.12074 6.92072
      vertex -0.893481 3.23941 7.0394
    endloop
  endfacet
  facet normal 3.92924e-05 -0.707079 0.707135
    outer loop
      vertex -5.2 6 9.79999
      vertex -0.924999 3 6.79999
      vertex -0.917086 3.12074 6.92072
    endloop
  endfacet
  facet normal 0 -0.707107 0.707107
    outer loop
      vertex -0.917086 2.87926 6.67925
      vertex -5.2 6 9.79999
      vertex -7.2 0 3.79999
    endloop
  endfacet
  facet normal -2.55079e-15 -0.707107 0.707107
    outer loop
      vertex -5.2 6 9.79999
      vertex -0.917086 2.87926 6.67925
      vertex -0.924999 3 6.79999
    endloop
  endfacet
  facet normal 4.82477e-17 -0.707107 0.707107
    outer loop
      vertex -0.917086 2.87926 6.67925
      vertex -7.2 0 3.79999
      vertex -0.893481 2.76059 6.56058
    endloop
  endfacet
  facet normal 2.35203e-05 -0.707134 0.70708
    outer loop
      vertex -0.893481 2.76059 6.56058
      vertex -7.2 0 3.79999
      vertex -0.854589 2.64602 6.446
    endloop
  endfacet
  facet normal -2.16133e-05 -0.70708 0.707134
    outer loop
      vertex -0.854589 2.64602 6.446
      vertex -7.2 0 3.79999
      vertex -0.801073 2.5375 6.33749
    endloop
  endfacet
  facet normal 2.20336e-05 -0.707135 0.707079
    outer loop
      vertex -0.801073 2.5375 6.33749
      vertex -7.2 0 3.79999
      vertex -0.733851 2.4369 6.23688
    endloop
  endfacet
  facet normal 8.21911e-07 -0.707106 0.707107
    outer loop
      vertex -0.733851 2.4369 6.23688
      vertex -7.2 0 3.79999
      vertex -0.654074 2.34593 6.14591
    endloop
  endfacet
  facet normal -2.17834e-05 -0.707075 0.707139
    outer loop
      vertex -0.654074 2.34593 6.14591
      vertex -7.2 0 3.79999
      vertex -0.563104 2.26615 6.06614
    endloop
  endfacet
  facet normal 0 -0.707107 0.707107
    outer loop
      vertex -0.120736 2.08291 5.8829
      vertex -7.2 0 3.79999
      vertex 0 2.075 5.87499
    endloop
  endfacet
  facet normal -1.57502e-15 -0.707107 0.707107
    outer loop
      vertex -0.239408 2.10652 5.90651
      vertex -7.2 0 3.79999
      vertex -0.120736 2.08291 5.8829
    endloop
  endfacet
  facet normal 1.30317e-15 -0.707107 0.707107
    outer loop
      vertex -0.353982 2.14541 5.9454
      vertex -7.2 0 3.79999
      vertex -0.239408 2.10652 5.90651
    endloop
  endfacet
  facet normal -2.53185e-05 -0.707066 0.707147
    outer loop
      vertex -0.4625 2.19893 5.99891
      vertex -7.2 0 3.79999
      vertex -0.353982 2.14541 5.9454
    endloop
  endfacet
  facet normal 2.37694e-05 -0.707142 0.707072
    outer loop
      vertex -0.563104 2.26615 6.06614
      vertex -7.2 0 3.79999
      vertex -0.4625 2.19893 5.99891
    endloop
  endfacet
  facet normal -4.0578e-05 -0.707059 0.707155
    outer loop
      vertex 0.239408 3.89348 7.69347
      vertex 5.2 6 9.79999
      vertex 0.120736 3.91709 7.71707
    endloop
  endfacet
  facet normal -1.49138e-15 -0.707107 0.707107
    outer loop
      vertex 0.353982 3.85459 7.65458
      vertex 5.2 6 9.79999
      vertex 0.239408 3.89348 7.69347
    endloop
  endfacet
  facet normal 5.98146e-17 -0.707107 0.707107
    outer loop
      vertex 0.4625 3.80107 7.60106
      vertex 5.2 6 9.79999
      vertex 0.353982 3.85459 7.65458
    endloop
  endfacet
  facet normal 1.34556e-15 -0.707107 0.707107
    outer loop
      vertex 0.563104 3.73385 7.53384
      vertex 5.2 6 9.79999
      vertex 0.4625 3.80107 7.60106
    endloop
  endfacet
  facet normal -1.19239e-15 -0.707107 0.707107
    outer loop
      vertex 0.654074 3.65407 7.45406
      vertex 5.2 6 9.79999
      vertex 0.563104 3.73385 7.53384
    endloop
  endfacet
  facet normal 1.3069e-15 -0.707107 0.707107
    outer loop
      vertex 0.733851 3.5631 7.36309
      vertex 5.2 6 9.79999
      vertex 0.654074 3.65407 7.45406
    endloop
  endfacet
  facet normal 6.40219e-17 -0.707107 0.707107
    outer loop
      vertex 0.801073 3.4625 7.26249
      vertex 5.2 6 9.79999
      vertex 0.733851 3.5631 7.36309
    endloop
  endfacet
  facet normal -1.2163e-15 -0.707107 0.707107
    outer loop
      vertex 0.854589 3.35398 7.15397
      vertex 5.2 6 9.79999
      vertex 0.801073 3.4625 7.26249
    endloop
  endfacet
  facet normal 1.50276e-15 -0.707107 0.707107
    outer loop
      vertex 0.893481 3.23941 7.0394
      vertex 5.2 6 9.79999
      vertex 0.854589 3.35398 7.15397
    endloop
  endfacet
  facet normal 3.38753e-05 -0.707133 0.70708
    outer loop
      vertex 0.917086 3.12074 6.92072
      vertex 5.2 6 9.79999
      vertex 0.893481 3.23941 7.0394
    endloop
  endfacet
  facet normal -3.92924e-05 -0.707079 0.707135
    outer loop
      vertex 0.924999 3 6.79999
      vertex 5.2 6 9.79999
      vertex 0.917086 3.12074 6.92072
    endloop
  endfacet
  facet normal 2.07252e-15 -0.707107 0.707107
    outer loop
      vertex 0.917086 2.87926 6.67925
      vertex 5.2 6 9.79999
      vertex 0.924999 3 6.79999
    endloop
  endfacet
  facet normal 0 -0.707107 0.707107
    outer loop
      vertex 5.2 6 9.79999
      vertex 0.917086 2.87926 6.67925
      vertex 7.2 0 3.79999
    endloop
  endfacet
  facet normal 0 -0.707107 0.707107
    outer loop
      vertex 7.2 0 3.79999
      vertex 0.917086 2.87926 6.67925
      vertex 0.893481 2.76059 6.56058
    endloop
  endfacet
  facet normal -2.35203e-05 -0.707134 0.70708
    outer loop
      vertex 7.2 0 3.79999
      vertex 0.893481 2.76059 6.56058
      vertex 0.854589 2.64602 6.446
    endloop
  endfacet
  facet normal 2.16133e-05 -0.70708 0.707134
    outer loop
      vertex 7.2 0 3.79999
      vertex 0.854589 2.64602 6.446
      vertex 0.801073 2.5375 6.33749
    endloop
  endfacet
  facet normal -2.20336e-05 -0.707135 0.707079
    outer loop
      vertex 7.2 0 3.79999
      vertex 0.801073 2.5375 6.33749
      vertex 0.733851 2.4369 6.23688
    endloop
  endfacet
  facet normal -8.21911e-07 -0.707106 0.707107
    outer loop
      vertex 7.2 0 3.79999
      vertex 0.733851 2.4369 6.23688
      vertex 0.654074 2.34593 6.14591
    endloop
  endfacet
  facet normal 2.17834e-05 -0.707075 0.707139
    outer loop
      vertex 7.2 0 3.79999
      vertex 0.654074 2.34593 6.14591
      vertex 0.563104 2.26615 6.06614
    endloop
  endfacet
  facet normal -2.37694e-05 -0.707142 0.707072
    outer loop
      vertex 7.2 0 3.79999
      vertex 0.563104 2.26615 6.06614
      vertex 0.4625 2.19893 5.99891
    endloop
  endfacet
  facet normal 0 -0.707107 0.707107
    outer loop
      vertex 7.2 0 3.79999
      vertex 0 2.075 5.87499
      vertex -7.2 0 3.79999
    endloop
  endfacet
  facet normal 0 -0.707107 0.707107
    outer loop
      vertex 0 2.075 5.87499
      vertex 7.2 0 3.79999
      vertex 0.120736 2.08291 5.8829
    endloop
  endfacet
  facet normal 0 -0.707107 0.707107
    outer loop
      vertex 5.2 6 9.79999
      vertex 7.2 0 3.79999
      vertex 7.2 6 9.79999
    endloop
  endfacet
  facet normal 2.53185e-05 -0.707066 0.707147
    outer loop
      vertex 0.353982 2.14541 5.9454
      vertex 7.2 0 3.79999
      vertex 0.4625 2.19893 5.99891
    endloop
  endfacet
  facet normal -1.32234e-15 -0.707107 0.707107
    outer loop
      vertex 0.239408 2.10652 5.90651
      vertex 7.2 0 3.79999
      vertex 0.353982 2.14541 5.9454
    endloop
  endfacet
  facet normal 1.58686e-15 -0.707107 0.707107
    outer loop
      vertex 0.120736 2.08291 5.8829
      vertex 7.2 0 3.79999
      vertex 0.239408 2.10652 5.90651
    endloop
  endfacet
  facet normal 0 0.707107 0.707107
    outer loop
      vertex 7.2 130 3.79999
      vertex 5.2 124 9.79999
      vertex 7.2 124 9.79999
    endloop
  endfacet
  facet normal 0 0.707106 0.707108
    outer loop
      vertex 5.2 124 9.79999
      vertex 3 127 6.8
      vertex 3 124 9.79999
    endloop
  endfacet
  facet normal 0 1 0
    outer loop
      vertex 3 127 6.8
      vertex 0.924999 127 6.79999
      vertex 0.924998 127 6.8
    endloop
  endfacet
  facet normal -3.41141e-06 0.706346 0.707867
    outer loop
      vertex 3 127 6.8
      vertex 0.917086 127.121 6.67925
      vertex 0.924999 127 6.79999
    endloop
  endfacet
  facet normal 0.000320917 0.709138 0.70507
    outer loop
      vertex 3 127 6.8
      vertex 0.893481 127.239 6.56058
      vertex 0.917086 127.121 6.67925
    endloop
  endfacet
  facet normal -0.000459464 0.705703 0.708508
    outer loop
      vertex 3 127 6.8
      vertex 0.854589 127.354 6.44601
      vertex 0.893481 127.239 6.56058
    endloop
  endfacet
  facet normal -0.000556837 0.705407 0.708802
    outer loop
      vertex 3 127 6.8
      vertex 0.801073 127.463 6.33749
      vertex 0.854589 127.354 6.44601
    endloop
  endfacet
  facet normal 0.00123699 0.709666 0.704537
    outer loop
      vertex 3 127 6.8
      vertex 0.733851 127.563 6.23688
      vertex 0.801073 127.463 6.33749
    endloop
  endfacet
  facet normal -0.000121939 0.706937 0.707277
    outer loop
      vertex 3 127 6.8
      vertex 0.654074 127.654 6.14591
      vertex 0.733851 127.563 6.23688
    endloop
  endfacet
  facet normal -0.000871374 0.705591 0.708619
    outer loop
      vertex 3 127 6.8
      vertex 0.563104 127.734 6.06614
      vertex 0.654074 127.654 6.14591
    endloop
  endfacet
  facet normal 0.0014045 0.709367 0.704838
    outer loop
      vertex 3 127 6.8
      vertex 0.4625 127.801 5.99891
      vertex 0.563104 127.734 6.06614
    endloop
  endfacet
  facet normal -1.68768e-05 0.70712 0.707094
    outer loop
      vertex 7.2 130 3.79999
      vertex 0.4625 127.801 5.99891
      vertex 3 127 6.8
    endloop
  endfacet
  facet normal 0.00126307 0.705156 0.709051
    outer loop
      vertex 0.4625 127.801 5.99891
      vertex 7.2 130 3.79999
      vertex 0.353982 127.855 5.9454
    endloop
  endfacet
  facet normal 0.000429015 0.706362 0.707851
    outer loop
      vertex 0.120736 127.917 5.8829
      vertex 7.2 130 3.79999
      vertex 0 127.925 5.87499
    endloop
  endfacet
  facet normal 0.00137813 0.704745 0.709459
    outer loop
      vertex 0.239408 127.893 5.90651
      vertex 7.2 130 3.79999
      vertex 0.120736 127.917 5.8829
    endloop
  endfacet
  facet normal -0.00263047 0.711356 0.702827
    outer loop
      vertex 0.353982 127.855 5.9454
      vertex 7.2 130 3.79999
      vertex 0.239408 127.893 5.90651
    endloop
  endfacet
  facet normal 2.20971e-06 0.707106 0.707107
    outer loop
      vertex 5.2 124 9.79999
      vertex 7.2 130 3.79999
      vertex 3 127 6.8
    endloop
  endfacet
  facet normal 0 1 0
    outer loop
      vertex -0.924998 127 6.8
      vertex -0.924999 127 6.79999
      vertex -3 127 6.8
    endloop
  endfacet
  facet normal 0 0.707106 0.707108
    outer loop
      vertex -3 127 6.8
      vertex -5.2 124 9.79999
      vertex -3 124 9.79999
    endloop
  endfacet
  facet normal -2.20971e-06 0.707106 0.707107
    outer loop
      vertex -7.2 130 3.79999
      vertex -5.2 124 9.79999
      vertex -3 127 6.8
    endloop
  endfacet
  facet normal 3.41141e-06 0.706346 0.707867
    outer loop
      vertex -0.917086 127.121 6.67925
      vertex -3 127 6.8
      vertex -0.924999 127 6.79999
    endloop
  endfacet
  facet normal -0.000320917 0.709138 0.70507
    outer loop
      vertex -0.893481 127.239 6.56058
      vertex -3 127 6.8
      vertex -0.917086 127.121 6.67925
    endloop
  endfacet
  facet normal 0.000459464 0.705703 0.708508
    outer loop
      vertex -0.854589 127.354 6.44601
      vertex -3 127 6.8
      vertex -0.893481 127.239 6.56058
    endloop
  endfacet
  facet normal 0.000556837 0.705407 0.708802
    outer loop
      vertex -0.801073 127.463 6.33749
      vertex -3 127 6.8
      vertex -0.854589 127.354 6.44601
    endloop
  endfacet
  facet normal -0.00123699 0.709666 0.704537
    outer loop
      vertex -0.733851 127.563 6.23688
      vertex -3 127 6.8
      vertex -0.801073 127.463 6.33749
    endloop
  endfacet
  facet normal 0.000121939 0.706937 0.707277
    outer loop
      vertex -0.654074 127.654 6.14591
      vertex -3 127 6.8
      vertex -0.733851 127.563 6.23688
    endloop
  endfacet
  facet normal 0.000871374 0.705591 0.708619
    outer loop
      vertex -0.563104 127.734 6.06614
      vertex -3 127 6.8
      vertex -0.654074 127.654 6.14591
    endloop
  endfacet
  facet normal -0.0014045 0.709367 0.704838
    outer loop
      vertex -0.4625 127.801 5.99891
      vertex -3 127 6.8
      vertex -0.563104 127.734 6.06614
    endloop
  endfacet
  facet normal -0.00126307 0.705156 0.709051
    outer loop
      vertex -7.2 130 3.79999
      vertex -0.4625 127.801 5.99891
      vertex -0.353982 127.855 5.9454
    endloop
  endfacet
  facet normal 0.00263047 0.711356 0.702827
    outer loop
      vertex -7.2 130 3.79999
      vertex -0.353982 127.855 5.9454
      vertex -0.239408 127.893 5.90651
    endloop
  endfacet
  facet normal -0 0.707107 0.707107
    outer loop
      vertex -7.2 130 3.79999
      vertex 0 127.925 5.87499
      vertex 7.2 130 3.79999
    endloop
  endfacet
  facet normal -0.000429015 0.706362 0.707851
    outer loop
      vertex 0 127.925 5.87499
      vertex -7.2 130 3.79999
      vertex -0.120736 127.917 5.8829
    endloop
  endfacet
  facet normal 0 0.707107 0.707107
    outer loop
      vertex -5.2 124 9.79999
      vertex -7.2 130 3.79999
      vertex -7.2 124 9.79999
    endloop
  endfacet
  facet normal 1.68768e-05 0.70712 0.707094
    outer loop
      vertex -0.4625 127.801 5.99891
      vertex -7.2 130 3.79999
      vertex -3 127 6.8
    endloop
  endfacet
  facet normal -0.00137813 0.704745 0.709459
    outer loop
      vertex -0.120736 127.917 5.8829
      vertex -7.2 130 3.79999
      vertex -0.239408 127.893 5.90651
    endloop
  endfacet
  facet normal -1 0 0
    outer loop
      vertex 3 124 9.79999
      vertex 3 127 6.8
      vertex 3 124 6.8
    endloop
  endfacet
  facet normal 0 0 1
    outer loop
      vertex 0.917086 126.879 6.8
      vertex 3 127 6.8
      vertex 0.924998 127 6.8
    endloop
  endfacet
  facet normal 0 0 1
    outer loop
      vertex 0.893481 126.761 6.8
      vertex 3 127 6.8
      vertex 0.917086 126.879 6.8
    endloop
  endfacet
  facet normal 0 0 1
    outer loop
      vertex 0.854589 126.646 6.8
      vertex 3 127 6.8
      vertex 0.893481 126.761 6.8
    endloop
  endfacet
  facet normal 0 0 1
    outer loop
      vertex 0.801073 126.537 6.8
      vertex 3 127 6.8
      vertex 0.854589 126.646 6.8
    endloop
  endfacet
  facet normal 0 0 1
    outer loop
      vertex 0.733851 126.437 6.8
      vertex 3 127 6.8
      vertex 0.801073 126.537 6.8
    endloop
  endfacet
  facet normal 0 0 1
    outer loop
      vertex 3 127 6.8
      vertex 0.733851 126.437 6.8
      vertex 3 124 6.8
    endloop
  endfacet
  facet normal -0 0 1
    outer loop
      vertex 0.654074 126.346 6.8
      vertex 3 124 6.8
      vertex 0.733851 126.437 6.8
    endloop
  endfacet
  facet normal -0 0 1
    outer loop
      vertex 0.563104 126.266 6.8
      vertex 3 124 6.8
      vertex 0.654074 126.346 6.8
    endloop
  endfacet
  facet normal -0 0 1
    outer loop
      vertex 0.4625 126.199 6.8
      vertex 3 124 6.8
      vertex 0.563104 126.266 6.8
    endloop
  endfacet
  facet normal -0 0 1
    outer loop
      vertex 0.353982 126.145 6.8
      vertex 3 124 6.8
      vertex 0.4625 126.199 6.8
    endloop
  endfacet
  facet normal -0 0 1
    outer loop
      vertex 0.239408 126.107 6.8
      vertex 3 124 6.8
      vertex 0.353982 126.145 6.8
    endloop
  endfacet
  facet normal -0 0 1
    outer loop
      vertex 0.120736 126.083 6.8
      vertex 3 124 6.8
      vertex 0.239408 126.107 6.8
    endloop
  endfacet
  facet normal -0 0 1
    outer loop
      vertex 0 126.075 6.8
      vertex 3 124 6.8
      vertex 0.120736 126.083 6.8
    endloop
  endfacet
  facet normal 0 0 1
    outer loop
      vertex -3 124 6.8
      vertex 0 126.075 6.8
      vertex -0.120736 126.083 6.8
    endloop
  endfacet
  facet normal 0 0 1
    outer loop
      vertex -3 124 6.8
      vertex -0.120736 126.083 6.8
      vertex -0.239408 126.107 6.8
    endloop
  endfacet
  facet normal 0 0 1
    outer loop
      vertex -3 124 6.8
      vertex -0.239408 126.107 6.8
      vertex -0.353982 126.145 6.8
    endloop
  endfacet
  facet normal 0 0 1
    outer loop
      vertex -3 124 6.8
      vertex -0.353982 126.145 6.8
      vertex -0.4625 126.199 6.8
    endloop
  endfacet
  facet normal -0 0 1
    outer loop
      vertex -3 127 6.8
      vertex -0.917086 126.879 6.8
      vertex -0.924998 127 6.8
    endloop
  endfacet
  facet normal 0 0 1
    outer loop
      vertex -3 127 6.8
      vertex -0.893481 126.761 6.8
      vertex -0.917086 126.879 6.8
    endloop
  endfacet
  facet normal 0 0 1
    outer loop
      vertex -3 127 6.8
      vertex -0.854589 126.646 6.8
      vertex -0.893481 126.761 6.8
    endloop
  endfacet
  facet normal 0 0 1
    outer loop
      vertex -3 127 6.8
      vertex -0.801073 126.537 6.8
      vertex -0.854589 126.646 6.8
    endloop
  endfacet
  facet normal 0 0 1
    outer loop
      vertex -3 127 6.8
      vertex -0.733851 126.437 6.8
      vertex -0.801073 126.537 6.8
    endloop
  endfacet
  facet normal 0 0 1
    outer loop
      vertex -3 124 6.8
      vertex -0.733851 126.437 6.8
      vertex -3 127 6.8
    endloop
  endfacet
  facet normal 0 0 1
    outer loop
      vertex -0.733851 126.437 6.8
      vertex -3 124 6.8
      vertex -0.654074 126.346 6.8
    endloop
  endfacet
  facet normal 0 0 1
    outer loop
      vertex -0.654074 126.346 6.8
      vertex -3 124 6.8
      vertex -0.563104 126.266 6.8
    endloop
  endfacet
  facet normal 0 0 1
    outer loop
      vertex -0.563104 126.266 6.8
      vertex -3 124 6.8
      vertex -0.4625 126.199 6.8
    endloop
  endfacet
  facet normal 0 0 1
    outer loop
      vertex 0 126.075 6.8
      vertex -3 124 6.8
      vertex 3 124 6.8
    endloop
  endfacet
  facet normal 1 0 0
    outer loop
      vertex -3 127 6.8
      vertex -3 124 9.79999
      vertex -3 124 6.8
    endloop
  endfacet
endsolid OpenSCAD_Model
